"Lokasyon","Kabinet","Policy Adi","LUN / Obje","Host","Periyot","Saklama","Durum","Tip"
"Istanbul","UMR_CLS","default","vol_fb_kep_test","GENERIC_TEST","1 saat + 1 gun + 1 hafta","6 kopya + 2 kopya + 2 kopya","Aktif","NetApp"
"Istanbul","UMR_CLS","default","vol_vol_chatbot_prod","nasprdosk","1 saat + 1 gun + 1 hafta","6 kopya + 2 kopya + 2 kopya","Aktif","NetApp"
"Istanbul","UMR_CLS","default","vol_ifmprdpwc0102","CBPRDAPP","1 saat + 1 gun + 1 hafta","6 kopya + 2 kopya + 2 kopya","Aktif","NetApp"
"Istanbul","UMR_CLS","default","nfsv4test","nfsv4_test","1 saat + 1 gun + 1 hafta","6 kopya + 2 kopya + 2 kopya","Aktif","NetApp"
"Istanbul","UMR_CLS","default","OCP_DMZ_root","OCP_DMZ","1 saat + 1 gun + 1 hafta","6 kopya + 2 kopya + 2 kopya","Aktif","NetApp"
"Istanbul","UMR_CLS","default","vol_bdpprdmst","GENERIC_PROD","1 saat + 1 gun + 1 hafta","6 kopya + 2 kopya + 2 kopya","Aktif","NetApp"
"Istanbul","UMR_CLS","default","vol_sfdprdmq01","nfsv4_test","1 saat + 1 gun + 1 hafta","6 kopya + 2 kopya + 2 kopya","Aktif","NetApp"
"Istanbul","UMR_CLS","default","nasprdvideo2","botprdzmapp","1 saat + 1 gun + 1 hafta","6 kopya + 2 kopya + 2 kopya","Aktif","NetApp"
"Istanbul","UMR_CLS","default","vol_depot_sysmonitoring","DEPOT","1 saat + 1 gun + 1 hafta","6 kopya + 2 kopya + 2 kopya","Aktif","NetApp"
"Istanbul","UMR_CLS","default","vol_insights_test","GENERIC_TEST","1 saat + 1 gun + 1 hafta","6 kopya + 2 kopya + 2 kopya","Aktif","NetApp"
"Istanbul","UMR_CLS","default","vol_fraud_sasmeta_dev","GENERIC_TEST","1 saat + 1 gun + 1 hafta","6 kopya + 2 kopya + 2 kopya","Aktif","NetApp"
"Istanbul","UMR_CLS","Daily_1_snap","vol_cbottstauditlog","GENERIC_TEST","1 gun","1 kopya","Aktif","NetApp"
"Istanbul","UMR_CLS","default","vol_fbdefter_test_archive_tr","GENERIC_TEST","1 saat + 1 gun + 1 hafta","6 kopya + 2 kopya + 2 kopya","Aktif","NetApp"
"Istanbul","UMR_CLS","default","vol_solaris_sanal","GENERIC_PROD","1 saat + 1 gun + 1 hafta","6 kopya + 2 kopya + 2 kopya","Aktif","NetApp"
"Istanbul","UMR_CLS","default","vol_fleprddgwapp","FinansLeasing","1 saat + 1 gun + 1 hafta","6 kopya + 2 kopya + 2 kopya","Aktif","NetApp"
"Istanbul","UMR_CLS","default","vol_EnparaOutput_clone_260924","fsnasen01","1 saat + 1 gun + 1 hafta","6 kopya + 2 kopya + 2 kopya","Aktif","NetApp"
"Istanbul","UMR_CLS","Daily_1_snap","vol_fletstdgwapp","FinansLeasing","1 gun","1 kopya","Aktif","NetApp"
"Istanbul","UMR_CLS","default","vol_fraud_sasshare","GENERIC_TEST","1 saat + 1 gun + 1 hafta","6 kopya + 2 kopya + 2 kopya","Aktif","NetApp"
"Istanbul","UMR_CLS","default","nasprdvideo","botprdzmapp","1 saat + 1 gun + 1 hafta","6 kopya + 2 kopya + 2 kopya","Aktif","NetApp"
"Istanbul","UMR_CLS","default","vol_openshift01","GENERIC_PROD","1 saat + 1 gun + 1 hafta","6 kopya + 2 kopya + 2 kopya","Aktif","NetApp"
"Istanbul","UMR_CLS","default","vol_fbdefter_test_tr","GENERIC_TEST","1 saat + 1 gun + 1 hafta","6 kopya + 2 kopya + 2 kopya","Aktif","NetApp"
"Istanbul","UMR_CLS","monthly_7am","vol_fbdefter_prod_archive","GENERIC_PROD","1 ay","3 kopya","Aktif","NetApp"
"Istanbul","UMR_CLS","default","vol_efinans_edefter_prod","E-FINANS","1 saat + 1 gun + 1 hafta","6 kopya + 2 kopya + 2 kopya","Aktif","NetApp"
"Istanbul","UMR_CLS","default","vol_audit_fsnasuom02","fsnasuom02","1 saat + 1 gun + 1 hafta","6 kopya + 2 kopya + 2 kopya","Aktif","NetApp"
"Istanbul","UMR_CLS","default","vol_arttstapp_shared","GENERIC_TEST","1 saat + 1 gun + 1 hafta","6 kopya + 2 kopya + 2 kopya","Aktif","NetApp"
"Istanbul","UMR_CLS","default","vol_sfm_sasdepot","GENERIC_PROD","1 saat + 1 gun + 1 hafta","6 kopya + 2 kopya + 2 kopya","Aktif","NetApp"
"Istanbul","UMR_CLS","default","vol_paragon_prod","GENERIC_PROD","1 saat + 1 gun + 1 hafta","6 kopya + 2 kopya + 2 kopya","Aktif","NetApp"
"Istanbul","UMR_CLS","default","nasprdvideo3","botprdzmapp","1 saat + 1 gun + 1 hafta","6 kopya + 2 kopya + 2 kopya","Aktif","NetApp"
"Istanbul","UMR_CLS","default","vol_cbtstftm_entftm","GENERIC_TEST","1 saat + 1 gun + 1 hafta","6 kopya + 2 kopya + 2 kopya","Aktif","NetApp"
"Istanbul","UMR_CLS","default","WSXFLSPRDNAS01_root","WSXFLSPRDNAS01","1 saat + 1 gun + 1 hafta","6 kopya + 2 kopya + 2 kopya","Aktif","NetApp"
"Istanbul","UMR_CLS","default","vol_smsEkstre_test_tr","GENERIC_TEST","1 saat + 1 gun + 1 hafta","6 kopya + 2 kopya + 2 kopya","Aktif","NetApp"
"Istanbul","UMR_CLS","default","ENPARA_TEST_root","ENPARA_TEST","1 saat + 1 gun + 1 hafta","6 kopya + 2 kopya + 2 kopya","Aktif","NetApp"
"Istanbul","UMR_CLS","default","vol_AV_audit","EXT_DMZSOURCE","1 saat + 1 gun + 1 hafta","6 kopya + 2 kopya + 2 kopya","Aktif","NetApp"
"Istanbul","UMR_CLS","default","vol_hpsa","GENERIC_PROD","1 saat + 1 gun + 1 hafta","6 kopya + 2 kopya + 2 kopya","Aktif","NetApp"
"Istanbul","UMR_CLS","default","vol_ocpprdwise10_rwm","GENERIC_PROD","1 saat + 1 gun + 1 hafta","6 kopya + 2 kopya + 2 kopya","Aktif","NetApp"
"Istanbul","UMR_CLS","default","vol_prometiaALM_prod","GENERIC_PROD","1 saat + 1 gun + 1 hafta","6 kopya + 2 kopya + 2 kopya","Aktif","NetApp"
"Istanbul","UMR_CLS","Daily_1_snap","vol_metadefender_test","GENERIC_TEST","1 gun","1 kopya","Aktif","NetApp"
"Istanbul","UMR_CLS","default","SRPRDAPP01_root","SRPRDAPP01","1 saat + 1 gun + 1 hafta","6 kopya + 2 kopya + 2 kopya","Aktif","NetApp"
"Istanbul","UMR_CLS","default","vol_core_test_archive","GENERIC_TEST","1 saat + 1 gun + 1 hafta","6 kopya + 2 kopya + 2 kopya","Aktif","NetApp"
"Istanbul","UMR_CLS","SnapShot_FSPRDINFRA_vol_Fsprdinfra_audit_0","vol_Fsprdinfra_audit","FSPRDINFRA","CronJob_FSPRDINFRA_vol_Fsprdinfra_audit_0 + CronJob_FSPRDINFRA_vol_Fsprdinfra_audit_1","2 kopya + 6 kopya","Aktif","NetApp"
"Istanbul","UMR_CLS","default","vol_AV_audit_bck","EXT_DMZBACKUP","1 saat + 1 gun + 1 hafta","6 kopya + 2 kopya + 2 kopya","Aktif","NetApp"
"Istanbul","UMR_CLS","default","vol_Inetpub_Test","INFRA_Test","1 saat + 1 gun + 1 hafta","6 kopya + 2 kopya + 2 kopya","Aktif","NetApp"
"Istanbul","UMR_CLS","default","vol_cbtstgen","GENERIC_TEST","1 saat + 1 gun + 1 hafta","6 kopya + 2 kopya + 2 kopya","Aktif","NetApp"
"Istanbul","UMR_CLS","default","vol_esb","GENERIC_PROD","1 saat + 1 gun + 1 hafta","6 kopya + 2 kopya + 2 kopya","Aktif","NetApp"
"Istanbul","UMR_CLS","Fsprdcln","EnparaGuvenlik","PSTNASARC01","1 gun","4 kopya","Aktif","NetApp"
"Istanbul","UMR_CLS","default","nasprdosk","nasprdosk","1 saat + 1 gun + 1 hafta","6 kopya + 2 kopya + 2 kopya","Aktif","NetApp"
"Istanbul","UMR_CLS","default","vol_ctmtstapp","GENERIC_TEST","1 saat + 1 gun + 1 hafta","6 kopya + 2 kopya + 2 kopya","Aktif","NetApp"
"Istanbul","UMR_CLS","default","vol_hmntstapp_emergency","GENERIC_TEST","1 saat + 1 gun + 1 hafta","6 kopya + 2 kopya + 2 kopya","Aktif","NetApp"
"Istanbul","UMR_CLS","default","vol_ocptstgen10_registry","GENERIC_TEST","1 saat + 1 gun + 1 hafta","6 kopya + 2 kopya + 2 kopya","Aktif","NetApp"
"Istanbul","UMR_CLS","Daily_1_snap","vol_msprdappss","GENERIC_PROD","1 gun","1 kopya","Aktif","NetApp"
"Istanbul","UMR_CLS","default","vol_audit_fsnasuom03","fsnasuom03","1 saat + 1 gun + 1 hafta","6 kopya + 2 kopya + 2 kopya","Aktif","NetApp"
"Istanbul","UMR_CLS","default","vol_ocpprdgen01_rwm","GENERIC_PROD","1 saat + 1 gun + 1 hafta","6 kopya + 2 kopya + 2 kopya","Aktif","NetApp"
"Istanbul","UMR_CLS","default","vol_cnfprdapp1011","GENERIC_PROD","1 saat + 1 gun + 1 hafta","6 kopya + 2 kopya + 2 kopya","Aktif","NetApp"
"Istanbul","UMR_CLS","default","vol_datstflk","GENERIC_TEST","1 saat + 1 gun + 1 hafta","6 kopya + 2 kopya + 2 kopya","Aktif","NetApp"
"Istanbul","UMR_CLS","default","vol_cbpreesb","PRE-PROD","1 saat + 1 gun + 1 hafta","6 kopya + 2 kopya + 2 kopya","Aktif","NetApp"
"Istanbul","UMR_CLS","default","vol_jraprdapp","GENERIC_PROD","1 saat + 1 gun + 1 hafta","6 kopya + 2 kopya + 2 kopya","Aktif","NetApp"
"Istanbul","UMR_CLS","default","vol_ocpprddmz01_registry","OCP_DMZ","1 saat + 1 gun + 1 hafta","6 kopya + 2 kopya + 2 kopya","Aktif","NetApp"
"Istanbul","UMR_CLS","default","vol_App_Files_Dev","INFRA_Test","1 saat + 1 gun + 1 hafta","6 kopya + 2 kopya + 2 kopya","Aktif","NetApp"
"Istanbul","UMR_CLS","default","EXT_DMZSOURCE_root","EXT_DMZSOURCE","1 saat + 1 gun + 1 hafta","6 kopya + 2 kopya + 2 kopya","Aktif","NetApp"
"Istanbul","UMR_CLS","Daily_1_snap","vol_audit_fsnasuom01_2","fsnasuom01","1 gun","1 kopya","Aktif","NetApp"
"Istanbul","UMR_CLS","default","vol_sasdepot_prod","GENERIC_PROD","1 saat + 1 gun + 1 hafta","6 kopya + 2 kopya + 2 kopya","Aktif","NetApp"
"Istanbul","UMR_CLS","default","vol_tngprdapp","GENERIC_PROD","1 saat + 1 gun + 1 hafta","6 kopya + 2 kopya + 2 kopya","Aktif","NetApp"
"Istanbul","UMR_CLS","Daily_1_snap","vol_ocpprddmz10_registry","OCP_DMZ","1 gun","1 kopya","Aktif","NetApp"
"Istanbul","UMR_CLS","default","VDIPRDNAS01_root","VDIPRDNAS01","1 saat + 1 gun + 1 hafta","6 kopya + 2 kopya + 2 kopya","Aktif","NetApp"
"Istanbul","UMR_CLS","default","Telekom_test_root","Telekom_test","1 saat + 1 gun + 1 hafta","6 kopya + 2 kopya + 2 kopya","Aktif","NetApp"
"Istanbul","UMR_CLS","Daily_1_snap","vol_tngpreapp","PRE-PROD","1 gun","1 kopya","Aktif","NetApp"
"Istanbul","UMR_CLS","default","vol_sdtstptr02","GENERIC_TEST","1 saat + 1 gun + 1 hafta","6 kopya + 2 kopya + 2 kopya","Aktif","NetApp"
"Istanbul","UMR_CLS","default","vol_prdjabber","botprdzmapp","1 saat + 1 gun + 1 hafta","6 kopya + 2 kopya + 2 kopya","Aktif","NetApp"
"Istanbul","UMR_CLS","default","vol_smsEkstre_prod","GENERIC_PROD","1 saat + 1 gun + 1 hafta","6 kopya + 2 kopya + 2 kopya","Aktif","NetApp"
"Istanbul","UMR_CLS","default","vol_fraud_sasmeta","GENERIC_TEST","1 saat + 1 gun + 1 hafta","6 kopya + 2 kopya + 2 kopya","Aktif","NetApp"
"Istanbul","UMR_CLS","default","TR_coredev_emergency","CBTSTAPP_EMRG","1 saat + 1 gun + 1 hafta","6 kopya + 2 kopya + 2 kopya","Aktif","NetApp"
"Istanbul","UMR_CLS","default","cigna","FSPRDINFRA","1 saat + 1 gun + 1 hafta","6 kopya + 2 kopya + 2 kopya","Aktif","NetApp"
"Istanbul","UMR_CLS","default","vol_audit","fsnasen01","1 saat + 1 gun + 1 hafta","6 kopya + 2 kopya + 2 kopya","Aktif","NetApp"
"Istanbul","UMR_CLS","default","vol_chatbot_test","GENERIC_TEST","1 saat + 1 gun + 1 hafta","6 kopya + 2 kopya + 2 kopya","Aktif","NetApp"
"Istanbul","UMR_CLS","default","vol_enduser","EntVault","1 saat + 1 gun + 1 hafta","6 kopya + 2 kopya + 2 kopya","Aktif","NetApp"
"Istanbul","UMR_CLS","default","vol_audit_fsnasuom04","fsnasuom04","1 saat + 1 gun + 1 hafta","6 kopya + 2 kopya + 2 kopya","Aktif","NetApp"
"Istanbul","UMR_CLS","default","vol_rssprdapp0102","GENERIC_PROD","1 saat + 1 gun + 1 hafta","6 kopya + 2 kopya + 2 kopya","Aktif","NetApp"
"Istanbul","UMR_CLS","default","vol_pega_dev","GENERIC_TEST","1 saat + 1 gun + 1 hafta","6 kopya + 2 kopya + 2 kopya","Aktif","NetApp"
"Istanbul","UMR_CLS","default","vol_depot_database","DEPOT","1 saat + 1 gun + 1 hafta","6 kopya + 2 kopya + 2 kopya","Aktif","NetApp"
"Istanbul","UMR_CLS","default","INFRA_Preprod_root","INFRA_Preprod","1 saat + 1 gun + 1 hafta","6 kopya + 2 kopya + 2 kopya","Aktif","NetApp"
"Istanbul","UMR_CLS","default","vol_dgwtstapp","GENERIC_TEST","1 saat + 1 gun + 1 hafta","6 kopya + 2 kopya + 2 kopya","Aktif","NetApp"
"Istanbul","UMR_CLS","default","vol_EnparaOutput_clone_124","fsnasen01","1 saat + 1 gun + 1 hafta","6 kopya + 2 kopya + 2 kopya","Aktif","NetApp"
"Istanbul","UMR_CLS","default","vol_edefter_test_archive","GENERIC_TEST","1 saat + 1 gun + 1 hafta","6 kopya + 2 kopya + 2 kopya","Aktif","NetApp"
"Istanbul","UMR_CLS","default","testtt_root","testtt","1 saat + 1 gun + 1 hafta","6 kopya + 2 kopya + 2 kopya","Aktif","NetApp"
"Istanbul","UMR_CLS","default","vol_ocpprddmz01_rwm","OCP_DMZ","1 saat + 1 gun + 1 hafta","6 kopya + 2 kopya + 2 kopya","Aktif","NetApp"
"Istanbul","UMR_CLS","default","vol_dgwprdapp","GENERIC_PROD","1 saat + 1 gun + 1 hafta","6 kopya + 2 kopya + 2 kopya","Aktif","NetApp"
"Istanbul","UMR_CLS","default","vol_audit_fsnasuom01","fsnasuom01","1 saat + 1 gun + 1 hafta","6 kopya + 2 kopya + 2 kopya","Aktif","NetApp"
"Istanbul","UMR_CLS","default","vol_ocptstinf01_registry","GENERIC_TEST","1 saat + 1 gun + 1 hafta","6 kopya + 2 kopya + 2 kopya","Aktif","NetApp"
"Istanbul","UMR_CLS","Fsprdcln","EnparaComCozumMerkezi","PSTNASARC01","1 gun","4 kopya","Aktif","NetApp"
"Istanbul","UMR_CLS","default","HEMENAL_PROD_EMGR_root","HEMENAL_PROD_EMGR","1 saat + 1 gun + 1 hafta","6 kopya + 2 kopya + 2 kopya","Aktif","NetApp"
"Istanbul","UMR_CLS","Daily_1_snap","vol_ffprecdvapp","PRE-PROD","1 gun","1 kopya","Aktif","NetApp"
"Istanbul","UMR_CLS","default","nasprdcspa","nasprdosk","1 saat + 1 gun + 1 hafta","6 kopya + 2 kopya + 2 kopya","Aktif","NetApp"
"Istanbul","UMR_CLS","default","PREPROD_root","PRE-PROD","1 saat + 1 gun + 1 hafta","6 kopya + 2 kopya + 2 kopya","Aktif","NetApp"
"Istanbul","UMR_CLS","default","vol_FS2","fsnasuom02","1 saat + 1 gun + 1 hafta","6 kopya + 2 kopya + 2 kopya","Aktif","NetApp"
"Istanbul","UMR_CLS","default","vol_krytstweb0102","GENERIC_TEST","1 saat + 1 gun + 1 hafta","6 kopya + 2 kopya + 2 kopya","Aktif","NetApp"
"Istanbul","UMR_CLS","default","vol_sfm_sasmeta","GENERIC_PROD","1 saat + 1 gun + 1 hafta","6 kopya + 2 kopya + 2 kopya","Aktif","NetApp"
"Istanbul","UMR_CLS","default","vol_FS1","fsnasuom01","1 saat + 1 gun + 1 hafta","6 kopya + 2 kopya + 2 kopya","Aktif","NetApp"
"Istanbul","UMR_CLS","Daily_1_snap","vol_cbotprdauditlog","GENERIC_PROD","1 gun","1 kopya","Aktif","NetApp"
"Istanbul","UMR_CLS","Daily_1_snap","vol_sfdprdorc","GENERIC_PROD","1 gun","1 kopya","Aktif","NetApp"
"Istanbul","UMR_CLS","default","vol_ocpprdgen01_registry","GENERIC_PROD","1 saat + 1 gun + 1 hafta","6 kopya + 2 kopya + 2 kopya","Aktif","NetApp"
"Istanbul","UMR_CLS","default","DMZDeneme_root","DMZDeneme","1 saat + 1 gun + 1 hafta","6 kopya + 2 kopya + 2 kopya","Aktif","NetApp"
"Istanbul","UMR_CLS","default","vol_febpfpreapp0102","CIGNA","1 saat + 1 gun + 1 hafta","6 kopya + 2 kopya + 2 kopya","Aktif","NetApp"
"Istanbul","UMR_CLS","default","vol_madprdgen","GENERIC_PROD","1 saat + 1 gun + 1 hafta","6 kopya + 2 kopya + 2 kopya","Aktif","NetApp"
"Istanbul","UMR_CLS","default","FSPRDINFRA_root","FSPRDINFRA","1 saat + 1 gun + 1 hafta","6 kopya + 2 kopya + 2 kopya","Aktif","NetApp"
"Istanbul","UMR_CLS","default","vol_nasprdvideofb2","botprdzmapp","1 saat + 1 gun + 1 hafta","6 kopya + 2 kopya + 2 kopya","Aktif","NetApp"
"Istanbul","UMR_CLS","Daily_1_snap","vol_mscprdapp01_02","GENERIC_PROD","1 gun","1 kopya","Aktif","NetApp"
"Istanbul","UMR_CLS","gunluk","vol_insights_prod","GENERIC_PROD","1 gun","7 kopya","Aktif","NetApp"
"Istanbul","UMR_CLS","default","vol_kampanya_EV_3","EntVault","1 saat + 1 gun + 1 hafta","6 kopya + 2 kopya + 2 kopya","Aktif","NetApp"
"Istanbul","UMR_CLS","default","vol_midprdapp","GENERIC_PROD","1 saat + 1 gun + 1 hafta","6 kopya + 2 kopya + 2 kopya","Aktif","NetApp"
"Istanbul","UMR_CLS","default","vol_kftpreap","PRE-PROD","1 saat + 1 gun + 1 hafta","6 kopya + 2 kopya + 2 kopya","Aktif","NetApp"
"Istanbul","UMR_CLS","default","vol_FS3","fsnasuom03","1 saat + 1 gun + 1 hafta","6 kopya + 2 kopya + 2 kopya","Aktif","NetApp"
"Istanbul","UMR_CLS","Daily_1_snap","vol_output","FinansLeasing","1 gun","1 kopya","Aktif","NetApp"
"Istanbul","UMR_CLS","default","vol_ocptstinf01_rwm","GENERIC_TEST","1 saat + 1 gun + 1 hafta","6 kopya + 2 kopya + 2 kopya","Aktif","NetApp"
"Istanbul","UMR_CLS","default","vol_cbtstftm_entftm_archive","GENERIC_TEST","1 saat + 1 gun + 1 hafta","6 kopya + 2 kopya + 2 kopya","Aktif","NetApp"
"Istanbul","UMR_CLS","default","vol_guvenlik_raporlar","GENERIC_PROD","1 saat + 1 gun + 1 hafta","6 kopya + 2 kopya + 2 kopya","Aktif","NetApp"
"Istanbul","UMR_CLS","default","vol_kryprdweb0102","GENERIC_PROD","1 saat + 1 gun + 1 hafta","6 kopya + 2 kopya + 2 kopya","Aktif","NetApp"
"Istanbul","UMR_CLS","default","RHEV_root","RHEV","1 saat + 1 gun + 1 hafta","6 kopya + 2 kopya + 2 kopya","Aktif","NetApp"
"Istanbul","UMR_CLS","default","vol_fedrpprdweb0304","CIGNA","1 saat + 1 gun + 1 hafta","6 kopya + 2 kopya + 2 kopya","Aktif","NetApp"
"Istanbul","UMR_CLS","default","vol_KameraKayit","fsnasuom01","1 saat + 1 gun + 1 hafta","6 kopya + 2 kopya + 2 kopya","Aktif","NetApp"
"Istanbul","UMR_CLS","default","vol_sfm_guvenlik_raporlar","GENERIC_PROD","1 saat + 1 gun + 1 hafta","6 kopya + 2 kopya + 2 kopya","Aktif","NetApp"
"Istanbul","UMR_CLS","Daily_1_snap","vol_dsksourcedrive","fsnasuom03","1 gun","1 kopya","Aktif","NetApp"
"Istanbul","UMR_CLS","default","HEMENAL_PROD_root","HEMENAL_PROD","1 saat + 1 gun + 1 hafta","6 kopya + 2 kopya + 2 kopya","Aktif","NetApp"
"Istanbul","UMR_CLS","default","TR_coredev_emergency2","CBTSTAPP_EMRG","1 saat + 1 gun + 1 hafta","6 kopya + 2 kopya + 2 kopya","Aktif","NetApp"
"Istanbul","UMR_CLS","default","vol_fftstapp0304","FinansFaktoring","1 saat + 1 gun + 1 hafta","6 kopya + 2 kopya + 2 kopya","Aktif","NetApp"
"Istanbul","UMR_CLS","default","vol_fleprdapp","FinansLeasing","1 saat + 1 gun + 1 hafta","6 kopya + 2 kopya + 2 kopya","Aktif","NetApp"
"Istanbul","UMR_CLS","default","naststvideo","botprdzmapp","1 saat + 1 gun + 1 hafta","6 kopya + 2 kopya + 2 kopya","Aktif","NetApp"
"Istanbul","UMR_CLS","default","vol_depot_securitysys","DEPOT","1 saat + 1 gun + 1 hafta","6 kopya + 2 kopya + 2 kopya","Aktif","NetApp"
"Istanbul","UMR_CLS","entvault","vol_EV","EntVault","entvault2 + entvault1 + entvault3","7 kopya + 6 kopya + 2 kopya","Aktif","NetApp"
"Istanbul","UMR_CLS","Daily_1_snap","vol_ocpprdgen11_rwm","GENERIC_PROD","1 gun","1 kopya","Aktif","NetApp"
"Istanbul","UMR_CLS","Fsprdcln","HizmetMerkeziArsiv2","PSTNASARC01","1 gun","4 kopya","Aktif","NetApp"
"Istanbul","UMR_CLS","default","ptgrtstdb","GENERIC_TEST","1 saat + 1 gun + 1 hafta","6 kopya + 2 kopya + 2 kopya","Aktif","NetApp"
"Istanbul","UMR_CLS","default","vol_femiptstapp","GENERIC_TEST","1 saat + 1 gun + 1 hafta","6 kopya + 2 kopya + 2 kopya","Aktif","NetApp"
"Istanbul","UMR_CLS","default","vol_09032020_105016_42_22222_clone_547","testtt","1 saat + 1 gun + 1 hafta","6 kopya + 2 kopya + 2 kopya","Aktif","NetApp"
"Istanbul","UMR_CLS","default","vol_baremetal_dmz","EXT_81195_3th","1 saat + 1 gun + 1 hafta","6 kopya + 2 kopya + 2 kopya","Aktif","NetApp"
"Istanbul","UMR_CLS","default","vol_eurdev_output","GENERIC_TEST","1 saat + 1 gun + 1 hafta","6 kopya + 2 kopya + 2 kopya","Aktif","NetApp"
"Istanbul","UMR_CLS","Daily_1_snap","vol_flepredgwapp","FinansLeasing","1 gun","1 kopya","Aktif","NetApp"
"Istanbul","UMR_CLS","default","vol_hmnprdapp_emergency","HEMENAL_PROD_EMGR","1 saat + 1 gun + 1 hafta","6 kopya + 2 kopya + 2 kopya","Aktif","NetApp"
"Istanbul","UMR_CLS","default","vol_smsEkstre_test","GENERIC_TEST","1 saat + 1 gun + 1 hafta","6 kopya + 2 kopya + 2 kopya","Aktif","NetApp"
"Istanbul","UMR_CLS","default","vol_09032020_105016_42_22222","testtt","1 saat + 1 gun + 1 hafta","6 kopya + 2 kopya + 2 kopya","Aktif","NetApp"
"Istanbul","UMR_CLS","Daily_1_snap","vol_splunk_test","fsnasout01","1 gun","1 kopya","Aktif","NetApp"
"Istanbul","UMR_CLS","default","vol_audit_fsnasout01","fsnasout01","1 saat + 1 gun + 1 hafta","6 kopya + 2 kopya + 2 kopya","Aktif","NetApp"
"Istanbul","UMR_CLS","default","vol_FS4","fsnasuom04","1 saat + 1 gun + 1 hafta","6 kopya + 2 kopya + 2 kopya","Aktif","NetApp"
"Istanbul","UMR_CLS","default","vol_cbtstsch","GENERIC_TEST","1 saat + 1 gun + 1 hafta","6 kopya + 2 kopya + 2 kopya","Aktif","NetApp"
"Istanbul","UMR_CLS","default","vol_eftprdapp","EXT_817","1 saat + 1 gun + 1 hafta","6 kopya + 2 kopya + 2 kopya","Aktif","NetApp"
"Istanbul","UMR_CLS","default","vol_msprdapp","GENERIC_PROD","1 saat + 1 gun + 1 hafta","6 kopya + 2 kopya + 2 kopya","Aktif","NetApp"
"Istanbul","UMR_CLS","default","vol_artprdapp","GENERIC_PROD","1 saat + 1 gun + 1 hafta","6 kopya + 2 kopya + 2 kopya","Aktif","NetApp"
"Istanbul","UMR_CLS","default","vol_DMZSRC","EXT_DMZSOURCE","1 saat + 1 gun + 1 hafta","6 kopya + 2 kopya + 2 kopya","Aktif","NetApp"
"Istanbul","UMR_CLS","default","vol_cloudpoint","DEPOT","1 saat + 1 gun + 1 hafta","6 kopya + 2 kopya + 2 kopya","Aktif","NetApp"
"Istanbul","UMR_CLS","default","vol_cbeduapp","GENERIC_PROD","1 saat + 1 gun + 1 hafta","6 kopya + 2 kopya + 2 kopya","Aktif","NetApp"
"Istanbul","UMR_CLS","default","DMZ_TEST_root","DMZ_TEST","1 saat + 1 gun + 1 hafta","6 kopya + 2 kopya + 2 kopya","Aktif","NetApp"
"Istanbul","UMR_CLS","default","vol_feedfprdapp_archive","CIGNA","1 saat + 1 gun + 1 hafta","6 kopya + 2 kopya + 2 kopya","Aktif","NetApp"
"Istanbul","UMR_CLS","monthly_1","vol_fbdefter_prod_clone_123","GENERIC_PROD","1 ay","3 kopya","Aktif","NetApp"
"Istanbul","UMR_CLS","default","vol_crm_test","CRM_ONLINE","1 saat + 1 gun + 1 hafta","6 kopya + 2 kopya + 2 kopya","Aktif","NetApp"
"Istanbul","UMR_CLS","default","vol_audit_fsnasinfsrc01","fsnasinfsrc01","1 saat + 1 gun + 1 hafta","6 kopya + 2 kopya + 2 kopya","Aktif","NetApp"
"Istanbul","UMR_CLS","default","vol_OUTPUT","fsnasout01","1 saat + 1 gun + 1 hafta","6 kopya + 2 kopya + 2 kopya","Aktif","NetApp"
"Istanbul","UMR_CLS","Daily_1_snap","vol_ocpprddmz11_rwm","OCP_DMZ","1 gun","1 kopya","Aktif","NetApp"
"Istanbul","UMR_CLS","default","vol_GenelFs","fsnasuom01","1 saat + 1 gun + 1 hafta","6 kopya + 2 kopya + 2 kopya","Aktif","NetApp"
"Istanbul","UMR_CLS","default","vol_EnparaOutput_clone_15092024","fsnasen01","1 saat + 1 gun + 1 hafta","6 kopya + 2 kopya + 2 kopya","Aktif","NetApp"
"Istanbul","UMR_CLS","default","nasprdntr","nasprdosk","1 saat + 1 gun + 1 hafta","6 kopya + 2 kopya + 2 kopya","Aktif","NetApp"
"Istanbul","UMR_CLS","default","fsnasout01_root","fsnasout01","1 saat + 1 gun + 1 hafta","6 kopya + 2 kopya + 2 kopya","Aktif","NetApp"
"Istanbul","UMR_CLS","default","vol_pcgecis","fsnasen01","1 saat + 1 gun + 1 hafta","6 kopya + 2 kopya + 2 kopya","Aktif","NetApp"
"Istanbul","UMR_CLS","default","FinansFaktoring_Prod_root","FinansFaktoring_Prod","1 saat + 1 gun + 1 hafta","6 kopya + 2 kopya + 2 kopya","Aktif","NetApp"
"Istanbul","UMR_CLS","default","PSTPRDARC_root","PSTNASARC01","1 saat + 1 gun + 1 hafta","6 kopya + 2 kopya + 2 kopya","Aktif","NetApp"
"Istanbul","UMR_CLS","default-1weekly","vol_fejiraprd","CIGNA","1 saat + 1 gun + 1 hafta","6 kopya + 2 kopya + 1 kopya","Aktif","NetApp"
"Istanbul","UMR_CLS","default","OUTNASFS01_root","OUTNASFS01","1 saat + 1 gun + 1 hafta","6 kopya + 2 kopya + 2 kopya","Aktif","NetApp"
"Istanbul","UMR_CLS","default","fsnasuom02_root","fsnasuom02","1 saat + 1 gun + 1 hafta","6 kopya + 2 kopya + 2 kopya","Aktif","NetApp"
"Istanbul","UMR_CLS","default","vol_ocpprdgengpu01_rwm","GENERIC_PROD","1 saat + 1 gun + 1 hafta","6 kopya + 2 kopya + 2 kopya","Aktif","NetApp"
"Istanbul","UMR_CLS","default","vol_audit_pstnas","PSTNASARC01","1 saat + 1 gun + 1 hafta","6 kopya + 2 kopya + 2 kopya","Aktif","NetApp"
"Istanbul","UMR_CLS","Daily_1_snap","vol_kbtstgen01_rwm","GENERIC_TEST","1 gun","1 kopya","Aktif","NetApp"
"Istanbul","UMR_CLS","default","vol_mctstapp","GENERIC_TEST","1 saat + 1 gun + 1 hafta","6 kopya + 2 kopya + 2 kopya","Aktif","NetApp"
"Istanbul","UMR_CLS","default","vol_fstprdapp","EXT_817","1 saat + 1 gun + 1 hafta","6 kopya + 2 kopya + 2 kopya","Aktif","NetApp"
"Istanbul","UMR_CLS","default","midtstapp01_test","GENERIC_TEST","1 saat + 1 gun + 1 hafta","6 kopya + 2 kopya + 2 kopya","Aktif","NetApp"
"Istanbul","UMR_CLS","default","vol_Inetpub_Preprod","INFRA_Preprod","1 saat + 1 gun + 1 hafta","6 kopya + 2 kopya + 2 kopya","Aktif","NetApp"
"Istanbul","UMR_CLS","default","vol_cigna_flex","CIGNA","1 saat + 1 gun + 1 hafta","6 kopya + 2 kopya + 2 kopya","Aktif","NetApp"
"Istanbul","UMR_CLS","entvault","vol_kampanya_EV","EntVault","entvault2 + entvault1 + entvault3","7 kopya + 6 kopya + 2 kopya","Aktif","NetApp"
"Istanbul","UMR_CLS","default","nasprdspa4","nasprdosk","1 saat + 1 gun + 1 hafta","6 kopya + 2 kopya + 2 kopya","Aktif","NetApp"
"Istanbul","UMR_CLS","default","nasprdcigna","botprdzmapp","1 saat + 1 gun + 1 hafta","6 kopya + 2 kopya + 2 kopya","Aktif","NetApp"
"Istanbul","UMR_CLS","default","FinansFaktoring_root","FinansFaktoring","1 saat + 1 gun + 1 hafta","6 kopya + 2 kopya + 2 kopya","Aktif","NetApp"
"Istanbul","UMR_CLS","default","ENPARATEST_root","ENPARATEST","1 saat + 1 gun + 1 hafta","6 kopya + 2 kopya + 2 kopya","Aktif","NetApp"
"Istanbul","UMR_CLS","default","vol_sdtstpgs02","GENERIC_TEST","1 saat + 1 gun + 1 hafta","6 kopya + 2 kopya + 2 kopya","Aktif","NetApp"
"Istanbul","UMR_CLS","default","nasprdcnice_root","nasprdcnice","1 saat + 1 gun + 1 hafta","6 kopya + 2 kopya + 2 kopya","Aktif","NetApp"
"Istanbul","UMR_CLS","Daily_1_snap","vol_sfdprd","GENERIC_PROD","1 gun","1 kopya","Aktif","NetApp"
"Istanbul","UMR_CLS","Daily_1_snap","vol_jratstapp1011","GENERIC_TEST","1 gun","1 kopya","Aktif","NetApp"
"Istanbul","UMR_CLS","default","vol_flink_prod","GENERIC_PROD","1 saat + 1 gun + 1 hafta","6 kopya + 2 kopya + 2 kopya","Aktif","NetApp"
"Istanbul","UMR_CLS","default","vol_automationanywhere","FSPRDINFRA","1 saat + 1 gun + 1 hafta","6 kopya + 2 kopya + 2 kopya","Aktif","NetApp"
"Istanbul","UMR_CLS","Daily_1_snap","vol_alotstcon","GENERIC_TEST","1 gun","1 kopya","Aktif","NetApp"
"Istanbul","UMR_CLS","default","vol_ocpprdgengpu01_registry","GENERIC_PROD","1 saat + 1 gun + 1 hafta","6 kopya + 2 kopya + 2 kopya","Aktif","NetApp"
"Istanbul","UMR_CLS","default","vol_jabber","Telekom_test","1 saat + 1 gun + 1 hafta","6 kopya + 2 kopya + 2 kopya","Aktif","NetApp"
"Istanbul","UMR_CLS","default","vol_depot_coresys","DEPOT","1 saat + 1 gun + 1 hafta","6 kopya + 2 kopya + 2 kopya","Aktif","NetApp"
"Istanbul","UMR_CLS","gunluk","vol_docker","GENERIC_PROD","1 gun","7 kopya","Aktif","NetApp"
"Istanbul","UMR_CLS","Daily_1_snap","vol_srvsourcedrive","BNXINFPRDFLS01","1 gun","1 kopya","Aktif","NetApp"
"Istanbul","UMR_CLS","default","CIGNA_root","CIGNA","1 saat + 1 gun + 1 hafta","6 kopya + 2 kopya + 2 kopya","Aktif","NetApp"
"Istanbul","UMR_CLS","default","E_FINANS_PROD_root","E-FINANS","1 saat + 1 gun + 1 hafta","6 kopya + 2 kopya + 2 kopya","Aktif","NetApp"
"Istanbul","UMR_CLS","default","vol_sfm_sasshare","GENERIC_PROD","1 saat + 1 gun + 1 hafta","6 kopya + 2 kopya + 2 kopya","Aktif","NetApp"
"Istanbul","UMR_CLS","Daily_1_snap","vol_ocpprddmz10_rwm","OCP_DMZ","1 gun","1 kopya","Aktif","NetApp"
"Istanbul","UMR_CLS","default","vol_logoerm","GENERIC_PROD","1 saat + 1 gun + 1 hafta","6 kopya + 2 kopya + 2 kopya","Aktif","NetApp"
"Istanbul","UMR_CLS","default","vol_guvenlik_sasdata","GENERIC_PROD","1 saat + 1 gun + 1 hafta","6 kopya + 2 kopya + 2 kopya","Aktif","NetApp"
"Istanbul","UMR_CLS","default","vol_ebststws0102","GENERIC_TEST","1 saat + 1 gun + 1 hafta","6 kopya + 2 kopya + 2 kopya","Aktif","NetApp"
"Istanbul","UMR_CLS","default","kep_prod","E-FINANS","1 saat + 1 gun + 1 hafta","6 kopya + 2 kopya + 2 kopya","Aktif","NetApp"
"Istanbul","UMR_CLS","default","vol_earsiv_test","GENERIC_TEST","1 saat + 1 gun + 1 hafta","6 kopya + 2 kopya + 2 kopya","Aktif","NetApp"
"Istanbul","UMR_CLS","Daily_1_snap","vol_audit_finansleasing","FinansLeasing","1 gun","1 kopya","Aktif","NetApp"
"Istanbul","UMR_CLS","default","vol_openshift02","GENERIC_PROD","1 saat + 1 gun + 1 hafta","6 kopya + 2 kopya + 2 kopya","Aktif","NetApp"
"Istanbul","UMR_CLS","default","botprdzmapp_root","botprdzmapp","1 saat + 1 gun + 1 hafta","6 kopya + 2 kopya + 2 kopya","Aktif","NetApp"
"Istanbul","UMR_CLS","default","vol_ebsprdws","GENERIC_PROD","1 saat + 1 gun + 1 hafta","6 kopya + 2 kopya + 2 kopya","Aktif","NetApp"
"Istanbul","UMR_CLS","Daily_1_snap","vol_blkprdapp_01","GENERIC_PROD","1 gun","1 kopya","Aktif","NetApp"
"Istanbul","UMR_CLS","default","vol_NASPRDFESPA","CIGNA_CALL_RECORD","1 saat + 1 gun + 1 hafta","6 kopya + 2 kopya + 2 kopya","Aktif","NetApp"
"Istanbul","UMR_CLS","gunluk","vol_ecmtstdev","GENERIC_TEST","1 gun","7 kopya","Aktif","NetApp"
"Istanbul","UMR_CLS","default","vol_depot_appjava","DEPOT","1 saat + 1 gun + 1 hafta","6 kopya + 2 kopya + 2 kopya","Aktif","NetApp"
"Istanbul","UMR_CLS","default","vol_ifmtstpwc0102","GENERIC_TEST","1 saat + 1 gun + 1 hafta","6 kopya + 2 kopya + 2 kopya","Aktif","NetApp"
"Istanbul","UMR_CLS","default","botprdzmapp_60","botprdzmapp","1 saat + 1 gun + 1 hafta","6 kopya + 2 kopya + 2 kopya","Aktif","NetApp"
"Istanbul","UMR_CLS","default","vol_cbpregen","PRE-PROD","1 saat + 1 gun + 1 hafta","6 kopya + 2 kopya + 2 kopya","Aktif","NetApp"
"Istanbul","UMR_CLS","default","vol_SesKayit","fsnasuom01","1 saat + 1 gun + 1 hafta","6 kopya + 2 kopya + 2 kopya","Aktif","NetApp"
"Istanbul","UMR_CLS","default","vol_depot_storagesys","DEPOT","1 saat + 1 gun + 1 hafta","6 kopya + 2 kopya + 2 kopya","Aktif","NetApp"
"Istanbul","UMR_CLS","default","KOS_PROD_root","KOS_PROD","1 saat + 1 gun + 1 hafta","6 kopya + 2 kopya + 2 kopya","Aktif","NetApp"
"Istanbul","UMR_CLS","default","vol_fileorbis","EXT_81195_3th","1 saat + 1 gun + 1 hafta","6 kopya + 2 kopya + 2 kopya","Aktif","NetApp"
"Istanbul","UMR_CLS","default","vol_maepreapp","PRE-PROD","1 saat + 1 gun + 1 hafta","6 kopya + 2 kopya + 2 kopya","Aktif","NetApp"
"Istanbul","UMR_CLS","default","vol_kampanya_EV_4","EntVault","1 saat + 1 gun + 1 hafta","6 kopya + 2 kopya + 2 kopya","Aktif","NetApp"
"Istanbul","UMR_CLS","default","vol_ffprdapp","FinansFaktoring_Prod","1 saat + 1 gun + 1 hafta","6 kopya + 2 kopya + 2 kopya","Aktif","NetApp"
"Istanbul","UMR_CLS","default","nasprdspa","nasprdosk","1 saat + 1 gun + 1 hafta","6 kopya + 2 kopya + 2 kopya","Aktif","NetApp"
"Istanbul","UMR_CLS","default","vol_FS_audit","Fileserver","1 saat + 1 gun + 1 hafta","6 kopya + 2 kopya + 2 kopya","Aktif","NetApp"
"Istanbul","UMR_CLS","default","vol_efatura_test_archive","GENERIC_TEST","1 saat + 1 gun + 1 hafta","6 kopya + 2 kopya + 2 kopya","Aktif","NetApp"
"Istanbul","UMR_CLS","default","vol_sfm_guvenlik_sasdata","GENERIC_PROD","1 saat + 1 gun + 1 hafta","6 kopya + 2 kopya + 2 kopya","Aktif","NetApp"
"Istanbul","UMR_CLS","default","nasprdspa5","nasprdosk","1 saat + 1 gun + 1 hafta","6 kopya + 2 kopya + 2 kopya","Aktif","NetApp"
"Istanbul","UMR_CLS","default","vol_sasmeta_prod","GENERIC_PROD","1 saat + 1 gun + 1 hafta","6 kopya + 2 kopya + 2 kopya","Aktif","NetApp"
"Istanbul","UMR_CLS","default","vol_kftprdapp","GENERIC_PROD","1 saat + 1 gun + 1 hafta","6 kopya + 2 kopya + 2 kopya","Aktif","NetApp"
"Istanbul","UMR_CLS","default","vol_fraud_sasdepot_dev","GENERIC_TEST","1 saat + 1 gun + 1 hafta","6 kopya + 2 kopya + 2 kopya","Aktif","NetApp"
"Istanbul","UMR_CLS","default","vol_dysprod","CIGNA","1 saat + 1 gun + 1 hafta","6 kopya + 2 kopya + 2 kopya","Aktif","NetApp"
"Istanbul","UMR_CLS","default","CBPRDAPP_EMRG_root","CBPRDAPP_EMRG","1 saat + 1 gun + 1 hafta","6 kopya + 2 kopya + 2 kopya","Aktif","NetApp"
"Istanbul","UMR_CLS","default","vol_sasshare_prod","GENERIC_PROD","1 saat + 1 gun + 1 hafta","6 kopya + 2 kopya + 2 kopya","Aktif","NetApp"
"Istanbul","UMR_CLS","default","vol_daprdflk010203","GENERIC_PROD","1 saat + 1 gun + 1 hafta","6 kopya + 2 kopya + 2 kopya","Aktif","NetApp"
"Istanbul","UMR_CLS","Fsprdcln","IBTOperasyon","PSTNASARC01","1 gun","4 kopya","Aktif","NetApp"
"Istanbul","UMR_CLS","default","POC_root","POC","1 saat + 1 gun + 1 hafta","6 kopya + 2 kopya + 2 kopya","Aktif","NetApp"
"Istanbul","UMR_CLS","default","vol_cigna_flex_preprod","CIGNA","1 saat + 1 gun + 1 hafta","6 kopya + 2 kopya + 2 kopya","Aktif","NetApp"
"Istanbul","UMR_CLS","default","vol_App_Files_Test","INFRA_Test","1 saat + 1 gun + 1 hafta","6 kopya + 2 kopya + 2 kopya","Aktif","NetApp"
"Istanbul","UMR_CLS","default","SanalPos","PSTNASARC01","1 saat + 1 gun + 1 hafta","6 kopya + 2 kopya + 2 kopya","Aktif","NetApp"
"Istanbul","UMR_CLS","default","vol_edefter_test","GENERIC_TEST","1 saat + 1 gun + 1 hafta","6 kopya + 2 kopya + 2 kopya","Aktif","NetApp"
"Istanbul","UMR_CLS","default","vol_datstflk010203","GENERIC_TEST","1 saat + 1 gun + 1 hafta","6 kopya + 2 kopya + 2 kopya","Aktif","NetApp"
"Istanbul","UMR_CLS","default","vol_daprdflk","GENERIC_PROD","1 saat + 1 gun + 1 hafta","6 kopya + 2 kopya + 2 kopya","Aktif","NetApp"
"Istanbul","UMR_CLS","default","vol_agentvideo","nasprdosk","1 saat + 1 gun + 1 hafta","6 kopya + 2 kopya + 2 kopya","Aktif","NetApp"
"Istanbul","UMR_CLS","default","vol_ffpreapp","PRE-PROD","1 saat + 1 gun + 1 hafta","6 kopya + 2 kopya + 2 kopya","Aktif","NetApp"
"Istanbul","UMR_CLS","default","vol_baremetal","GENERIC_PROD","1 saat + 1 gun + 1 hafta","6 kopya + 2 kopya + 2 kopya","Aktif","NetApp"
"Istanbul","UMR_CLS","default","vol_msprdapp0405","GENERIC_PROD","1 saat + 1 gun + 1 hafta","6 kopya + 2 kopya + 2 kopya","Aktif","NetApp"
"Istanbul","UMR_CLS","Daily_1_snap","test_sil","Ansible_Test","1 gun","1 kopya","Aktif","NetApp"
"Istanbul","UMR_CLS","default","vol_ocptstdmz01_registry","OCP_DMZ","1 saat + 1 gun + 1 hafta","6 kopya + 2 kopya + 2 kopya","Aktif","NetApp"
"Istanbul","UMR_CLS","default","GENERIC_PROD_root","GENERIC_PROD","1 saat + 1 gun + 1 hafta","6 kopya + 2 kopya + 2 kopya","Aktif","NetApp"
"Istanbul","UMR_CLS","Daily_1_snap","vol_cbprdgen_kos","GENERIC_PROD","1 gun","1 kopya","Aktif","NetApp"
"Istanbul","UMR_CLS","default","TR_corepreprod_emergency","CBPRDAPP_EMRG","1 saat + 1 gun + 1 hafta","6 kopya + 2 kopya + 2 kopya","Aktif","NetApp"
"Istanbul","UMR_CLS","default","vol_ocpprdwise10_registry","GENERIC_PROD","1 saat + 1 gun + 1 hafta","6 kopya + 2 kopya + 2 kopya","Aktif","NetApp"
"Istanbul","UMR_CLS","default","vol_sfdprd_gecici","GENERIC_PROD","1 saat + 1 gun + 1 hafta","6 kopya + 2 kopya + 2 kopya","Aktif","NetApp"
"Istanbul","UMR_CLS","default","CBTSTAPP_EMRG_root","CBTSTAPP_EMRG","1 saat + 1 gun + 1 hafta","6 kopya + 2 kopya + 2 kopya","Aktif","NetApp"
"Istanbul","UMR_CLS","default","vol_faktoring_app34","FinansFaktoring","1 saat + 1 gun + 1 hafta","6 kopya + 2 kopya + 2 kopya","Aktif","NetApp"
"Istanbul","UMR_CLS","default","vol_cignaAutomationAnywhere","FSPRDINFRA","1 saat + 1 gun + 1 hafta","6 kopya + 2 kopya + 2 kopya","Aktif","NetApp"
"Istanbul","UMR_CLS","default","vol_ocpprdgen10_registry","GENERIC_PROD","1 saat + 1 gun + 1 hafta","6 kopya + 2 kopya + 2 kopya","Aktif","NetApp"
"Istanbul","UMR_CLS","entvault","vol_EV_3","EntVault","entvault2 + entvault1 + entvault3","7 kopya + 6 kopya + 2 kopya","Aktif","NetApp"
"Istanbul","UMR_CLS","default","PST_Archive","PSTNASARC01","1 saat + 1 gun + 1 hafta","6 kopya + 2 kopya + 2 kopya","Aktif","NetApp"
"Istanbul","UMR_CLS","default","cbdev_session","GENERIC_TEST","1 saat + 1 gun + 1 hafta","6 kopya + 2 kopya + 2 kopya","Aktif","NetApp"
"Istanbul","UMR_CLS","Daily_1_snap","vol_dkimages","GENERIC_DMZ","1 gun","1 kopya","Aktif","NetApp"
"Istanbul","UMR_CLS","default","coreprod_dump","CBPRDAPP","1 saat + 1 gun + 1 hafta","6 kopya + 2 kopya + 2 kopya","Aktif","NetApp"
"Istanbul","UMR_CLS","default","fsnasuom03_root","fsnasuom03","1 saat + 1 gun + 1 hafta","6 kopya + 2 kopya + 2 kopya","Aktif","NetApp"
"Istanbul","UMR_CLS","default","vol_sube","fsnasuom01","1 saat + 1 gun + 1 hafta","6 kopya + 2 kopya + 2 kopya","Aktif","NetApp"
"Istanbul","UMR_CLS","default","vol_ADCCampaignImagesTest","INFRA_Test","1 saat + 1 gun + 1 hafta","6 kopya + 2 kopya + 2 kopya","Aktif","NetApp"
"Istanbul","UMR_CLS","default","vol_rssprdapp","GENERIC_PROD","1 saat + 1 gun + 1 hafta","6 kopya + 2 kopya + 2 kopya","Aktif","NetApp"
"Istanbul","UMR_CLS","default","Ansible_Test_root","Ansible_Test","1 saat + 1 gun + 1 hafta","6 kopya + 2 kopya + 2 kopya","Aktif","NetApp"
"Istanbul","UMR_CLS","default","vol_chatbot_prod","GENERIC_PROD","1 saat + 1 gun + 1 hafta","6 kopya + 2 kopya + 2 kopya","Aktif","NetApp"
"Istanbul","UMR_CLS","default","vol_cbdevmft","GENERIC_TEST","1 saat + 1 gun + 1 hafta","6 kopya + 2 kopya + 2 kopya","Aktif","NetApp"
"Istanbul","UMR_CLS","default","vol_hmntstapp","HEMENAL_TEST","1 saat + 1 gun + 1 hafta","6 kopya + 2 kopya + 2 kopya","Aktif","NetApp"
"Istanbul","UMR_CLS","default","vol_EBEYANNEME","fsnasuom01","1 saat + 1 gun + 1 hafta","6 kopya + 2 kopya + 2 kopya","Aktif","NetApp"
"Istanbul","UMR_CLS","default","vol_ocpprdwise01_rwm","GENERIC_PROD","1 saat + 1 gun + 1 hafta","6 kopya + 2 kopya + 2 kopya","Aktif","NetApp"
"Istanbul","UMR_CLS","default","vol_mcprdapp_shared","GENERIC_PROD","1 saat + 1 gun + 1 hafta","6 kopya + 2 kopya + 2 kopya","Aktif","NetApp"
"Istanbul","UMR_CLS","default","reversesync","GENERIC_TEST","1 saat + 1 gun + 1 hafta","6 kopya + 2 kopya + 2 kopya","Aktif","NetApp"
"Istanbul","UMR_CLS","Daily_1_snap","vol_deployrepo","GENERIC_DMZ","1 gun","1 kopya","Aktif","NetApp"
"Istanbul","UMR_CLS","earsiv","vol_earsiv_prod","E-FINANS","1 gun + earsiv1","1 kopya + 6 kopya","Aktif","NetApp"
"Istanbul","UMR_CLS","default","EXT_817_root","EXT_817","1 saat + 1 gun + 1 hafta","6 kopya + 2 kopya + 2 kopya","Aktif","NetApp"
"Istanbul","UMR_CLS","Fsprdcln","Provizyon","PSTNASARC01","1 gun","4 kopya","Aktif","NetApp"
"Istanbul","UMR_CLS","default","vol_Enpara","fsnasen01","1 saat + 1 gun + 1 hafta","6 kopya + 2 kopya + 2 kopya","Aktif","NetApp"
"Istanbul","UMR_CLS","default","vol_hmnpreapp","HEMENAL_TEST","1 saat + 1 gun + 1 hafta","6 kopya + 2 kopya + 2 kopya","Aktif","NetApp"
"Istanbul","UMR_CLS","default","fsnasinfsrc01_root","fsnasinfsrc01","1 saat + 1 gun + 1 hafta","6 kopya + 2 kopya + 2 kopya","Aktif","NetApp"
"Istanbul","UMR_CLS","default","IBMTSM_root","IBMTSM","1 saat + 1 gun + 1 hafta","6 kopya + 2 kopya + 2 kopya","Aktif","NetApp"
"Istanbul","UMR_CLS","default","vol_daprdapp","GENERIC_PROD","1 saat + 1 gun + 1 hafta","6 kopya + 2 kopya + 2 kopya","Aktif","NetApp"
"Istanbul","UMR_CLS","Daily_1_snap","vol_pcgecis","FinansLeasing","1 gun","1 kopya","Aktif","NetApp"
"Istanbul","UMR_CLS","default","SnapLock_root","SnapLock","1 saat + 1 gun + 1 hafta","6 kopya + 2 kopya + 2 kopya","Aktif","NetApp"
"Istanbul","UMR_CLS","default","nasprdcnice","nasprdcnice","1 saat + 1 gun + 1 hafta","6 kopya + 2 kopya + 2 kopya","Aktif","NetApp"
"Istanbul","UMR_CLS","default","CBPRDAPP_root","CBPRDAPP","1 saat + 1 gun + 1 hafta","6 kopya + 2 kopya + 2 kopya","Aktif","NetApp"
"Istanbul","UMR_CLS","default","vol_flepreapp0102","FinansLeasing","1 saat + 1 gun + 1 hafta","6 kopya + 2 kopya + 2 kopya","Aktif","NetApp"
"Istanbul","UMR_CLS","Fsprdcln","IcKontrolMerkezi","PSTNASARC01","1 gun","4 kopya","Aktif","NetApp"
"Istanbul","UMR_CLS","default","vol_ocptstdmz01_rwm","OCP_DMZ","1 saat + 1 gun + 1 hafta","6 kopya + 2 kopya + 2 kopya","Aktif","NetApp"
"Istanbul","UMR_CLS","default","vol_qjrtstapp0102","GENERIC_TEST","1 saat + 1 gun + 1 hafta","6 kopya + 2 kopya + 2 kopya","Aktif","NetApp"
"Istanbul","UMR_CLS","default","vol_09032020_104959_53","testtt","1 saat + 1 gun + 1 hafta","6 kopya + 2 kopya + 2 kopya","Aktif","NetApp"
"Istanbul","UMR_CLS","default","EntVault_root","EntVault","1 saat + 1 gun + 1 hafta","6 kopya + 2 kopya + 2 kopya","Aktif","NetApp"
"Istanbul","UMR_CLS","default","vol_sasmeta","GENERIC_PROD","1 saat + 1 gun + 1 hafta","6 kopya + 2 kopya + 2 kopya","Aktif","NetApp"
"Istanbul","UMR_CLS","default","RHEV_rhev_prod","GENERIC_PROD","1 saat + 1 gun + 1 hafta","6 kopya + 2 kopya + 2 kopya","Aktif","NetApp"
"Istanbul","UMR_CLS","default","kep_prod_archive","E-FINANS","1 saat + 1 gun + 1 hafta","6 kopya + 2 kopya + 2 kopya","Aktif","NetApp"
"Istanbul","UMR_CLS","Fsprdcln","vol_GENERIC_PROD_audit","GENERIC_PROD","1 gun","4 kopya","Aktif","NetApp"
"Istanbul","UMR_CLS","default","uemshare","VDIPRDNAS01","1 saat + 1 gun + 1 hafta","6 kopya + 2 kopya + 2 kopya","Aktif","NetApp"
"Istanbul","UMR_CLS","default","nfsv4_test_root","nfsv4_test","1 saat + 1 gun + 1 hafta","6 kopya + 2 kopya + 2 kopya","Aktif","NetApp"
"Istanbul","UMR_CLS","Daily_1_snap","vol_corenextprdauditlog","GENERIC_PROD","1 gun","1 kopya","Aktif","NetApp"
"Istanbul","UMR_CLS","default","vol_faktoring_preapp","FinansFaktoring","1 saat + 1 gun + 1 hafta","6 kopya + 2 kopya + 2 kopya","Aktif","NetApp"
"Istanbul","UMR_CLS","default","vol_sasshare","GENERIC_PROD","1 saat + 1 gun + 1 hafta","6 kopya + 2 kopya + 2 kopya","Aktif","NetApp"
"Istanbul","UMR_CLS","default","vol_blkprdapp","GENERIC_PROD","1 saat + 1 gun + 1 hafta","6 kopya + 2 kopya + 2 kopya","Aktif","NetApp"
"Istanbul","UMR_CLS","Fsprdcln","Fileserver_root","Fileserver","1 gun","4 kopya","Aktif","NetApp"
"Istanbul","UMR_CLS","default","fsnasuom01_root","fsnasuom01","1 saat + 1 gun + 1 hafta","6 kopya + 2 kopya + 2 kopya","Aktif","NetApp"
"Istanbul","UMR_CLS","default","vol_cigna_flex_sim","CIGNA","1 saat + 1 gun + 1 hafta","6 kopya + 2 kopya + 2 kopya","Aktif","NetApp"
"Istanbul","UMR_CLS","default","vol_blacklist","GENERIC_PROD","1 saat + 1 gun + 1 hafta","6 kopya + 2 kopya + 2 kopya","Aktif","NetApp"
"Istanbul","UMR_CLS","default","vol_fedrppreweb","CIGNA","1 saat + 1 gun + 1 hafta","6 kopya + 2 kopya + 2 kopya","Aktif","NetApp"
"Istanbul","UMR_CLS","default","vol_ocptstgen01_registry","GENERIC_TEST","1 saat + 1 gun + 1 hafta","6 kopya + 2 kopya + 2 kopya","Aktif","NetApp"
"Istanbul","UMR_CLS","default","vol_Inetpub_Dev","INFRA_Test","1 saat + 1 gun + 1 hafta","6 kopya + 2 kopya + 2 kopya","Aktif","NetApp"
"Istanbul","UMR_CLS","Daily_1_snap","vol_depot_opensol","DEPOT","1 gun","1 kopya","Aktif","NetApp"
"Istanbul","UMR_CLS","gunluk","vol_cbpreapp","PRE-PROD","1 gun","7 kopya","Aktif","NetApp"
"Istanbul","UMR_CLS","default","vol_wsxflsprdnas01","WSXFLSPRDNAS01","1 saat + 1 gun + 1 hafta","6 kopya + 2 kopya + 2 kopya","Aktif","NetApp"
"Istanbul","UMR_CLS","default","vol_efinans_edefter_prod_archive","E-FINANS","1 saat + 1 gun + 1 hafta","6 kopya + 2 kopya + 2 kopya","Aktif","NetApp"
"Istanbul","UMR_CLS","default","ccprdcs","nasprdosk","1 saat + 1 gun + 1 hafta","6 kopya + 2 kopya + 2 kopya","Aktif","NetApp"
"Istanbul","UMR_CLS","default","vol_faktoring_prod","FinansFaktoring_Prod","1 saat + 1 gun + 1 hafta","6 kopya + 2 kopya + 2 kopya","Aktif","NetApp"
"Istanbul","UMR_CLS","default","vol_dyspreprod","CIGNA","1 saat + 1 gun + 1 hafta","6 kopya + 2 kopya + 2 kopya","Aktif","NetApp"
"Istanbul","UMR_CLS","default","vol_feedftstapp","GENERIC_TEST","1 saat + 1 gun + 1 hafta","6 kopya + 2 kopya + 2 kopya","Aktif","NetApp"
"Istanbul","UMR_CLS","default","vol_ocpprdgen10_rwm","GENERIC_PROD","1 saat + 1 gun + 1 hafta","6 kopya + 2 kopya + 2 kopya","Aktif","NetApp"
"Istanbul","UMR_CLS","default","vol_AnsibleTest","Ansible_Test","1 saat + 1 gun + 1 hafta","6 kopya + 2 kopya + 2 kopya","Aktif","NetApp"
"Istanbul","UMR_CLS","Daily_1_snap","vol_sfdtstorc","GENERIC_TEST","1 gun","1 kopya","Aktif","NetApp"
"Istanbul","UMR_CLS","entvault","vol_EV_2","EntVault","entvault2 + entvault1 + entvault3","7 kopya + 6 kopya + 2 kopya","Aktif","NetApp"
"Istanbul","UMR_CLS","default","vol_ocpprdwise01_registry","GENERIC_PROD","1 saat + 1 gun + 1 hafta","6 kopya + 2 kopya + 2 kopya","Aktif","NetApp"
"Istanbul","UMR_CLS","default","vol_ocpprdcsy01_registry","GENERIC_PROD","1 saat + 1 gun + 1 hafta","6 kopya + 2 kopya + 2 kopya","Aktif","NetApp"
"Istanbul","UMR_CLS","default","EXT_81195_3th_root","EXT_81195_3th","1 saat + 1 gun + 1 hafta","6 kopya + 2 kopya + 2 kopya","Aktif","NetApp"
"Istanbul","UMR_CLS","default","vol_femdlpreapp","CIGNA","1 saat + 1 gun + 1 hafta","6 kopya + 2 kopya + 2 kopya","Aktif","NetApp"
"Istanbul","UMR_CLS","default","vol_cbprdsch","GENERIC_PROD","1 saat + 1 gun + 1 hafta","6 kopya + 2 kopya + 2 kopya","Aktif","NetApp"
"Istanbul","UMR_CLS","default","HEMENAL_TEST_root","HEMENAL_TEST","1 saat + 1 gun + 1 hafta","6 kopya + 2 kopya + 2 kopya","Aktif","NetApp"
"Istanbul","UMR_CLS","default","vol_ocptstgen10_rwm","GENERIC_TEST","1 saat + 1 gun + 1 hafta","6 kopya + 2 kopya + 2 kopya","Aktif","NetApp"
"Istanbul","UMR_CLS","default","vol_shadowcopy","DEPOT","1 saat + 1 gun + 1 hafta","6 kopya + 2 kopya + 2 kopya","Aktif","NetApp"
"Istanbul","UMR_CLS","default","vol_datstapp","GENERIC_TEST","1 saat + 1 gun + 1 hafta","6 kopya + 2 kopya + 2 kopya","Aktif","NetApp"
"Istanbul","UMR_CLS","default","cb_test_printing1","GENERIC_TEST","1 saat + 1 gun + 1 hafta","6 kopya + 2 kopya + 2 kopya","Aktif","NetApp"
"Istanbul","UMR_CLS","Fsprdcln","HukukTakip","PSTNASARC01","1 gun","4 kopya","Aktif","NetApp"
"Istanbul","UMR_CLS","Daily_1_snap","vol_fftstcdvapp","FinansFaktoring","1 gun","1 kopya","Aktif","NetApp"
"Istanbul","UMR_CLS","Daily_1_snap","vol_output_nfs","FinansLeasing","1 gun","1 kopya","Aktif","NetApp"
"Istanbul","UMR_CLS","default","vol_pega_test","GENERIC_TEST","1 saat + 1 gun + 1 hafta","6 kopya + 2 kopya + 2 kopya","Aktif","NetApp"
"Istanbul","UMR_CLS","Fsprdcln","HizmetMerkezi","PSTNASARC01","1 gun","4 kopya","Aktif","NetApp"
"Istanbul","UMR_CLS","Daily_1_snap","vol_cnftstapp10","GENERIC_TEST","1 gun","1 kopya","Aktif","NetApp"
"Istanbul","UMR_CLS","default","vol_femdlpprdapp","CIGNA","1 saat + 1 gun + 1 hafta","6 kopya + 2 kopya + 2 kopya","Aktif","NetApp"
"Istanbul","UMR_CLS","default","vol_sfdtstmq0102","GENERIC_TEST","1 saat + 1 gun + 1 hafta","6 kopya + 2 kopya + 2 kopya","Aktif","NetApp"
"Istanbul","UMR_CLS","default","vol_sasdepot","GENERIC_PROD","1 saat + 1 gun + 1 hafta","6 kopya + 2 kopya + 2 kopya","Aktif","NetApp"
"Istanbul","UMR_CLS","default","fsnasen01_root","fsnasen01","1 saat + 1 gun + 1 hafta","6 kopya + 2 kopya + 2 kopya","Aktif","NetApp"
"Istanbul","UMR_CLS","default","CIGNA_LOG_root","CIGNA_CALL_RECORD","1 saat + 1 gun + 1 hafta","6 kopya + 2 kopya + 2 kopya","Aktif","NetApp"
"Istanbul","UMR_CLS","default","vol_App_Files_Preprod","INFRA_Preprod","1 saat + 1 gun + 1 hafta","6 kopya + 2 kopya + 2 kopya","Aktif","NetApp"
"Istanbul","UMR_CLS","default","INFRA_Test_root","INFRA_Test","1 saat + 1 gun + 1 hafta","6 kopya + 2 kopya + 2 kopya","Aktif","NetApp"
"Istanbul","UMR_CLS","default","vol_fraud_sashare_dev","GENERIC_TEST","1 saat + 1 gun + 1 hafta","6 kopya + 2 kopya + 2 kopya","Aktif","NetApp"
"Istanbul","UMR_CLS","default","CRM_ONLINE_root","CRM_ONLINE","1 saat + 1 gun + 1 hafta","6 kopya + 2 kopya + 2 kopya","Aktif","NetApp"
"Istanbul","UMR_CLS","default","DEPOT_root","DEPOT","1 saat + 1 gun + 1 hafta","6 kopya + 2 kopya + 2 kopya","Aktif","NetApp"
"Istanbul","UMR_CLS","default","vol_AV_orbis_audit","EXT_81195_3th","1 saat + 1 gun + 1 hafta","6 kopya + 2 kopya + 2 kopya","Aktif","NetApp"
"Istanbul","UMR_CLS","default","vol_maeprdapp","GENERIC_PROD","1 saat + 1 gun + 1 hafta","6 kopya + 2 kopya + 2 kopya","Aktif","NetApp"
"Istanbul","UMR_CLS","default","vol_auttstapp","DMZ_TEST","1 saat + 1 gun + 1 hafta","6 kopya + 2 kopya + 2 kopya","Aktif","NetApp"
"Istanbul","UMR_CLS","default","vol_femippreapp","CIGNA","1 saat + 1 gun + 1 hafta","6 kopya + 2 kopya + 2 kopya","Aktif","NetApp"
"Istanbul","UMR_CLS","default","vol_icpprdmst","GENERIC_PROD","1 saat + 1 gun + 1 hafta","6 kopya + 2 kopya + 2 kopya","Aktif","NetApp"
"Istanbul","UMR_CLS","default","uemprofiles","VDIPRDNAS01","1 saat + 1 gun + 1 hafta","6 kopya + 2 kopya + 2 kopya","Aktif","NetApp"
"Istanbul","UMR_CLS","default","vol_cbeduapp1011","GENERIC_PROD","1 saat + 1 gun + 1 hafta","6 kopya + 2 kopya + 2 kopya","Aktif","NetApp"
"Istanbul","UMR_CLS","default","GENERIC_DMZ_root","GENERIC_DMZ","1 saat + 1 gun + 1 hafta","6 kopya + 2 kopya + 2 kopya","Aktif","NetApp"
"Istanbul","UMR_CLS","default","GENERIC_TEST_root","GENERIC_TEST","1 saat + 1 gun + 1 hafta","6 kopya + 2 kopya + 2 kopya","Aktif","NetApp"
"Istanbul","UMR_CLS","default","SAN_root","SAN","1 saat + 1 gun + 1 hafta","6 kopya + 2 kopya + 2 kopya","Aktif","NetApp"
"Istanbul","UMR_CLS","default","Infra_Test","INFRA_Test","1 saat + 1 gun + 1 hafta","6 kopya + 2 kopya + 2 kopya","Aktif","NetApp"
"Istanbul","UMR_CLS","default","vol_ocptstgen01_rwm","GENERIC_TEST","1 saat + 1 gun + 1 hafta","6 kopya + 2 kopya + 2 kopya","Aktif","NetApp"
"Istanbul","UMR_CLS","default","kep_prod_root","kep_prod","1 saat + 1 gun + 1 hafta","6 kopya + 2 kopya + 2 kopya","Aktif","NetApp"
"Istanbul","UMR_CLS","default","fsnasuom04_root","fsnasuom04","1 saat + 1 gun + 1 hafta","6 kopya + 2 kopya + 2 kopya","Aktif","NetApp"
"Istanbul","UMR_CLS","default","botprdzmapp_62","botprdzmapp","1 saat + 1 gun + 1 hafta","6 kopya + 2 kopya + 2 kopya","Aktif","NetApp"
"Istanbul","UMR_CLS","default","Infra_Preprod","INFRA_Preprod","1 saat + 1 gun + 1 hafta","6 kopya + 2 kopya + 2 kopya","Aktif","NetApp"
"Istanbul","UMR_CLS","default","vol_ocpprdhub01_registry","GENERIC_PROD","1 saat + 1 gun + 1 hafta","6 kopya + 2 kopya + 2 kopya","Aktif","NetApp"
"Istanbul","UMR_CLS","Daily_1_snap","vol_qnbleasing","FinansLeasing","1 gun","1 kopya","Aktif","NetApp"
"Istanbul","UMR_CLS","default","nasprdnice_root","nasprdnice","1 saat + 1 gun + 1 hafta","6 kopya + 2 kopya + 2 kopya","Aktif","NetApp"
"Istanbul","UMR_CLS","entvault","vol_kampanya_EV_2","EntVault","entvault2 + entvault1 + entvault3","7 kopya + 6 kopya + 2 kopya","Aktif","NetApp"
"Istanbul","UMR_CLS","default","vol_hmnpreapp_emergency","GENERIC_TEST","1 saat + 1 gun + 1 hafta","6 kopya + 2 kopya + 2 kopya","Aktif","NetApp"
"Istanbul","UMR_CLS","default","BNXINFPRDFLS01_root","BNXINFPRDFLS01","1 saat + 1 gun + 1 hafta","6 kopya + 2 kopya + 2 kopya","Aktif","NetApp"
"Istanbul","UMR_CLS","default","vol_prometiaALM_test","GENERIC_TEST","1 saat + 1 gun + 1 hafta","6 kopya + 2 kopya + 2 kopya","Aktif","NetApp"
"Istanbul","UMR_CLS","default","FinansLeasing_root","FinansLeasing","1 saat + 1 gun + 1 hafta","6 kopya + 2 kopya + 2 kopya","Aktif","NetApp"
"Istanbul","UMR_CLS","default","vol_fb_kep_prod","GENERIC_PROD","1 saat + 1 gun + 1 hafta","6 kopya + 2 kopya + 2 kopya","Aktif","NetApp"
"Istanbul","UMR_CLS","default","efaxprdapp","nasprdosk","1 saat + 1 gun + 1 hafta","6 kopya + 2 kopya + 2 kopya","Aktif","NetApp"
"Istanbul","UMR_CLS","default","botprdzmapp_67","botprdzmapp","1 saat + 1 gun + 1 hafta","6 kopya + 2 kopya + 2 kopya","Aktif","NetApp"
"Istanbul","UMR_CLS","default","vol_cbtstesb0102","GENERIC_TEST","1 saat + 1 gun + 1 hafta","6 kopya + 2 kopya + 2 kopya","Aktif","NetApp"
"Istanbul","UMR_CLS","default","botprdzmapp_66","botprdzmapp","1 saat + 1 gun + 1 hafta","6 kopya + 2 kopya + 2 kopya","Aktif","NetApp"
"Istanbul","UMR_CLS","default","nasprdnice","nasprdnice","1 saat + 1 gun + 1 hafta","6 kopya + 2 kopya + 2 kopya","Aktif","NetApp"
"Istanbul","UMR_CLS","Daily_1_snap","vol_cbprdgen","GENERIC_PROD","1 gun","1 kopya","Aktif","NetApp"
"Istanbul","UMR_CLS","default","vol_crm_dev","CRM_ONLINE","1 saat + 1 gun + 1 hafta","6 kopya + 2 kopya + 2 kopya","Aktif","NetApp"
"Istanbul","UMR_CLS","default","vol_chatbot_preprod","PRE-PROD","1 saat + 1 gun + 1 hafta","6 kopya + 2 kopya + 2 kopya","Aktif","NetApp"
"Istanbul","UMR_CLS","default","vol_fedrpprdweb2","CIGNA","1 saat + 1 gun + 1 hafta","6 kopya + 2 kopya + 2 kopya","Aktif","NetApp"
"Istanbul","UMR_CLS","default","vol_cigna_flex","GENERIC_TEST","1 saat + 1 gun + 1 hafta","6 kopya + 2 kopya + 2 kopya","Aktif","NetApp"
"Istanbul","UMR_CLS","default","vol_sfm_sfdprd","GENERIC_PROD","1 saat + 1 gun + 1 hafta","6 kopya + 2 kopya + 2 kopya","Aktif","NetApp"
"Istanbul","UMR_CLS","default","vol_fedrpprdweb","CIGNA","1 saat + 1 gun + 1 hafta","6 kopya + 2 kopya + 2 kopya","Aktif","NetApp"
"Istanbul","UMR_CLS","default","vol_OUTPUT_ARSIV","fsnasout01","1 saat + 1 gun + 1 hafta","6 kopya + 2 kopya + 2 kopya","Aktif","NetApp"
"Istanbul","UMR_CLS","default","vol_feedfprdapp","CIGNA","1 saat + 1 gun + 1 hafta","6 kopya + 2 kopya + 2 kopya","Aktif","NetApp"
"Istanbul","UMR_CLS","default","vol_nasprdvideofb","botprdzmapp","1 saat + 1 gun + 1 hafta","6 kopya + 2 kopya + 2 kopya","Aktif","NetApp"
"Istanbul","UMR_CLS","default","vol_hmnprdapp_tr","HEMENAL_PROD","1 saat + 1 gun + 1 hafta","6 kopya + 2 kopya + 2 kopya","Aktif","NetApp"
"Istanbul","UMR_CLS","default","vol_EnparaOutput","fsnasen01","1 saat + 1 gun + 1 hafta","6 kopya + 2 kopya + 2 kopya","Aktif","NetApp"
"Istanbul","UMR_CLS","Daily_1_snap","vol_cbprdcs","GENERIC_PROD","1 gun","1 kopya","Aktif","NetApp"
"Istanbul","UMR_CLS","default","botprdzmapp_64","botprdzmapp","1 saat + 1 gun + 1 hafta","6 kopya + 2 kopya + 2 kopya","Aktif","NetApp"
"Istanbul","UMR_CLS","default","vol_efbottstapp","E-FINANS_TEST","1 saat + 1 gun + 1 hafta","6 kopya + 2 kopya + 2 kopya","Aktif","NetApp"
"Istanbul","UMR_CLS","default","vol_cbpreout","PRE-PROD","1 saat + 1 gun + 1 hafta","6 kopya + 2 kopya + 2 kopya","Aktif","NetApp"
"Istanbul","UMR_CLS","default","vol_telecom_prod_sestek","GENERIC_PROD","1 saat + 1 gun + 1 hafta","6 kopya + 2 kopya + 2 kopya","Aktif","NetApp"
"Istanbul","UMR_CLS","default","vol_febpfprdapp0102","CIGNA","1 saat + 1 gun + 1 hafta","6 kopya + 2 kopya + 2 kopya","Aktif","NetApp"
"Istanbul","UMR_CLS","default","source_drive","fsnasinfsrc01","1 saat + 1 gun + 1 hafta","6 kopya + 2 kopya + 2 kopya","Aktif","NetApp"
"Istanbul","UMR_CLS","Daily_1_snap","vol_ffprdcdvapp","FinansFaktoring_Prod","1 gun","1 kopya","Aktif","NetApp"
"Istanbul","UMR_CLS","default","vol_audit_outnas","OUTNASFS01","1 saat + 1 gun + 1 hafta","6 kopya + 2 kopya + 2 kopya","Aktif","NetApp"
"Istanbul","UMR_CLS","default","test_storage_root","test_storage","1 saat + 1 gun + 1 hafta","6 kopya + 2 kopya + 2 kopya","Aktif","NetApp"
"Istanbul","UMR_CLS","default","nasprdspa3","nasprdosk","1 saat + 1 gun + 1 hafta","6 kopya + 2 kopya + 2 kopya","Aktif","NetApp"
"Istanbul","UMR_CLS","Daily_1_snap","vol_ocpprddmz11_registry","OCP_DMZ","1 gun","1 kopya","Aktif","NetApp"
"Istanbul","UMR_CLS","default","vol_ocpprdhub01_rwm","GENERIC_PROD","1 saat + 1 gun + 1 hafta","6 kopya + 2 kopya + 2 kopya","Aktif","NetApp"
"Istanbul","UMR_CLS","default","vol_efatura_prod_archive","E-FINANS","1 saat + 1 gun + 1 hafta","6 kopya + 2 kopya + 2 kopya","Aktif","NetApp"
"Istanbul","UMR_CLS","Daily_1_snap","vol_ecmprdapp","GENERIC_PROD","1 gun","1 kopya","Aktif","NetApp"
"Istanbul","UMR_CLS","default","vol_evamprd","GENERIC_PROD","1 saat + 1 gun + 1 hafta","6 kopya + 2 kopya + 2 kopya","Aktif","NetApp"
"Istanbul","UMR_CLS","default","vol_sfdtstmq01","nfsv4_test","1 saat + 1 gun + 1 hafta","6 kopya + 2 kopya + 2 kopya","Aktif","NetApp"
"Istanbul","UMR_CLS","SnapShot_FSPRDINFRA_vol_FSPRDINFRA_0","vol_FSPRDINFRA","FSPRDINFRA","CronJob_FSPRDINFRA_vol_FSPRDINFRA_0","2 kopya","Aktif","NetApp"
"Istanbul","UMR_CLS","default","vol_ctmprdapp","GENERIC_PROD","1 saat + 1 gun + 1 hafta","6 kopya + 2 kopya + 2 kopya","Aktif","NetApp"
"Istanbul","UMR_CLS","default","vol_kfttstapp","GENERIC_TEST","1 saat + 1 gun + 1 hafta","6 kopya + 2 kopya + 2 kopya","Aktif","NetApp"
"Istanbul","UMR_CLS","default","kep_test_root","E-FINANS_TEST","1 saat + 1 gun + 1 hafta","6 kopya + 2 kopya + 2 kopya","Aktif","NetApp"
"Istanbul","UMR_CLS","default","EXT_DMZBACKUP_root","EXT_DMZBACKUP","1 saat + 1 gun + 1 hafta","6 kopya + 2 kopya + 2 kopya","Aktif","NetApp"
"Istanbul","UMR_CLS","default","vol_paragon_test","GENERIC_TEST","1 saat + 1 gun + 1 hafta","6 kopya + 2 kopya + 2 kopya","Aktif","NetApp"
"Istanbul","UMR_CLS","Daily_1_snap","vol_mspprdapp01_02","GENERIC_PROD","1 gun","1 kopya","Aktif","NetApp"
"Istanbul","UMR_CLS","default","vol_fsttstapp","GENERIC_TEST","1 saat + 1 gun + 1 hafta","6 kopya + 2 kopya + 2 kopya","Aktif","NetApp"
"Istanbul","UMR_CLS","default","vol_fletstapp","GENERIC_TEST","1 saat + 1 gun + 1 hafta","6 kopya + 2 kopya + 2 kopya","Aktif","NetApp"
"Istanbul","UMR_CLS","monthly_1","vol_fbdefter_prod","GENERIC_PROD","1 ay","3 kopya","Aktif","NetApp"
"Istanbul","UMR_CLS","default","vol_baremetal_test","GENERIC_TEST","1 saat + 1 gun + 1 hafta","6 kopya + 2 kopya + 2 kopya","Aktif","NetApp"
"Istanbul","UMR_CLS","default","nasprdosk2","nasprdosk","1 saat + 1 gun + 1 hafta","6 kopya + 2 kopya + 2 kopya","Aktif","NetApp"
"Istanbul","UMR_CLS","default","cb_test_printing","GENERIC_TEST","1 saat + 1 gun + 1 hafta","6 kopya + 2 kopya + 2 kopya","Aktif","NetApp"
"Istanbul","UMR_CLS","default","nasprdosk_root","nasprdosk","1 saat + 1 gun + 1 hafta","6 kopya + 2 kopya + 2 kopya","Aktif","NetApp"
"Istanbul","UMR_CLS","default","vol_EV_CIGNA","EntVault","1 saat + 1 gun + 1 hafta","6 kopya + 2 kopya + 2 kopya","Aktif","NetApp"
"Istanbul","UMR_CLS","default","midtstapp0102_test","GENERIC_TEST","1 saat + 1 gun + 1 hafta","6 kopya + 2 kopya + 2 kopya","Aktif","NetApp"
"Istanbul","UMR_CLS","default","vol_ocpprdcsy01_rwm","GENERIC_PROD","1 saat + 1 gun + 1 hafta","6 kopya + 2 kopya + 2 kopya","Aktif","NetApp"
"Istanbul","UMR_CLS","default","botprdzmapp_65","botprdzmapp","1 saat + 1 gun + 1 hafta","6 kopya + 2 kopya + 2 kopya","Aktif","NetApp"
"Istanbul","UMR_CLS","default","vol_fraud_sasdepot","GENERIC_TEST","1 saat + 1 gun + 1 hafta","6 kopya + 2 kopya + 2 kopya","Aktif","NetApp"
"Istanbul","UMR_CLS","default","vol_app_test","DEPOT","1 saat + 1 gun + 1 hafta","6 kopya + 2 kopya + 2 kopya","Aktif","NetApp"
"Istanbul","UMR_CLS","Daily_1_snap","vol_ocpprdgen11_registry","GENERIC_PROD","1 gun","1 kopya","Aktif","NetApp"
"Istanbul","UOM_AFF_CLS_01","default-DR","FC_vs_cls02_root","FC_vs_cls02-mc","1 saat + 1 gun + 1 hafta","6 kopya + 2 kopya + 2 kopya","Aktif","NetApp"
"Istanbul","UOM_AFF_CLS_01","default","FC_vs_root","FC_vs","1 saat + 1 gun + 1 hafta","6 kopya + 2 kopya + 2 kopya","Aktif","NetApp"
"Istanbul","UOM_AFF_CLS_01","default-DR","TR_test","cbprdapp_session-mc","1 saat + 1 gun + 1 hafta","6 kopya + 2 kopya + 2 kopya","Aktif","NetApp"
"Istanbul","UOM_AFF_CLS_01","default","test_root","test","1 saat + 1 gun + 1 hafta","6 kopya + 2 kopya + 2 kopya","Aktif","NetApp"
"Istanbul","UOM_AFF_CLS_01","default-DR","abc_test","abc-mc","1 saat + 1 gun + 1 hafta","6 kopya + 2 kopya + 2 kopya","Aktif","NetApp"
"Istanbul","UOM_AFF_CLS_01","default-DR","vserver_ldaps_root","vserver_ldaps-mc","1 saat + 1 gun + 1 hafta","6 kopya + 2 kopya + 2 kopya","Aktif","NetApp"
"Istanbul","UOM_AFF_CLS_01","default","vol_pgmprdsimout","cbprdapp_printing_prod","1 saat + 1 gun + 1 hafta","6 kopya + 2 kopya + 2 kopya","Aktif","NetApp"
"Istanbul","UOM_AFF_CLS_01","default","vol_ocrm","GENERIC_PROD","1 saat + 1 gun + 1 hafta","6 kopya + 2 kopya + 2 kopya","Aktif","NetApp"
"Istanbul","UOM_AFF_CLS_01","test_cli","vol_cifs_test_snapvault","test","1 saat + 1 hafta + 1 gun","24 kopya + 4 kopya + 7 kopya","Aktif","NetApp"
"Istanbul","UOM_AFF_CLS_01","default","vol_ebs","GENERIC_PROD","1 saat + 1 gun + 1 hafta","6 kopya + 2 kopya + 2 kopya","Aktif","NetApp"
"Istanbul","UOM_AFF_CLS_01","default","OCP_DMZ_root","OCP_DMZ","1 saat + 1 gun + 1 hafta","6 kopya + 2 kopya + 2 kopya","Aktif","NetApp"
"Istanbul","UOM_AFF_CLS_01","default","vol_audit","cbprdapp_test_printing","1 saat + 1 gun + 1 hafta","6 kopya + 2 kopya + 2 kopya","Aktif","NetApp"
"Istanbul","UOM_AFF_CLS_01","default-DR","cbprdapp_session_root","cbprdapp_session-mc","1 saat + 1 gun + 1 hafta","6 kopya + 2 kopya + 2 kopya","Aktif","NetApp"
"Istanbul","UOM_AFF_CLS_01","default","vol_ocpprddmz02_registry","OCP_DMZ","1 saat + 1 gun + 1 hafta","6 kopya + 2 kopya + 2 kopya","Aktif","NetApp"
"Istanbul","UOM_AFF_CLS_01","none-DR","cifstest","vserver_ldaps-mc","-","-","Aktif","NetApp"
"Istanbul","UOM_AFF_CLS_01","default","vol_pega","cbprdapp_printing_prod","1 saat + 1 gun + 1 hafta","6 kopya + 2 kopya + 2 kopya","Aktif","NetApp"
"Istanbul","UOM_AFF_CLS_01","default","cbprdapp_printing_root","cbprdapp_test_printing","1 saat + 1 gun + 1 hafta","6 kopya + 2 kopya + 2 kopya","Aktif","NetApp"
"Istanbul","UOM_AFF_CLS_01","default","vol_ocpprddmz02_rwm","OCP_DMZ","1 saat + 1 gun + 1 hafta","6 kopya + 2 kopya + 2 kopya","Aktif","NetApp"
"Istanbul","UOM_AFF_CLS_01","default","vol_cbprdmft_infoe","cbprdapp_printing_prod","1 saat + 1 gun + 1 hafta","6 kopya + 2 kopya + 2 kopya","Aktif","NetApp"
"Istanbul","UOM_AFF_CLS_01","default-DR","abc_root","abc-mc","1 saat + 1 gun + 1 hafta","6 kopya + 2 kopya + 2 kopya","Aktif","NetApp"
"Istanbul","UOM_AFF_CLS_01","default","GENERIC_PROD_root","GENERIC_PROD","1 saat + 1 gun + 1 hafta","6 kopya + 2 kopya + 2 kopya","Aktif","NetApp"
"Istanbul","UOM_AFF_CLS_01","default","vol_ocpprdgen02_registry","GENERIC_PROD","1 saat + 1 gun + 1 hafta","6 kopya + 2 kopya + 2 kopya","Aktif","NetApp"
"Istanbul","UOM_AFF_CLS_01","default","uom_printing_reptest","cbprdapp_printing_prod","1 saat + 1 gun + 1 hafta","6 kopya + 2 kopya + 2 kopya","Aktif","NetApp"
"Istanbul","UOM_AFF_CLS_01","session-DR","TR_coreprod_shared_2","cbprdapp_session-mc","1 gun + 1 hafta + 1 saat","2 kopya + 1 kopya + 4 kopya","Aktif","NetApp"
"Istanbul","UOM_AFF_CLS_01","default","vol_ocpprdgen02_rwm","GENERIC_PROD","1 saat + 1 gun + 1 hafta","6 kopya + 2 kopya + 2 kopya","Aktif","NetApp"
"Istanbul","UOM_AFF_CLS_01","default","vol_pega_temp","cbprdapp_printing_prod","1 saat + 1 gun + 1 hafta","6 kopya + 2 kopya + 2 kopya","Aktif","NetApp"
"Istanbul","UOM_AFF_CLS_01","printing_vault","vol_cbprdapp_printing","cbprdapp_printing_prod","1 hafta + 1 gun","2 kopya + 6 kopya","Aktif","NetApp"
"Istanbul","UOM_AFF_CLS_01","default","cbprdapp_printing_prod_root","cbprdapp_printing_prod","1 saat + 1 gun + 1 hafta","6 kopya + 2 kopya + 2 kopya","Aktif","NetApp"
"Istanbul","UOM_AFF_CLS_01","default-DR","testsil","abc-mc","1 saat + 1 gun + 1 hafta","6 kopya + 2 kopya + 2 kopya","Aktif","NetApp"
"Istanbul","UOM_AFF_CLS_01","default","cb_test_printing1","cbprdapp_test_printing","1 saat + 1 gun + 1 hafta","6 kopya + 2 kopya + 2 kopya","Aktif","NetApp"
"Istanbul","UOM_AFF_CLS_02","default","FC_vs_cls02_root","FC_vs_cls02","1 saat + 1 gun + 1 hafta","6 kopya + 2 kopya + 2 kopya","Aktif","NetApp"
"Istanbul","UOM_AFF_CLS_02","default-DR","FC_vs_root","FC_vs-mc","1 saat + 1 gun + 1 hafta","6 kopya + 2 kopya + 2 kopya","Aktif","NetApp"
"Istanbul","UOM_AFF_CLS_02","default","TR_test","cbprdapp_session","1 saat + 1 gun + 1 hafta","6 kopya + 2 kopya + 2 kopya","Aktif","NetApp"
"Istanbul","UOM_AFF_CLS_02","default-DR","test_root","test-mc","1 saat + 1 gun + 1 hafta","6 kopya + 2 kopya + 2 kopya","Aktif","NetApp"
"Istanbul","UOM_AFF_CLS_02","default","abc_test","abc","1 saat + 1 gun + 1 hafta","6 kopya + 2 kopya + 2 kopya","Aktif","NetApp"
"Istanbul","UOM_AFF_CLS_02","default","vserver_ldaps_root","vserver_ldaps","1 saat + 1 gun + 1 hafta","6 kopya + 2 kopya + 2 kopya","Aktif","NetApp"
"Istanbul","UOM_AFF_CLS_02","default-DR","vol_pgmprdsimout","cbprdapp_printing_prod-mc","1 saat + 1 gun + 1 hafta","6 kopya + 2 kopya + 2 kopya","Aktif","NetApp"
"Istanbul","UOM_AFF_CLS_02","default-DR","vol_ocrm","GENERIC_PROD-mc","1 saat + 1 gun + 1 hafta","6 kopya + 2 kopya + 2 kopya","Aktif","NetApp"
"Istanbul","UOM_AFF_CLS_02","test_cli","vol_cifs_test_snapvault","test-mc","1 saat + 1 hafta + 1 gun","24 kopya + 4 kopya + 7 kopya","Aktif","NetApp"
"Istanbul","UOM_AFF_CLS_02","default-DR","vol_ebs","GENERIC_PROD-mc","1 saat + 1 gun + 1 hafta","6 kopya + 2 kopya + 2 kopya","Aktif","NetApp"
"Istanbul","UOM_AFF_CLS_02","default-DR","OCP_DMZ_root","OCP_DMZ-mc","1 saat + 1 gun + 1 hafta","6 kopya + 2 kopya + 2 kopya","Aktif","NetApp"
"Istanbul","UOM_AFF_CLS_02","default-DR","vol_audit","cbprdapp_test_printing-mc","1 saat + 1 gun + 1 hafta","6 kopya + 2 kopya + 2 kopya","Aktif","NetApp"
"Istanbul","UOM_AFF_CLS_02","default","cbprdapp_session_root","cbprdapp_session","1 saat + 1 gun + 1 hafta","6 kopya + 2 kopya + 2 kopya","Aktif","NetApp"
"Istanbul","UOM_AFF_CLS_02","default-DR","vol_ocpprddmz02_registry","OCP_DMZ-mc","1 saat + 1 gun + 1 hafta","6 kopya + 2 kopya + 2 kopya","Aktif","NetApp"
"Istanbul","UOM_AFF_CLS_02","default-DR","vol_pega","cbprdapp_printing_prod-mc","1 saat + 1 gun + 1 hafta","6 kopya + 2 kopya + 2 kopya","Aktif","NetApp"
"Istanbul","UOM_AFF_CLS_02","none-DR","audit_log","cbprdapp_printing_prod-mc","-","-","Aktif","NetApp"
"Istanbul","UOM_AFF_CLS_02","default-DR","cbprdapp_printing_root","cbprdapp_test_printing-mc","1 saat + 1 gun + 1 hafta","6 kopya + 2 kopya + 2 kopya","Aktif","NetApp"
"Istanbul","UOM_AFF_CLS_02","default-DR","vol_ocpprddmz02_rwm","OCP_DMZ-mc","1 saat + 1 gun + 1 hafta","6 kopya + 2 kopya + 2 kopya","Aktif","NetApp"
"Istanbul","UOM_AFF_CLS_02","default-DR","vol_cbprdmft_infoe","cbprdapp_printing_prod-mc","1 saat + 1 gun + 1 hafta","6 kopya + 2 kopya + 2 kopya","Aktif","NetApp"
"Istanbul","UOM_AFF_CLS_02","default","abc_root","abc","1 saat + 1 gun + 1 hafta","6 kopya + 2 kopya + 2 kopya","Aktif","NetApp"
"Istanbul","UOM_AFF_CLS_02","default-DR","GENERIC_PROD_root","GENERIC_PROD-mc","1 saat + 1 gun + 1 hafta","6 kopya + 2 kopya + 2 kopya","Aktif","NetApp"
"Istanbul","UOM_AFF_CLS_02","none-DR","CBPRDAPP_PRINTING","test-mc","-","-","Aktif","NetApp"
"Istanbul","UOM_AFF_CLS_02","default-DR","vol_ocpprdgen02_registry","GENERIC_PROD-mc","1 saat + 1 gun + 1 hafta","6 kopya + 2 kopya + 2 kopya","Aktif","NetApp"
"Istanbul","UOM_AFF_CLS_02","default-DR","uom_printing_reptest","cbprdapp_printing_prod-mc","1 saat + 1 gun + 1 hafta","6 kopya + 2 kopya + 2 kopya","Aktif","NetApp"
"Istanbul","UOM_AFF_CLS_02","session","TR_coreprod_shared_2","cbprdapp_session","1 gun + 1 hafta + 1 saat","2 kopya + 1 kopya + 4 kopya","Aktif","NetApp"
"Istanbul","UOM_AFF_CLS_02","default-DR","vol_ocpprdgen02_rwm","GENERIC_PROD-mc","1 saat + 1 gun + 1 hafta","6 kopya + 2 kopya + 2 kopya","Aktif","NetApp"
"Istanbul","UOM_AFF_CLS_02","default-DR","vol_pega_temp","cbprdapp_printing_prod-mc","1 saat + 1 gun + 1 hafta","6 kopya + 2 kopya + 2 kopya","Aktif","NetApp"
"Istanbul","UOM_AFF_CLS_02","printing_vault","vol_cbprdapp_printing","cbprdapp_printing_prod-mc","1 hafta + 1 gun","2 kopya + 6 kopya","Aktif","NetApp"
"Istanbul","UOM_AFF_CLS_02","default-DR","cbprdapp_printing_prod_root","cbprdapp_printing_prod-mc","1 saat + 1 gun + 1 hafta","6 kopya + 2 kopya + 2 kopya","Aktif","NetApp"
"Istanbul","UOM_AFF_CLS_02","default","testsil","abc","1 saat + 1 gun + 1 hafta","6 kopya + 2 kopya + 2 kopya","Aktif","NetApp"
"Istanbul","UOM_AFF_CLS_02","default-DR","cb_test_printing1","cbprdapp_test_printing-mc","1 saat + 1 gun + 1 hafta","6 kopya + 2 kopya + 2 kopya","Aktif","NetApp"
"Ankara","ANK_CLS","default","vol_kfttstapp_dt_clone_841","GENERIC_DEVTEST","1 saat + 1 gun + 1 hafta","6 kopya + 2 kopya + 2 kopya","Aktif","NetApp"
"Ankara","ANK_CLS","TSM","vol_crash_coresys","DEPOT","1 gun + TSM","2 kopya + 6 kopya","Aktif","NetApp"
"Ankara","ANK_CLS","default","Generic_devtest_root","GENERIC_DEVTEST","1 saat + 1 gun + 1 hafta","6 kopya + 2 kopya + 2 kopya","Aktif","NetApp"
"Ankara","ANK_CLS","default","vol_ecmdrcapp","cbdrcapp_out","1 saat + 1 gun + 1 hafta","6 kopya + 2 kopya + 2 kopya","Aktif","NetApp"
"Ankara","ANK_CLS","default","vol_sfddrcorc","GENERIC_DRC","1 saat + 1 gun + 1 hafta","6 kopya + 2 kopya + 2 kopya","Aktif","NetApp"
"Ankara","ANK_CLS","default","WORM_root","WORM","1 saat + 1 gun + 1 hafta","6 kopya + 2 kopya + 2 kopya","Aktif","NetApp"
"Ankara","ANK_CLS","default","vol_drcjabber","DEPOT","1 saat + 1 gun + 1 hafta","6 kopya + 2 kopya + 2 kopya","Aktif","NetApp"
"Ankara","ANK_CLS","1daily","vol_sfm_guvenlik_raporlar_ank","GENERIC_DRC","1 gun","1 kopya","Aktif","NetApp"
"Ankara","ANK_CLS","TSM","vol_alotstcondev","GENERIC_DRC","1 gun + TSM","2 kopya + 6 kopya","Aktif","NetApp"
"Ankara","ANK_CLS","TSM","IBMTSM_vol_TSM_06_mirror","IBMTSM_DRC","1 gun + TSM","2 kopya + 6 kopya","Aktif","NetApp"
"Ankara","ANK_CLS","default","vol_kfttstapp_dt","GENERIC_DEVTEST","1 saat + 1 gun + 1 hafta","6 kopya + 2 kopya + 2 kopya","Aktif","NetApp"
"Ankara","ANK_CLS","default","TR_coretestdrc_shared_2","FB-CORETEST","1 saat + 1 gun + 1 hafta","6 kopya + 2 kopya + 2 kopya","Aktif","NetApp"
"Ankara","ANK_CLS","default","EDW_root","EDW","1 saat + 1 gun + 1 hafta","6 kopya + 2 kopya + 2 kopya","Aktif","NetApp"
"Ankara","ANK_CLS","default","vol_ocptstdev51_registry","GENERIC_DRC","1 saat + 1 gun + 1 hafta","6 kopya + 2 kopya + 2 kopya","Aktif","NetApp"
"Ankara","ANK_CLS","default","vol_pega_dev_dt","GENERIC_DEVTEST","1 saat + 1 gun + 1 hafta","6 kopya + 2 kopya + 2 kopya","Aktif","NetApp"
"Ankara","ANK_CLS","default","fsnasdrc01_root","fsnasdrc01","1 saat + 1 gun + 1 hafta","6 kopya + 2 kopya + 2 kopya","Aktif","NetApp"
"Ankara","ANK_CLS","default","cb_testdrc_printing1","FB-CORETEST","1 saat + 1 gun + 1 hafta","6 kopya + 2 kopya + 2 kopya","Aktif","NetApp"
"Ankara","ANK_CLS","default","nasdrcvidyo_enpara","botprdzmapp_drc","1 saat + 1 gun + 1 hafta","6 kopya + 2 kopya + 2 kopya","Aktif","NetApp"
"Ankara","ANK_CLS","default","vol_crm_test_dt","GENERIC_DEVTEST","1 saat + 1 gun + 1 hafta","6 kopya + 2 kopya + 2 kopya","Aktif","NetApp"
"Ankara","ANK_CLS","TSM","vol_cbtstcs","GENERIC_DRC","1 gun + TSM","2 kopya + 6 kopya","Aktif","NetApp"
"Ankara","ANK_CLS","default","vol_cbpreout_dt","GENERIC_DEVTEST","1 saat + 1 gun + 1 hafta","6 kopya + 2 kopya + 2 kopya","Aktif","NetApp"
"Ankara","ANK_CLS","1daily","vol_ocptstsxm51_registry","GENERIC_DRC","1 gun","1 kopya","Aktif","NetApp"
"Ankara","ANK_CLS","default","vol_core_stress","cbdrcapp_out","1 saat + 1 gun + 1 hafta","6 kopya + 2 kopya + 2 kopya","Aktif","NetApp"
"Ankara","ANK_CLS","default","vol_dadrcapp","GENERIC_DRC","1 saat + 1 gun + 1 hafta","6 kopya + 2 kopya + 2 kopya","Aktif","NetApp"
"Ankara","ANK_CLS","default","vol_sasshare","GENERIC_DRC","1 saat + 1 gun + 1 hafta","6 kopya + 2 kopya + 2 kopya","Aktif","NetApp"
"Ankara","ANK_CLS","default","vol_dgwtstapp_dt","GENERIC_DEVTEST","1 saat + 1 gun + 1 hafta","6 kopya + 2 kopya + 2 kopya","Aktif","NetApp"
"Ankara","ANK_CLS","default","vol_dgwdrcapp","cbdrcapp_out","1 saat + 1 gun + 1 hafta","6 kopya + 2 kopya + 2 kopya","Aktif","NetApp"
"Ankara","ANK_CLS","1daily","vol_ocpprdsxm51_registry","GENERIC_DRC","1 gun","1 kopya","Aktif","NetApp"
"Ankara","ANK_CLS","default","TR_coredev_emergency_dt","GENERIC_DEVTEST","1 saat + 1 gun + 1 hafta","6 kopya + 2 kopya + 2 kopya","Aktif","NetApp"
"Ankara","ANK_CLS","default","vol_ecmtstddrc","FB-CORETEST","1 saat + 1 gun + 1 hafta","6 kopya + 2 kopya + 2 kopya","Aktif","NetApp"
"Ankara","ANK_CLS","default","vol_sasdepot","GENERIC_DRC","1 saat + 1 gun + 1 hafta","6 kopya + 2 kopya + 2 kopya","Aktif","NetApp"
"Ankara","ANK_CLS","default","vol_ocpdrcgengpu01_rwm","GENERIC_DRC","1 saat + 1 gun + 1 hafta","6 kopya + 2 kopya + 2 kopya","Aktif","NetApp"
"Ankara","ANK_CLS","default","vol_cbdrcesb","GENERIC_DRC","1 saat + 1 gun + 1 hafta","6 kopya + 2 kopya + 2 kopya","Aktif","NetApp"
"Ankara","ANK_CLS","default","vol_logoerm_ank","GENERIC_DRC","1 saat + 1 gun + 1 hafta","6 kopya + 2 kopya + 2 kopya","Aktif","NetApp"
"Ankara","ANK_CLS","TSM","vol_cbtstgen_kos_dt","GENERIC_DEVTEST","1 gun + TSM","2 kopya + 6 kopya","Aktif","NetApp"
"Ankara","ANK_CLS","default","vol_datstflk010203","GENERIC_DEVTEST","1 saat + 1 gun + 1 hafta","6 kopya + 2 kopya + 2 kopya","Aktif","NetApp"
"Ankara","ANK_CLS","default","vol_sfddrc","GENERIC_DRC","1 saat + 1 gun + 1 hafta","6 kopya + 2 kopya + 2 kopya","Aktif","NetApp"
"Ankara","ANK_CLS","default","vol_cbpreapp_dt","GENERIC_DEVTEST","1 saat + 1 gun + 1 hafta","6 kopya + 2 kopya + 2 kopya","Aktif","NetApp"
"Ankara","ANK_CLS","default","vol_ocpdrcdmz01_rwm","GENERIC_DRC","1 saat + 1 gun + 1 hafta","6 kopya + 2 kopya + 2 kopya","Aktif","NetApp"
"Ankara","ANK_CLS","default","GENERIC_DRC_root","GENERIC_DRC","1 saat + 1 gun + 1 hafta","6 kopya + 2 kopya + 2 kopya","Aktif","NetApp"
"Ankara","ANK_CLS","default","vol_evamdrc","GENERIC_DRC","1 saat + 1 gun + 1 hafta","6 kopya + 2 kopya + 2 kopya","Aktif","NetApp"
"Ankara","ANK_CLS","default","vol_cbtstesb0102_dt","GENERIC_DEVTEST","1 saat + 1 gun + 1 hafta","6 kopya + 2 kopya + 2 kopya","Aktif","NetApp"
"Ankara","ANK_CLS","default","cbdrcapp_out_root","cbdrcapp_out","1 saat + 1 gun + 1 hafta","6 kopya + 2 kopya + 2 kopya","Aktif","NetApp"
"Ankara","ANK_CLS","default","vol_ocptstdmz51_registry","GENERIC_DRC","1 saat + 1 gun + 1 hafta","6 kopya + 2 kopya + 2 kopya","Aktif","NetApp"
"Ankara","ANK_CLS","default","vol_ebststws0102_dt","GENERIC_DEVTEST","1 saat + 1 gun + 1 hafta","6 kopya + 2 kopya + 2 kopya","Aktif","NetApp"
"Ankara","ANK_CLS","default","vol_sasmeta","GENERIC_DRC","1 saat + 1 gun + 1 hafta","6 kopya + 2 kopya + 2 kopya","Aktif","NetApp"
"Ankara","ANK_CLS","default","vol_ptstrapp0304","stress_drc","1 saat + 1 gun + 1 hafta","6 kopya + 2 kopya + 2 kopya","Aktif","NetApp"
"Ankara","ANK_CLS","1weekly","vol_alodrckfk","GENERIC_DRC","1 hafta","1 kopya","Aktif","NetApp"
"Ankara","ANK_CLS","TSM","vol_gecici_sasfraud","GENERIC_DEVTEST","1 gun + TSM","2 kopya + 6 kopya","Aktif","NetApp"
"Ankara","ANK_CLS","TSM","vol_kep_prod","E-FINANS-DRC","1 gun + TSM","2 kopya + 6 kopya","Aktif","NetApp"
"Ankara","ANK_CLS","default","vol_vol_fbdefter_test_tr_dt","DEPOT","1 saat + 1 gun + 1 hafta","6 kopya + 2 kopya + 2 kopya","Aktif","NetApp"
"Ankara","ANK_CLS","default","vol_arttstapp_shared_dt","GENERIC_DEVTEST","1 saat + 1 gun + 1 hafta","6 kopya + 2 kopya + 2 kopya","Aktif","NetApp"
"Ankara","ANK_CLS","default","vol_ocpdrcgen10_registry","GENERIC_DRC","1 saat + 1 gun + 1 hafta","6 kopya + 2 kopya + 2 kopya","Aktif","NetApp"
"Ankara","ANK_CLS","default","IBMTSM_root","IBMTSM_DRC","1 saat + 1 gun + 1 hafta","6 kopya + 2 kopya + 2 kopya","Aktif","NetApp"
"Ankara","ANK_CLS","1daily","vol_ocptstsxm51_rwm","GENERIC_DRC","1 gun","1 kopya","Aktif","NetApp"
"Ankara","ANK_CLS","default","vol_cbpreesb_dt","GENERIC_DEVTEST","1 saat + 1 gun + 1 hafta","6 kopya + 2 kopya + 2 kopya","Aktif","NetApp"
"Ankara","ANK_CLS","default","cbdrcapp010203","cbdrcapp_out","1 saat + 1 gun + 1 hafta","6 kopya + 2 kopya + 2 kopya","Aktif","NetApp"
"Ankara","ANK_CLS","default","vol_evamdrt","GENERIC_DRC","1 saat + 1 gun + 1 hafta","6 kopya + 2 kopya + 2 kopya","Aktif","NetApp"
"Ankara","ANK_CLS","default","vol_ocpprdcsy51_registry","GENERIC_DRC","1 saat + 1 gun + 1 hafta","6 kopya + 2 kopya + 2 kopya","Aktif","NetApp"
"Ankara","ANK_CLS","TSM","vol_cbtstgen_dt","GENERIC_DEVTEST","1 gun + TSM","2 kopya + 6 kopya","Aktif","NetApp"
"Ankara","ANK_CLS","default","vol_baremetal_clone2705","DEPOT","1 saat + 1 gun + 1 hafta","6 kopya + 2 kopya + 2 kopya","Aktif","NetApp"
"Ankara","ANK_CLS","default","vol_ocpdrcgen10_rwm","GENERIC_DRC","1 saat + 1 gun + 1 hafta","6 kopya + 2 kopya + 2 kopya","Aktif","NetApp"
"Ankara","ANK_CLS","TSM","PSM","GENERIC_DRC","1 gun + TSM","2 kopya + 6 kopya","Aktif","NetApp"
"Ankara","ANK_CLS","default","vol_nsidrcapp","GENERIC_DRC","1 saat + 1 gun + 1 hafta","6 kopya + 2 kopya + 2 kopya","Aktif","NetApp"
"Ankara","ANK_CLS","default","FinansLeasing_root","FinansLeasing","1 saat + 1 gun + 1 hafta","6 kopya + 2 kopya + 2 kopya","Aktif","NetApp"
"Ankara","ANK_CLS","default","vol_kfttstapp_dt_clone_8923","GENERIC_DEVTEST","1 saat + 1 gun + 1 hafta","6 kopya + 2 kopya + 2 kopya","Aktif","NetApp"
"Ankara","ANK_CLS","default","Ansible_Test_DRC_root","Ansible_Test-DRC","1 saat + 1 gun + 1 hafta","6 kopya + 2 kopya + 2 kopya","Aktif","NetApp"
"Ankara","ANK_CLS","default","EV_drc_root","EV_drc","1 saat + 1 gun + 1 hafta","6 kopya + 2 kopya + 2 kopya","Aktif","NetApp"
"Ankara","ANK_CLS","1daily","vol_ocpprdsxm51_rwm","GENERIC_DRC","1 gun","1 kopya","Aktif","NetApp"
"Ankara","ANK_CLS","default","FSDRCINFRA_root","FSDRCINFRA","1 saat + 1 gun + 1 hafta","6 kopya + 2 kopya + 2 kopya","Aktif","NetApp"
"Ankara","ANK_CLS","default","nasdrcspa4","nasprdosk_drc","1 saat + 1 gun + 1 hafta","6 kopya + 2 kopya + 2 kopya","Aktif","NetApp"
"Ankara","ANK_CLS","default","cbdrcout0102","cbdrcapp_out","1 saat + 1 gun + 1 hafta","6 kopya + 2 kopya + 2 kopya","Aktif","NetApp"
"Ankara","ANK_CLS","default","nasprdnice_drc_root","nasprdnice_drc","1 saat + 1 gun + 1 hafta","6 kopya + 2 kopya + 2 kopya","Aktif","NetApp"
"Ankara","ANK_CLS","default","vol_jratstapp1011_dt","GENERIC_DEVTEST","1 saat + 1 gun + 1 hafta","6 kopya + 2 kopya + 2 kopya","Aktif","NetApp"
"Ankara","ANK_CLS","default","cb_testdrc_printing","FB-CORETEST","1 saat + 1 gun + 1 hafta","6 kopya + 2 kopya + 2 kopya","Aktif","NetApp"
"Ankara","ANK_CLS","default","vol_flexdir","CIGNA_DRC","1 saat + 1 gun + 1 hafta","6 kopya + 2 kopya + 2 kopya","Aktif","NetApp"
"Ankara","ANK_CLS","default","botprdzmapp_drc_root","botprdzmapp_drc","1 saat + 1 gun + 1 hafta","6 kopya + 2 kopya + 2 kopya","Aktif","NetApp"
"Ankara","ANK_CLS","default","vol_ocpdrcdmz01_registry","GENERIC_DRC","1 saat + 1 gun + 1 hafta","6 kopya + 2 kopya + 2 kopya","Aktif","NetApp"
"Ankara","ANK_CLS","default","bnxefttstapp","GENERIC_DRC","1 saat + 1 gun + 1 hafta","6 kopya + 2 kopya + 2 kopya","Aktif","NetApp"
"Ankara","ANK_CLS","default","vol_ocpdrchub01_registry","GENERIC_DRC","1 saat + 1 gun + 1 hafta","6 kopya + 2 kopya + 2 kopya","Aktif","NetApp"
"Ankara","ANK_CLS","default","TR_coredrc_2","cbdrcapp_out","1 saat + 1 gun + 1 hafta","6 kopya + 2 kopya + 2 kopya","Aktif","NetApp"
"Ankara","ANK_CLS","default","svm_vserver_ldaps_root","vserver_ldaps","1 saat + 1 gun + 1 hafta","6 kopya + 2 kopya + 2 kopya","Aktif","NetApp"
"Ankara","ANK_CLS","default","vol_ocpdrcgen11_rwm","GENERIC_DRC","1 saat + 1 gun + 1 hafta","6 kopya + 2 kopya + 2 kopya","Aktif","NetApp"
"Ankara","ANK_CLS","1daily","vol_ibthink","GENERIC_DRC","1 gun","1 kopya","Aktif","NetApp"
"Ankara","ANK_CLS","1daily","vol_corenextdrctstauditlog","GENERIC_DRC","1 gun","1 kopya","Aktif","NetApp"
"Ankara","ANK_CLS","default","nasprdcnice_drc_root","nasprdcnice_drc","1 saat + 1 gun + 1 hafta","6 kopya + 2 kopya + 2 kopya","Aktif","NetApp"
"Ankara","ANK_CLS","default","vol_ocmdrcapp","cbdrcapp_out","1 saat + 1 gun + 1 hafta","6 kopya + 2 kopya + 2 kopya","Aktif","NetApp"
"Ankara","ANK_CLS","default","vol_sfdtstmq01_dt","GENERIC_DEVTEST","1 saat + 1 gun + 1 hafta","6 kopya + 2 kopya + 2 kopya","Aktif","NetApp"
"Ankara","ANK_CLS","TSM","nasdrccspa","nasprdosk_drc","1 gun + TSM","2 kopya + 6 kopya","Aktif","NetApp"
"Ankara","ANK_CLS","1daily","vol_sfm_guvenlik_sasdata_ank","GENERIC_DRC","1 gun","1 kopya","Aktif","NetApp"
"Ankara","ANK_CLS","TSM","vol_splunk","fsnasdrc01","1 gun + TSM","2 kopya + 6 kopya","Aktif","NetApp"
"Ankara","ANK_CLS","default","stress_drc_root","stress_drc","1 saat + 1 gun + 1 hafta","6 kopya + 2 kopya + 2 kopya","Aktif","NetApp"
"Ankara","ANK_CLS","default","GENERIC_DMZ_DRC_root","GENERIC_DMZ_DRC","1 saat + 1 gun + 1 hafta","6 kopya + 2 kopya + 2 kopya","Aktif","NetApp"
"Ankara","ANK_CLS","default-1weekly","vol_dkimages_ank","GENERIC_DMZ_DRC","1 saat + 1 gun + 1 hafta","6 kopya + 2 kopya + 1 kopya","Aktif","NetApp"
"Ankara","ANK_CLS","TSM","vol_deployrepo_ank","GENERIC_DMZ_DRC","1 gun + TSM","2 kopya + 6 kopya","Aktif","NetApp"
"Ankara","ANK_CLS","default","SAN_DRC_root","SAN_DRC","1 saat + 1 gun + 1 hafta","6 kopya + 2 kopya + 2 kopya","Aktif","NetApp"
"Ankara","ANK_CLS","default","E_FINANS_DRC_root","E-FINANS-DRC","1 saat + 1 gun + 1 hafta","6 kopya + 2 kopya + 2 kopya","Aktif","NetApp"
"Ankara","ANK_CLS","TSM","vol_agentvideo","nasprdosk_drc","1 gun + TSM","2 kopya + 6 kopya","Aktif","NetApp"
"Ankara","ANK_CLS","default","HEMENAL_DRC_root","HEMENAL_DRC","1 saat + 1 gun + 1 hafta","6 kopya + 2 kopya + 2 kopya","Aktif","NetApp"
"Ankara","ANK_CLS","TSM","vol_audit_test","cbdrcapp_out","1 gun + TSM","2 kopya + 6 kopya","Aktif","NetApp"
"Ankara","ANK_CLS","default","DEPOT_root","DEPOT","1 saat + 1 gun + 1 hafta","6 kopya + 2 kopya + 2 kopya","Aktif","NetApp"
"Ankara","ANK_CLS","default","vol_ocpdrcdmz10_registry","GENERIC_DRC","1 saat + 1 gun + 1 hafta","6 kopya + 2 kopya + 2 kopya","Aktif","NetApp"
"Ankara","ANK_CLS","default","vol_ocptstdev51_rwm","GENERIC_DRC","1 saat + 1 gun + 1 hafta","6 kopya + 2 kopya + 2 kopya","Aktif","NetApp"
"Ankara","ANK_CLS","default","vol_tngdrcapp","GENERIC_DRC","1 saat + 1 gun + 1 hafta","6 kopya + 2 kopya + 2 kopya","Aktif","NetApp"
"Ankara","ANK_CLS","default","vol_ocpprdcsy51_rwm","GENERIC_DRC","1 saat + 1 gun + 1 hafta","6 kopya + 2 kopya + 2 kopya","Aktif","NetApp"
"Ankara","ANK_CLS","TSM","vol_fraud_sasshare_dt","GENERIC_DEVTEST","1 gun + TSM","2 kopya + 6 kopya","Aktif","NetApp"
"Ankara","ANK_CLS","default","CIGNA_DRC_root","CIGNA_DRC","1 saat + 1 gun + 1 hafta","6 kopya + 2 kopya + 2 kopya","Aktif","NetApp"
"Ankara","ANK_CLS","default","nasprdosk_drc_root","nasprdosk_drc","1 saat + 1 gun + 1 hafta","6 kopya + 2 kopya + 2 kopya","Aktif","NetApp"
"Ankara","ANK_CLS","default","vol_cnftstapp10_dt","GENERIC_DEVTEST","1 saat + 1 gun + 1 hafta","6 kopya + 2 kopya + 2 kopya","Aktif","NetApp"
"Ankara","ANK_CLS","TSM","vol_splunkaudit","fsnasdrc01","1 gun + TSM","2 kopya + 6 kopya","Aktif","NetApp"
"Ankara","ANK_CLS","default","vol_ocpdrcgen11_registry","GENERIC_DRC","1 saat + 1 gun + 1 hafta","6 kopya + 2 kopya + 2 kopya","Aktif","NetApp"
"Ankara","ANK_CLS","TSM","vol_dadrcflk","GENERIC_DRC","1 gun + TSM","2 kopya + 6 kopya","Aktif","NetApp"
"Ankara","ANK_CLS","TSM","vol_chatbot_drc","GENERIC_DRC","1 gun + TSM","2 kopya + 6 kopya","Aktif","NetApp"
"Ankara","ANK_CLS","default","vol_blkdrcapp_01","GENERIC_DRC","1 saat + 1 gun + 1 hafta","6 kopya + 2 kopya + 2 kopya","Aktif","NetApp"
"Ankara","ANK_CLS","default","vol_FSDRCINFRA","FSDRCINFRA","1 saat + 1 gun + 1 hafta","6 kopya + 2 kopya + 2 kopya","Aktif","NetApp"
"Ankara","ANK_CLS","default","vol_ocpdrcdmz11_registry","GENERIC_DRC","1 saat + 1 gun + 1 hafta","6 kopya + 2 kopya + 2 kopya","Aktif","NetApp"
"Ankara","ANK_CLS","1daily","vol_cbotdrctstauditlog","GENERIC_DRC","1 gun","1 kopya","Aktif","NetApp"
"Ankara","ANK_CLS","default","nasprdvidyo_drc","botprdzmapp_drc","1 saat + 1 gun + 1 hafta","6 kopya + 2 kopya + 2 kopya","Aktif","NetApp"
"Ankara","ANK_CLS","default","vol_cbtstsch_dt","GENERIC_DEVTEST","1 saat + 1 gun + 1 hafta","6 kopya + 2 kopya + 2 kopya","Aktif","NetApp"
"Ankara","ANK_CLS","default","vol_ocptstdmz51_rwm","GENERIC_DRC","1 saat + 1 gun + 1 hafta","6 kopya + 2 kopya + 2 kopya","Aktif","NetApp"
"Ankara","ANK_CLS","default","vol_sfddrcmq","GENERIC_DRC","1 saat + 1 gun + 1 hafta","6 kopya + 2 kopya + 2 kopya","Aktif","NetApp"
"Ankara","ANK_CLS","default","vol_prometiaALM_drc","GENERIC_DRC","1 saat + 1 gun + 1 hafta","6 kopya + 2 kopya + 2 kopya","Aktif","NetApp"
"Ankara","ANK_CLS","TSM","vol_fraud_sasmeta_dt","GENERIC_DEVTEST","1 gun + TSM","2 kopya + 6 kopya","Aktif","NetApp"
"Ankara","ANK_CLS","default","nasdrcspa","nasprdosk_drc","1 saat + 1 gun + 1 hafta","6 kopya + 2 kopya + 2 kopya","Aktif","NetApp"
"Ankara","ANK_CLS","default","vol_ffdrccdvapp","GENERIC_DRC","1 saat + 1 gun + 1 hafta","6 kopya + 2 kopya + 2 kopya","Aktif","NetApp"
"Ankara","ANK_CLS","default","vol_baremetal","DEPOT","1 saat + 1 gun + 1 hafta","6 kopya + 2 kopya + 2 kopya","Aktif","NetApp"
"Ankara","ANK_CLS","default","cbdev_session_dt","GENERIC_DEVTEST","1 saat + 1 gun + 1 hafta","6 kopya + 2 kopya + 2 kopya","Aktif","NetApp"
"Ankara","ANK_CLS","default","vol_ocpdrcdmz10_rwm","GENERIC_DRC","1 saat + 1 gun + 1 hafta","6 kopya + 2 kopya + 2 kopya","Aktif","NetApp"
"Ankara","ANK_CLS","default","vol_maedrcapp_prod","cbdrcapp_out","1 saat + 1 gun + 1 hafta","6 kopya + 2 kopya + 2 kopya","Aktif","NetApp"
"Ankara","ANK_CLS","default","vol_ocpdrcgengpu01_registry","GENERIC_DRC","1 saat + 1 gun + 1 hafta","6 kopya + 2 kopya + 2 kopya","Aktif","NetApp"
"Ankara","ANK_CLS","default","vol_tngpreapp_dt","GENERIC_DEVTEST","1 saat + 1 gun + 1 hafta","6 kopya + 2 kopya + 2 kopya","Aktif","NetApp"
"Ankara","ANK_CLS","TSM","vol_fraud_sasdepot_dt","GENERIC_DEVTEST","1 gun + TSM","2 kopya + 6 kopya","Aktif","NetApp"
"Ankara","ANK_CLS","default","vol_fledrcapp","FinansLeasing","1 saat + 1 gun + 1 hafta","6 kopya + 2 kopya + 2 kopya","Aktif","NetApp"
"Ankara","ANK_CLS","default","FBCORETEST_root","FB-CORETEST","1 saat + 1 gun + 1 hafta","6 kopya + 2 kopya + 2 kopya","Aktif","NetApp"
"Ankara","ANK_CLS","default","vol_ocpdrcdmz11_rwm","GENERIC_DRC","1 saat + 1 gun + 1 hafta","6 kopya + 2 kopya + 2 kopya","Aktif","NetApp"
"Ankara","ANK_AFF_CLS_01","none-DR","efficiencytest","svm_test2-mc","-","-","Aktif","NetApp"
"Ankara","ANK_AFF_CLS_01","default-DR","svm_test2_root","svm_test2-mc","1 saat + 1 gun + 1 hafta","6 kopya + 2 kopya + 2 kopya","Aktif","NetApp"
"Ankara","ANK_AFF_CLS_01","none-DR","seal_test","vserver_ldaps2-mc","-","-","Aktif","NetApp"
"Ankara","ANK_AFF_CLS_01","none-DR","TR_coreprod_shared_2_dest","CORE_SESSION-mc","-","-","Aktif","NetApp"
"Ankara","ANK_AFF_CLS_01","none-DR","TR_test_dest","CORE_SESSION-mc","-","-","Aktif","NetApp"
"Ankara","ANK_AFF_CLS_01","default-DR","CORE_SESSION_root","CORE_SESSION-mc","1 saat + 1 gun + 1 hafta","6 kopya + 2 kopya + 2 kopya","Aktif","NetApp"
"Ankara","ANK_AFF_CLS_01","default-DR","GENERIC_AFF2_root","GENERIC_AFF2-mc","1 saat + 1 gun + 1 hafta","6 kopya + 2 kopya + 2 kopya","Aktif","NetApp"
"Ankara","ANK_AFF_CLS_01","default","GENERIC_PROD_root","GENERIC_AFF1","1 saat + 1 gun + 1 hafta","6 kopya + 2 kopya + 2 kopya","Aktif","NetApp"
"Ankara","ANK_AFF_CLS_01","default","backupcommvault_v2","backuptest","1 saat + 1 gun + 1 hafta","6 kopya + 2 kopya + 2 kopya","Aktif","NetApp"
"Ankara","ANK_AFF_CLS_01","none-DR","cbprdapp_session_root_dest","CORE_SESSION-mc","-","-","Aktif","NetApp"
"Ankara","ANK_AFF_CLS_01","default","vserver_ldaps_root","vserver_ldaps","1 saat + 1 gun + 1 hafta","6 kopya + 2 kopya + 2 kopya","Aktif","NetApp"
"Ankara","ANK_AFF_CLS_01","default","CORE_PRINTING_root","CORE_PRINTING","1 saat + 1 gun + 1 hafta","6 kopya + 2 kopya + 2 kopya","Aktif","NetApp"
"Ankara","ANK_AFF_CLS_01","default","backuptest_root","backuptest","1 saat + 1 gun + 1 hafta","6 kopya + 2 kopya + 2 kopya","Aktif","NetApp"
"Ankara","ANK_AFF_CLS_01","default","backupcommvault","backuptest","1 saat + 1 gun + 1 hafta","6 kopya + 2 kopya + 2 kopya","Aktif","NetApp"
"Ankara","ANK_AFF_CLS_01","default-DR","vserver_ldaps2_root","vserver_ldaps2-mc","1 saat + 1 gun + 1 hafta","6 kopya + 2 kopya + 2 kopya","Aktif","NetApp"
"Ankara","ANK_AFF_CLS_01","default","CORE_TEST_PRINTING_root","CORE_TEST_PRINTING","1 saat + 1 gun + 1 hafta","6 kopya + 2 kopya + 2 kopya","Aktif","NetApp"
"Ankara","ANK_AFF_CLS_02","none-DR","vol_ocrm_dest","GENERIC_AFF1-mc","-","-","Aktif","NetApp"
"Ankara","ANK_AFF_CLS_02","default","svm_test2_root","svm_test2","1 saat + 1 gun + 1 hafta","6 kopya + 2 kopya + 2 kopya","Aktif","NetApp"
"Ankara","ANK_AFF_CLS_02","none-DR","cb_test_printing_dt","CORE_TEST_PRINTING-mc","-","-","Aktif","NetApp"
"Ankara","ANK_AFF_CLS_02","none-DR","vol_ocpprdgen02_rwm_dest","GENERIC_AFF1-mc","-","-","Aktif","NetApp"
"Ankara","ANK_AFF_CLS_02","none-DR","vol_ocpprdgen02_registry_dest","GENERIC_AFF1-mc","-","-","Aktif","NetApp"
"Ankara","ANK_AFF_CLS_02","none-DR","vol_cbprdmft_infoe_dest","GENERIC_AFF1-mc","-","-","Aktif","NetApp"
"Ankara","ANK_AFF_CLS_02","none-DR","TR_coretest_shared_2_dt","CORE_TEST_PRINTING-mc","-","-","Aktif","NetApp"
"Ankara","ANK_AFF_CLS_02","none-DR","cb_test_printing1_dt","CORE_TEST_PRINTING-mc","-","-","Aktif","NetApp"
"Ankara","ANK_AFF_CLS_02","none-DR","vol_audit_dest","GENERIC_AFF1-mc","-","-","Aktif","NetApp"
"Ankara","ANK_AFF_CLS_02","default","CORE_SESSION_root","CORE_SESSION","1 saat + 1 gun + 1 hafta","6 kopya + 2 kopya + 2 kopya","Aktif","NetApp"
"Ankara","ANK_AFF_CLS_02","default","GENERIC_AFF2_root","GENERIC_AFF2","1 saat + 1 gun + 1 hafta","6 kopya + 2 kopya + 2 kopya","Aktif","NetApp"
"Ankara","ANK_AFF_CLS_02","default-DR","GENERIC_PROD_root","GENERIC_AFF1-mc","1 saat + 1 gun + 1 hafta","6 kopya + 2 kopya + 2 kopya","Aktif","NetApp"
"Ankara","ANK_AFF_CLS_02","default-DR","backupcommvault_v2","backuptest-mc","1 saat + 1 gun + 1 hafta","6 kopya + 2 kopya + 2 kopya","Aktif","NetApp"
"Ankara","ANK_AFF_CLS_02","default-DR","vserver_ldaps_root","vserver_ldaps-mc","1 saat + 1 gun + 1 hafta","6 kopya + 2 kopya + 2 kopya","Aktif","NetApp"
"Ankara","ANK_AFF_CLS_02","none-DR","vol_ocpprddmz02_registry_dest","GENERIC_AFF1-mc","-","-","Aktif","NetApp"
"Ankara","ANK_AFF_CLS_02","none-DR","audit_log_dest","CORE_PRINTING-mc","-","-","Aktif","NetApp"
"Ankara","ANK_AFF_CLS_02","default-DR","CORE_PRINTING_root","CORE_PRINTING-mc","1 saat + 1 gun + 1 hafta","6 kopya + 2 kopya + 2 kopya","Aktif","NetApp"
"Ankara","ANK_AFF_CLS_02","default-DR","backuptest_root","backuptest-mc","1 saat + 1 gun + 1 hafta","6 kopya + 2 kopya + 2 kopya","Aktif","NetApp"
"Ankara","ANK_AFF_CLS_02","none-DR","uom_printing_reptest_dest","GENERIC_AFF1-mc","-","-","Aktif","NetApp"
"Ankara","ANK_AFF_CLS_02","none-DR","vol_ocpprddmz02_rwm_dest","GENERIC_AFF1-mc","-","-","Aktif","NetApp"
"Ankara","ANK_AFF_CLS_02","default-DR","backupcommvault","backuptest-mc","1 saat + 1 gun + 1 hafta","6 kopya + 2 kopya + 2 kopya","Aktif","NetApp"
"Ankara","ANK_AFF_CLS_02","default","vserver_ldaps2_root","vserver_ldaps2","1 saat + 1 gun + 1 hafta","6 kopya + 2 kopya + 2 kopya","Aktif","NetApp"
"Ankara","ANK_AFF_CLS_02","none-DR","cbprdapp_printing_dest","CORE_PRINTING-mc","-","-","Aktif","NetApp"
"Ankara","ANK_AFF_CLS_02","none-DR","efftest","GENERIC_AFF1-mc","-","-","Aktif","NetApp"
"Ankara","ANK_AFF_CLS_02","none-DR","vol_ebs_dest","GENERIC_AFF1-mc","-","-","Aktif","NetApp"
"Ankara","ANK_AFF_CLS_02","default-DR","CORE_TEST_PRINTING_root","CORE_TEST_PRINTING-mc","1 saat + 1 gun + 1 hafta","6 kopya + 2 kopya + 2 kopya","Aktif","NetApp"
"Ankara","ANK_AFF_CLS_02","none-DR","TR_coretest_shared_2_dest","CORE_PRINTING-mc","-","-","Aktif","NetApp"