"Lokasyon","Kabinet","Volume","Size (TB)","Serial"
"Istanbul","PURE_07B","FEPRDVM_UNIX_00","5","AB570CBFDFC446E60001218E"
"Istanbul","PURE_07B","FEPRDVM_UNIX_01","5","AB570CBFDFC446E60001218F"
"Istanbul","PURE_07B","FEPRDVM_UNIX_02","5","AB570CBFDFC446E600012190"
"Istanbul","PURE_07B","FEPRDVM_UNIX_03","5","AB570CBFDFC446E600012191"
"Istanbul","PURE_07B","FEPRDVM_UNIX_04","5","AB570CBFDFC446E600012192"
"Istanbul","PURE_07B","FEPRDVM_UNIX_06","5","AB570CBFDFC446E600012194"
"Istanbul","PURE_07B","FEPRDVM_UNIX_07","5","AB570CBFDFC446E600012195"
"Istanbul","PURE_07B","FEPRDVM_UNIX_08","5","AB570CBFDFC446E600012196"
"Istanbul","PURE_07B","FEPRDVM_UNIX_09","5","AB570CBFDFC446E600012197"
"Istanbul","PURE_07B","FEPRDVM_UNIX_11","5","AB570CBFDFC446E600012199"
"Istanbul","PURE_07B","FEPRDVM_UNIX_13","5","AB570CBFDFC446E60001219B"
"Istanbul","PURE_07B","FEPRDVM_UNIX_14","5","AB570CBFDFC446E60001219C"
"Istanbul","PURE_07B","FEPRDVM_UNIX_17","5","AB570CBFDFC446E60001219F"
"Istanbul","PURE_07B","FEPRDVM_UNIX_18","5","AB570CBFDFC446E6000121A0"
"Istanbul","PURE_07B","FEPRDVM_UNIX_19","5","AB570CBFDFC446E6000121A1"
"Istanbul","PURE_07B","FEPRDVM_UNIX_20","5","AB570CBFDFC446E6000121A2"
"Istanbul","PURE_07B","FEPRDVM_UNIX_21","5","AB570CBFDFC446E6000121A3"
"Istanbul","PURE_07B","FEPRDVM_UNIX_22","5","AB570CBFDFC446E6000121A4"
"Istanbul","PURE_07B","FEPRDVM_UNIX_23","5","AB570CBFDFC446E6000121A5"
"Istanbul","PURE_07B","FEPRDVM_UNIX_24","5","AB570CBFDFC446E6000121A6"
"Istanbul","PURE_07B","FEPRDVM_UNIX_28","5","AB570CBFDFC446E6000121AA"
"Istanbul","PURE_07B","FEPRDVM_UNIX_30","5","AB570CBFDFC446E6000121AC"
"Istanbul","PURE_07B","FEPRDVM_UNIX_31","5","AB570CBFDFC446E6000121AD"
"Istanbul","PURE_07B","FEPRDVM_UNIX_32","5","AB570CBFDFC446E6000121AE"
"Istanbul","PURE_07B","FEPRDVM_UNIX_33","5","AB570CBFDFC446E6000121AF"
"Istanbul","PURE_07B","FEPRDVM_UNIX_34","5","AB570CBFDFC446E6000121B0"
"Istanbul","PURE_07B","FEPRDVM_UNIX_35","5","AB570CBFDFC446E6000121B1"
"Istanbul","PURE_07B","FEPRDVM_UNIX_36","5","AB570CBFDFC446E6000121B2"
"Istanbul","PURE_07B","FEPRDVM_UNIX_38","5","AB570CBFDFC446E6000121B4"
"Istanbul","PURE_07B","FEPRDVM_UNIX_39","5","AB570CBFDFC446E6000121B5"
"Istanbul","PURE_07B","FEPRDVM_UNIX_41","5","AB570CBFDFC446E6000121B7"
"Istanbul","PURE_07B","FEPRDVM_UNIX_43","5","AB570CBFDFC446E6000121B9"
"Istanbul","PURE_07B","FEPRDVM_UNIX_44","5","AB570CBFDFC446E6000121BA"
"Istanbul","PURE_07B","FEPRDVM_UNIX_45","5","AB570CBFDFC446E6000121BB"
"Istanbul","PURE_07B","FEPRDVM_UNIX_46","5","AB570CBFDFC446E6000121BC"
"Istanbul","PURE_07B","FEPRDVM_UNIX_47","5","AB570CBFDFC446E6000121BD"
"Istanbul","PURE_07B","FEPRDVM_UNIX_48","5","AB570CBFDFC446E6000121BE"
"Istanbul","PURE_07B","FEPRDVM_UNIX_50","5","AB570CBFDFC446E6000121C0"
"Istanbul","PURE_07B","FEPRDVM_UNIX_52","5","AB570CBFDFC446E6000121C2"
"Istanbul","PURE_07B","ELKPRDDAT08_01","4","AB570CBFDFC446E6000121C3"
"Istanbul","PURE_07B","ELKPRDDAT08_02","4","AB570CBFDFC446E6000121C4"
"Istanbul","PURE_07B","ELKPRDDAT08_03","4","AB570CBFDFC446E6000121C5"
"Istanbul","PURE_07B","ELKPRDDAT08_04","4","AB570CBFDFC446E6000121C6"
"Istanbul","PURE_07B","ELKPRDDAT08_05","4","AB570CBFDFC446E6000121C7"
"Istanbul","PURE_07B","ELKPRDDAT08_06","5","AB570CBFDFC446E6000121C8"
"Istanbul","PURE_07B","ELKPRDDAT08_07","0.25","AB570CBFDFC446E6000121C9"
"Istanbul","PURE_07B","ELKPRDDAT07_01","4","AB570CBFDFC446E6000121CA"
"Istanbul","PURE_07B","ELKPRDDAT07_02","4","AB570CBFDFC446E6000121CB"
"Istanbul","PURE_07B","ELKPRDDAT07_03","4","AB570CBFDFC446E6000121CC"
"Istanbul","PURE_07B","ELKPRDDAT07_04","4","AB570CBFDFC446E6000121CD"
"Istanbul","PURE_07B","ELKPRDDAT07_05","4","AB570CBFDFC446E6000121CE"
"Istanbul","PURE_07B","ELKPRDDAT07_06","5","AB570CBFDFC446E6000121CF"
"Istanbul","PURE_07B","ELKPRDDAT07_07","0.25","AB570CBFDFC446E6000121D0"
"Istanbul","PURE_07B","ALOPRDKFK14_01","6","AB570CBFDFC446E6000121D1"
"Istanbul","PURE_07B","ALOPRDKFK14_02","6","AB570CBFDFC446E6000121D2"
"Istanbul","PURE_07B","ALOPRDKFK14_03","6","AB570CBFDFC446E6000121D3"
"Istanbul","PURE_07B","ALOPRDKFK14_04","6","AB570CBFDFC446E6000121D4"
"Istanbul","PURE_07B","ALOPRDKFK14_05","6","AB570CBFDFC446E6000121D5"
"Istanbul","PURE_07B","ALOPRDKFK14_06","6","AB570CBFDFC446E6000121D6"
"Istanbul","PURE_07B","ALOPRDKFK15_01","6","AB570CBFDFC446E6000121D7"
"Istanbul","PURE_07B","ALOPRDKFK15_02","6","AB570CBFDFC446E6000121D8"
"Istanbul","PURE_07B","ALOPRDKFK15_03","6","AB570CBFDFC446E6000121D9"
"Istanbul","PURE_07B","ALOPRDKFK15_04","6","AB570CBFDFC446E6000121DA"
"Istanbul","PURE_07B","ALOPRDKFK15_05","6","AB570CBFDFC446E6000121DB"
"Istanbul","PURE_07B","ALOPRDKFK15_06","6","AB570CBFDFC446E6000121DC"
"Istanbul","PURE_07B","ALOPRDKFK11_01","5.029","AB570CBFDFC446E6000121DD"
"Istanbul","PURE_07B","ALOPRDKFK11_02","5.029","AB570CBFDFC446E6000121DE"
"Istanbul","PURE_07B","ALOPRDKFK11_03","5.029","AB570CBFDFC446E6000121DF"
"Istanbul","PURE_07B","ALOPRDKFK11_04","4.031","AB570CBFDFC446E6000121E0"
"Istanbul","PURE_07B","ALOPRDKFK11_05","4.031","AB570CBFDFC446E6000121E1"
"Istanbul","PURE_07B","ALOPRDKFK11_06","4.031","AB570CBFDFC446E6000121E2"
"Istanbul","PURE_07B","ALOPRDKFK11_07","4.031","AB570CBFDFC446E6000121E3"
"Istanbul","PURE_07B","ALOPRDKFK11_08","4.031","AB570CBFDFC446E6000121E4"
"Istanbul","PURE_07B","ALOPRDKFK11_09","4.031","AB570CBFDFC446E6000121E5"
"Istanbul","PURE_07B","ALOPRDKFK11_10","4.031","AB570CBFDFC446E6000121E6"
"Istanbul","PURE_07B","ALOPRDKFK11_11","4.031","AB570CBFDFC446E6000121E7"
"Istanbul","PURE_07B","ALOPRDKFK11_12","4.031","AB570CBFDFC446E6000121E8"
"Istanbul","PURE_07B","ALOPRDKFK11_13","4.031","AB570CBFDFC446E6000121E9"
"Istanbul","PURE_07B","ALOPRDKFK11_14","2.078","AB570CBFDFC446E6000121EA"
"Istanbul","PURE_07B","ELKPRDDAT04_01","0.537","AB570CBFDFC446E6000121EB"
"Istanbul","PURE_07B","ELKPRDDAT04_02","0.537","AB570CBFDFC446E6000121EC"
"Istanbul","PURE_07B","ELKPRDDAT04_03","0.537","AB570CBFDFC446E6000121ED"
"Istanbul","PURE_07B","ELKPRDDAT04_04","0.537","AB570CBFDFC446E6000121EE"
"Istanbul","PURE_07B","ELKPRDDAT04_05","0.537","AB570CBFDFC446E6000121EF"
"Istanbul","PURE_07B","ELKPRDDAT04_06","0.537","AB570CBFDFC446E6000121F0"
"Istanbul","PURE_07B","ELKPRDDAT04_07","0.537","AB570CBFDFC446E6000121F1"
"Istanbul","PURE_07B","ELKPRDDAT04_08","0.537","AB570CBFDFC446E6000121F2"
"Istanbul","PURE_07B","ELKPRDDAT04_09","0.537","AB570CBFDFC446E6000121F3"
"Istanbul","PURE_07B","ELKPRDDAT04_10","0.537","AB570CBFDFC446E6000121F4"
"Istanbul","PURE_07B","ELKPRDDAT04_11","0.537","AB570CBFDFC446E6000121F5"
"Istanbul","PURE_07B","ELKPRDDAT04_12","0.537","AB570CBFDFC446E6000121F6"
"Istanbul","PURE_07B","ELKPRDDAT04_13","0.537","AB570CBFDFC446E6000121F7"
"Istanbul","PURE_07B","ELKPRDDAT04_14","0.537","AB570CBFDFC446E6000121F8"
"Istanbul","PURE_07B","ELKPRDDAT04_15","0.537","AB570CBFDFC446E6000121F9"
"Istanbul","PURE_07B","ELKPRDDAT04_16","0.537","AB570CBFDFC446E6000121FA"
"Istanbul","PURE_07B","ELKPRDDAT04_17","1.025","AB570CBFDFC446E6000121FB"
"Istanbul","PURE_07B","ELKPRDDAT04_18","1.025","AB570CBFDFC446E6000121FC"
"Istanbul","PURE_07B","ELKPRDDAT04_19","1.025","AB570CBFDFC446E6000121FD"
"Istanbul","PURE_07B","ELKPRDDAT04_20","1.025","AB570CBFDFC446E6000121FE"
"Istanbul","PURE_07B","ELKPRDDAT04_21","1.025","AB570CBFDFC446E6000121FF"
"Istanbul","PURE_07B","ELKPRDDAT04_22","2.539","AB570CBFDFC446E600012210"
"Istanbul","PURE_07B","ELKPRDDAT04_23","2.539","AB570CBFDFC446E600012211"
"Istanbul","PURE_07B","ELKPRDDAT04_24","2.539","AB570CBFDFC446E600012212"
"Istanbul","PURE_07B","ELKPRDDAT04_25","5.078","AB570CBFDFC446E600012213"
"Istanbul","PURE_07B","ALOPRDKFK11_15","0.098","AB570CBFDFC446E600012214"
"Istanbul","PURE_07B","ALOPRDKFK17_01","6","AB570CBFDFC446E600012247"
"Istanbul","PURE_07B","ALOPRDKFK17_02","6","AB570CBFDFC446E600012248"
"Istanbul","PURE_07B","ALOPRDKFK17_03","6","AB570CBFDFC446E600012249"
"Istanbul","PURE_07B","ALOPRDKFK17_04","6","AB570CBFDFC446E60001224A"
"Istanbul","PURE_07B","ALOPRDKFK17_05","6","AB570CBFDFC446E60001224B"
"Istanbul","PURE_07B","ALOPRDKFK17_06","6","AB570CBFDFC446E60001224C"
"Istanbul","PURE_07B","FEPRDVM_UNIX_53","5","AB570CBFDFC446E600012269"
"Istanbul","PURE_07B","FEPRDVM_UNIX_54","5","AB570CBFDFC446E60001226A"
"Istanbul","PURE_07B","FEPRDVM_UNIX_56","5","AB570CBFDFC446E60001226C"
"Istanbul","PURE_07B","FEPRDVM_UNIX_57","5","AB570CBFDFC446E60001226D"
"Istanbul","PURE_07B","FEPRDVM_UNIX_59","5","AB570CBFDFC446E6000122F1"
"Istanbul","PURE_07B","FEPRDVM_UNIX_60","5","AB570CBFDFC446E6000122F2"
"Istanbul","PURE_07B","FEPRDVM_UNIX_61","5","AB570CBFDFC446E6000122F3"
"Istanbul","PURE_07B","FEPRDVM_UNIX_62","5","AB570CBFDFC446E6000122F4"
"Istanbul","PURE_07B","FEPRDVM_UNIX_65","5","AB570CBFDFC446E6000126DF"
"Istanbul","PURE_07B","FEPRDVM_UNIX_67","5","AB570CBFDFC446E6000126E1"
"Istanbul","PURE_07B","FEPRDVM_UNIX_68","5","AB570CBFDFC446E6000126E2"
"Istanbul","PURE_07B","ALOPRDKFK17_07","6","AB570CBFDFC446E6000126E6"
"Istanbul","PURE_07B","ALOPRDKFK17_08","6","AB570CBFDFC446E6000126E7"
"Istanbul","PURE_07B","ALOPRDKFK15_07","6","AB570CBFDFC446E6000126E8"
"Istanbul","PURE_07B","ALOPRDKFK15_08","6","AB570CBFDFC446E6000126E9"
"Istanbul","PURE_07B","ALOPRDKFK14_07","6","AB570CBFDFC446E6000126EA"
"Istanbul","PURE_07B","ALOPRDKFK14_08","6","AB570CBFDFC446E6000126EB"
"Istanbul","PURE_07B","FEPRDVM_UNIX_72","5","AB570CBFDFC446E6000126EC"
"Istanbul","PURE_07B","PSPRDESX_01","0.252","AB570CBFDFC446E600014186"
"Istanbul","PURE_07B","PSPRDESX_02","2.002","AB570CBFDFC446E600014187"
"Istanbul","PURE_07B","PSPRDESX_03","3.002","AB570CBFDFC446E600014188"
"Istanbul","PURE_07B","PSPRDESX_04","4.002","AB570CBFDFC446E600014189"
"Istanbul","PURE_07B","PSPRDESX_05","4.002","AB570CBFDFC446E60001418A"
"Istanbul","PURE_07B","PSPRDESX_06","5.002","AB570CBFDFC446E60001418B"
"Istanbul","PURE_07B","PSPRDESX_07","5.002","AB570CBFDFC446E60001418C"
"Istanbul","PURE_07B","PSPRDESX_08","6","AB570CBFDFC446E600014221"
"Istanbul","PURE_07B","PGMPRDRAC0102_01","0.02","AB570CBFDFC446E600015432"
"Istanbul","PURE_07B","PGMPRDRAC0102_02","0.107","AB570CBFDFC446E600015433"
"Istanbul","PURE_07B","PGMPRDRAC0102_03","0.107","AB570CBFDFC446E600015434"
"Istanbul","PURE_07B","PGMPRDRAC0102_04","0.107","AB570CBFDFC446E600015435"
"Istanbul","PURE_07B","SWPRDMGW01_ROOT","0.293","AB570CBFDFC446E600015BF2"
"Istanbul","PURE_07B","SWPRDMGW02_ROOT","0.293","AB570CBFDFC446E600015C98"
"Istanbul","PURE_07B","SWPRDMGW01_01","0.5","AB570CBFDFC446E600015E88"
"Istanbul","PURE_07B","SWPRDMGW02_01","0.5","AB570CBFDFC446E600015E89"
"Istanbul","PURE_07B","KFTPRDRAC_01","0.016","AB570CBFDFC446E600016FF1"
"Istanbul","PURE_07B","KFTPRDRAC_03","0.016","AB570CBFDFC446E600016FF3"
"Istanbul","PURE_07B","FEPRDVM_UNIX_74","5","AB570CBFDFC446E600019D19"
"Istanbul","PURE_07B","FEPRDVM_UNIX_75","5","AB570CBFDFC446E600019D1A"
"Istanbul","PURE_07B","FEPRDVM_UNIX_76","5","AB570CBFDFC446E600019D1B"
"Istanbul","PURE_07B","FEPRDVM_UNIX_77","5","AB570CBFDFC446E600019D1C"
"Istanbul","PURE_07B","FEPRDVM_UNIX_78","5","AB570CBFDFC446E600019D1D"
"Istanbul","PURE_07B","FEPRDVM_UNIX_79","5","AB570CBFDFC446E600019D1E"
"Istanbul","PURE_07B","FEPRDVM_UNIX_80","5","AB570CBFDFC446E600019D1F"
"Istanbul","PURE_07B","DAPRDCAS05_01","0.5","AB570CBFDFC446E600021ACF"
"Istanbul","PURE_07B","DAPRDCAS05_02","20","AB570CBFDFC446E600021AD0"
"Istanbul","PURE_07B","ELKPRDDAT04_26","2","AB570CBFDFC446E6000244B6"
"Istanbul","PURE_07B","ELKPRDDAT04_27","2","AB570CBFDFC446E6000244B7"
"Istanbul","PURE_07B","ELKPRDDAT08_08","2","AB570CBFDFC446E6000244B8"
"Istanbul","PURE_07B","ELKPRDDAT08_09","2","AB570CBFDFC446E6000244B9"
"Istanbul","PURE_07B","ELKPRDDAT07_08","2","AB570CBFDFC446E6000244BA"
"Istanbul","PURE_07B","ELKPRDDAT07_09","2","AB570CBFDFC446E6000244BB"
"Istanbul","PURE_07B","FEPRDVM_UNIX_81","5","AB570CBFDFC446E600024FB1"
"Istanbul","PURE_07B","FEPRDVM_UNIX_84","5","AB570CBFDFC446E600024FB4"
"Istanbul","PURE_07B","FEPRDVM_UNIX_85","5","AB570CBFDFC446E600024FB5"
"Istanbul","PURE_07B","FEPRDVM_UNIX_86","5","AB570CBFDFC446E600024FB6"
"Istanbul","PURE_07B","FEPRDVM_UNIX_87","5","AB570CBFDFC446E600024FB7"
"Istanbul","PURE_07B","FEPRDVM_UNIX_88","5","AB570CBFDFC446E600024FB8"
"Istanbul","PURE_07B","FEPRDVM_UNIX_89","5","AB570CBFDFC446E600024FB9"
"Istanbul","PURE_07B","FEPRDVM_UNIX_90","5","AB570CBFDFC446E600024FBA"
"Istanbul","PURE_07B","TNGPRDRAC0102_01","0.016","AB570CBFDFC446E600025A2D"
"Istanbul","PURE_07B","TNGPRDRAC0102_02","0.016","AB570CBFDFC446E600025A2E"
"Istanbul","PURE_07B","FEPRDVM_UNIX_91","5","AB570CBFDFC446E600027252"
"Istanbul","PURE_07B","PSPRDESX_09","1","AB570CBFDFC446E60002834C"
"Istanbul","PURE_07B","FBPRDESX-TELEKOM_01","6","AB570CBFDFC446E60003B2A0"
"Istanbul","PURE_07B","FBPRDESX-TELEKOM_02","6","AB570CBFDFC446E60003B2A1"
"Istanbul","PURE_07B","FBPRDESX-TELEKOM_03","6","AB570CBFDFC446E60003B2A2"
"Istanbul","PURE_07B","FBPRDESX-TELEKOM_04","6","AB570CBFDFC446E60003B2A3"
"Istanbul","PURE_07B","FBPRDESX-TELEKOM_05","6","AB570CBFDFC446E60003B2A4"
"Istanbul","PURE_07B","SEATSTRAC_VOTE_01","0.015","AB570CBFDFC446E60003CE1B"
"Istanbul","PURE_07B","SEATSTRAC_VOTE_02","0.015","AB570CBFDFC446E60003CE1C"
"Istanbul","PURE_07B","SIMPRDESX_01","11","AB570CBFDFC446E600041C63"
"Istanbul","PURE_07B","SIMPRDESX_02","11","AB570CBFDFC446E600041C64"
"Istanbul","PURE_07B","SIMPRDESX_03","11","AB570CBFDFC446E600041C65"
"Istanbul","PURE_07B","SIMPRDESX_04","11","AB570CBFDFC446E600041C66"
"Istanbul","PURE_07B","SIMPRDESX_05","11","AB570CBFDFC446E600041C67"
"Istanbul","PURE_07B","SIMPRDESX_06","11","AB570CBFDFC446E600041C68"
"Istanbul","PURE_07B","SIMPRDESX_07","11","AB570CBFDFC446E600041C69"
"Istanbul","PURE_07B","FEPRDVM_UNIX_92","10","AB570CBFDFC446E600053DE3"
"Istanbul","PURE_07B","FEPRDVM_UNIX_93","10","AB570CBFDFC446E600053DE4"
"Istanbul","PURE_07B","FEPRDVM_UNIX_94","10","AB570CBFDFC446E600053DE5"
"Istanbul","PURE_07B","FEPRDVM_UNIX_95","10","AB570CBFDFC446E600053DE6"
"Istanbul","PURE_07B","FEPRDVM_UNIX_96","10","AB570CBFDFC446E600053DE7"
"Istanbul","PURE_07B","SIMPRDESX_08","11","AB570CBFDFC446E6000559F5"
"Istanbul","PURE_07B","SIMPRDESX_09","11","AB570CBFDFC446E60005607C"
"Istanbul","PURE_07B","SIMPRDESX_10","11","AB570CBFDFC446E60005607D"
"Istanbul","PURE_07B","FEPRDVM_UNIX_97","10","AB570CBFDFC446E6000586FB"
"Istanbul","PURE_07B","FEPRDVM_UNIX_98","10","AB570CBFDFC446E6000586FC"
"Istanbul","PURE_07B","SIMPRDESX_11","11","AB570CBFDFC446E6000586FD"
"Istanbul","PURE_07B","FBPRDESX-TELEKOM_06","6","AB570CBFDFC446E6000586FE"
"Istanbul","PURE_07B","SEAPRDRAC-VOTE/SEAPRDRAC_VOTE_1","0.016","AB570CBFDFC446E600058AE8"
"Istanbul","PURE_07B","SEAPRDRAC-VOTE/SEAPRDRAC_VOTE_2","0.016","AB570CBFDFC446E600058AE9"
"Istanbul","PURE_008","ECMPRDRAC03_01","0.293","E7F099B2420D45DE00011924"
"Istanbul","PURE_008","ECMPRDRAC03_02","0.5","E7F099B2420D45DE00011925"
"Istanbul","PURE_008","ECMPRDRAC03_03","0.5","E7F099B2420D45DE00011926"
"Istanbul","PURE_008","ECMPRDRAC03_04","0.107","E7F099B2420D45DE00011927"
"Istanbul","PURE_008","ECMPRDRAC03_05","0.107","E7F099B2420D45DE00011928"
"Istanbul","PURE_008","ECMPRDRAC04_01","0.293","E7F099B2420D45DE00011929"
"Istanbul","PURE_008","ECMPRDRAC04_02","0.107","E7F099B2420D45DE0001192A"
"Istanbul","PURE_008","ECMPRDRAC04_03","0.107","E7F099B2420D45DE0001192B"
"Istanbul","PURE_008","ECMPRDRAC0304_01","1","E7F099B2420D45DE0001192C"
"Istanbul","PURE_008","ECMPRDRAC0304_02","1","E7F099B2420D45DE0001192D"
"Istanbul","PURE_008","ECMPRDRAC0304_03","1","E7F099B2420D45DE0001192E"
"Istanbul","PURE_008","ECMPRDRAC0304_04","1","E7F099B2420D45DE0001192F"
"Istanbul","PURE_008","ECMPRDRAC0304_05","1","E7F099B2420D45DE00011930"
"Istanbul","PURE_008","ECMPRDRAC0304_06","1","E7F099B2420D45DE00011931"
"Istanbul","PURE_008","ECMPRDRAC0304_07","1","E7F099B2420D45DE00011932"
"Istanbul","PURE_008","ECMPRDRAC0304_08","1","E7F099B2420D45DE00011933"
"Istanbul","PURE_008","ECMPRDRAC0304_09","1","E7F099B2420D45DE00011934"
"Istanbul","PURE_008","ECMPRDRAC0304_10","1","E7F099B2420D45DE00011935"
"Istanbul","PURE_008","ECMPRDRAC0304_11","1","E7F099B2420D45DE00011936"
"Istanbul","PURE_008","ECMPRDRAC0304_12","1","E7F099B2420D45DE00011937"
"Istanbul","PURE_008","ECMPRDRAC0304_13","1","E7F099B2420D45DE00011938"
"Istanbul","PURE_008","ECMPRDRAC0304_14","1","E7F099B2420D45DE00011939"
"Istanbul","PURE_008","ECMPRDRAC0304_15","1","E7F099B2420D45DE0001193A"
"Istanbul","PURE_008","ECMPRDRAC0304_16","1","E7F099B2420D45DE0001193B"
"Istanbul","PURE_008","ECMPRDRAC0304_17","1","E7F099B2420D45DE0001193C"
"Istanbul","PURE_008","ECMPRDRAC0304_18","1","E7F099B2420D45DE0001193D"
"Istanbul","PURE_008","ECMPRDRAC0304_19","1","E7F099B2420D45DE0001193E"
"Istanbul","PURE_008","ECMPRDRAC0304_20","1","E7F099B2420D45DE0001193F"
"Istanbul","PURE_008","ECMPRDRAC0304_21","1","E7F099B2420D45DE00011940"
"Istanbul","PURE_008","ECMPRDRAC0304_22","1","E7F099B2420D45DE00011941"
"Istanbul","PURE_008","ECMPRDRAC0304_23","1","E7F099B2420D45DE00011942"
"Istanbul","PURE_008","ECMPRDRAC0304_24","1","E7F099B2420D45DE00011943"
"Istanbul","PURE_008","ECMPRDRAC0304_25","1","E7F099B2420D45DE00011944"
"Istanbul","PURE_008","ECMPRDRAC0304_26","1","E7F099B2420D45DE00011945"
"Istanbul","PURE_008","ECMPRDRAC0304_27","1","E7F099B2420D45DE00011946"
"Istanbul","PURE_008","ECMPRDRAC0304_28","1","E7F099B2420D45DE00011947"
"Istanbul","PURE_008","ECMPRDRAC0304_29","1","E7F099B2420D45DE00011948"
"Istanbul","PURE_008","ECMPRDRAC0304_30","1","E7F099B2420D45DE00011949"
"Istanbul","PURE_008","ECMPRDRAC0304_31","1","E7F099B2420D45DE0001194A"
"Istanbul","PURE_008","ECMPRDRAC0304_32","1","E7F099B2420D45DE0001194B"
"Istanbul","PURE_008","ECMPRDRAC0304_33","1","E7F099B2420D45DE0001194C"
"Istanbul","PURE_008","ECMPRDRAC0304_34","1","E7F099B2420D45DE0001194D"
"Istanbul","PURE_008","ECMPRDRAC0304_35","1","E7F099B2420D45DE0001194E"
"Istanbul","PURE_008","ECMPRDRAC0304_36","1","E7F099B2420D45DE0001194F"
"Istanbul","PURE_008","ECMPRDRAC0304_37","1","E7F099B2420D45DE00011950"
"Istanbul","PURE_008","ECMPRDRAC0304_38","1","E7F099B2420D45DE00011951"
"Istanbul","PURE_008","ECMPRDRAC0304_39","0.049","E7F099B2420D45DE000119CA"
"Istanbul","PURE_008","ECMPRDRAC0304_40","0.049","E7F099B2420D45DE000119CB"
"Istanbul","PURE_008","ECMPRDRAC0304_41","0.049","E7F099B2420D45DE000119CC"
"Istanbul","PURE_008","FBPRDESX_SQL_01","6","E7F099B2420D45DE00011A45"
"Istanbul","PURE_008","FBPRDESX_SQL_02","6","E7F099B2420D45DE00011A46"
"Istanbul","PURE_008","FBPRDESX_SQL_03","6","E7F099B2420D45DE00011A47"
"Istanbul","PURE_008","FBPRDESX_SQL_04","6","E7F099B2420D45DE00011A48"
"Istanbul","PURE_008","ECMPRDRAC04_04","0.5","E7F099B2420D45DE00011A49"
"Istanbul","PURE_008","ECMPRDRAC04_05","0.5","E7F099B2420D45DE00011A4A"
"Istanbul","PURE_008","FBPRDESX_SQL_05","6","E7F099B2420D45DE00011A4B"
"Istanbul","PURE_008","FBPRDESX_SQL_06","6","E7F099B2420D45DE00011A4C"
"Istanbul","PURE_008","FBPRDESX_SQL_07","6","E7F099B2420D45DE00011A4D"
"Istanbul","PURE_008","FBPRDESX_SQL_08","6","E7F099B2420D45DE00011A4E"
"Istanbul","PURE_008","FBPRDESX_SQL_09","6","E7F099B2420D45DE00011A4F"
"Istanbul","PURE_008","FBPRDESX_SQL_10","6","E7F099B2420D45DE00011A50"
"Istanbul","PURE_008","FBPRDESX_SQL_11","6","E7F099B2420D45DE00011A51"
"Istanbul","PURE_008","FBPRDESX_SQL_13","6","E7F099B2420D45DE00011A53"
"Istanbul","PURE_008","FBPRDESX_SQL_14","6","E7F099B2420D45DE00011A54"
"Istanbul","PURE_008","FBPRDESX_SQL_15","6","E7F099B2420D45DE00011A55"
"Istanbul","PURE_008","FBPRDESX_SQL_16","6","E7F099B2420D45DE00011A56"
"Istanbul","PURE_008","FBPRDESX_SQL_18","6","E7F099B2420D45DE00011A58"
"Istanbul","PURE_008","FBPRDESX_SQL_19","6","E7F099B2420D45DE00011A59"
"Istanbul","PURE_008","ALOPRDKFK12_01","4.199","E7F099B2420D45DE00011BA4"
"Istanbul","PURE_008","ALOPRDKFK12_02","4.102","E7F099B2420D45DE00011BA5"
"Istanbul","PURE_008","ALOPRDKFK12_03","4.102","E7F099B2420D45DE00011BA6"
"Istanbul","PURE_008","ALOPRDKFK12_04","4.102","E7F099B2420D45DE00011BA7"
"Istanbul","PURE_008","ALOPRDKFK12_05","4.102","E7F099B2420D45DE00011BA8"
"Istanbul","PURE_008","ALOPRDKFK12_06","4.102","E7F099B2420D45DE00011BA9"
"Istanbul","PURE_008","ALOPRDKFK12_07","4.102","E7F099B2420D45DE00011BAA"
"Istanbul","PURE_008","ALOPRDKFK12_08","4.102","E7F099B2420D45DE00011BAB"
"Istanbul","PURE_008","ALOPRDKFK12_09","4.102","E7F099B2420D45DE00011BAC"
"Istanbul","PURE_008","ALOPRDKFK12_10","4.102","E7F099B2420D45DE00011BAD"
"Istanbul","PURE_008","ALOPRDKFK12_11","5.078","E7F099B2420D45DE00011BAE"
"Istanbul","PURE_008","ALOPRDKFK12_12","5.078","E7F099B2420D45DE00011BAF"
"Istanbul","PURE_008","ALOPRDKFK12_13","5.078","E7F099B2420D45DE00011BB0"
"Istanbul","PURE_008","ALOPRDKFK12_14","2.051","E7F099B2420D45DE00011BB1"
"Istanbul","PURE_008","FBPRDESX_SQL_20","5","E7F099B2420D45DE00011BB3"
"Istanbul","PURE_008","FBPRDESX_SQL_21","5","E7F099B2420D45DE00011BB4"
"Istanbul","PURE_008","FBPRDESX_SQL_22","5","E7F099B2420D45DE00011BB5"
"Istanbul","PURE_008","ODIPRDAPP02_ROOT","0.293","E7F099B2420D45DE00011BD5"
"Istanbul","PURE_008","ODIPRDAPP02_01","0.25","E7F099B2420D45DE00011BD6"
"Istanbul","PURE_008","FBPRDESX_SQL_25","6","E7F099B2420D45DE00011BD8"
"Istanbul","PURE_008","FBPRDESX_SQL_26","6","E7F099B2420D45DE00011BD9"
"Istanbul","PURE_008","FBPRDESX_SQL_28","6","E7F099B2420D45DE00011BDB"
"Istanbul","PURE_008","FBPRDESX_SQL_29","6","E7F099B2420D45DE00011BDC"
"Istanbul","PURE_008","KFTPRDRAC_01","0.016","E7F099B2420D45DE00011BDD"
"Istanbul","PURE_008","KFTPRDRAC_03","0.016","E7F099B2420D45DE00011BDF"
"Istanbul","PURE_008","ELKPRDDAT11_01","4","E7F099B2420D45DE00011C23"
"Istanbul","PURE_008","ELKPRDDAT11_02","4","E7F099B2420D45DE00011C24"
"Istanbul","PURE_008","ELKPRDDAT11_03","4","E7F099B2420D45DE00011C25"
"Istanbul","PURE_008","ELKPRDDAT11_04","4","E7F099B2420D45DE00011C26"
"Istanbul","PURE_008","ELKPRDDAT11_05","4","E7F099B2420D45DE00011C27"
"Istanbul","PURE_008","ELKPRDDAT11_06","5","E7F099B2420D45DE00011C28"
"Istanbul","PURE_008","BTPRDOPVIRT02_01","1","E7F099B2420D45DE00011C60"
"Istanbul","PURE_008","BTPRDOPVIRT03_01","1","E7F099B2420D45DE00011C61"
"Istanbul","PURE_008","BTPRDOPVIRT01_01","1","E7F099B2420D45DE00011C62"
"Istanbul","PURE_008","GENTSTRAC01_01","0.195","E7F099B2420D45DE00011C63"
"Istanbul","PURE_008","GENTSTRAC01_02","0.195","E7F099B2420D45DE00011C64"
"Istanbul","PURE_008","GENTSTRAC01_03","0.119","E7F099B2420D45DE00011C65"
"Istanbul","PURE_008","GENTSTRAC01_04","0.119","E7F099B2420D45DE00011C66"
"Istanbul","PURE_008","GENTSTRAC01_05","0.119","E7F099B2420D45DE00011C67"
"Istanbul","PURE_008","GENTSTRAC01_06","0.119","E7F099B2420D45DE00011C68"
"Istanbul","PURE_008","GENTSTRAC01_07","0.119","E7F099B2420D45DE00011C69"
"Istanbul","PURE_008","GENTSTRAC01_08","0.119","E7F099B2420D45DE00011C6A"
"Istanbul","PURE_008","GENTSTRAC01_09","0.119","E7F099B2420D45DE00011C6B"
"Istanbul","PURE_008","GENTSTRAC01_10","0.119","E7F099B2420D45DE00011C6C"
"Istanbul","PURE_008","GENTSTRAC01_11","0.119","E7F099B2420D45DE00011C6D"
"Istanbul","PURE_008","GENTSTRAC01_12","0.119","E7F099B2420D45DE00011C6E"
"Istanbul","PURE_008","GENTSTRAC01_13","0.119","E7F099B2420D45DE00011C6F"
"Istanbul","PURE_008","GENTSTRAC01_14","0.119","E7F099B2420D45DE00011C70"
"Istanbul","PURE_008","GENTSTRAC01_15","0.119","E7F099B2420D45DE00011C71"
"Istanbul","PURE_008","GENTSTRAC01_16","0.119","E7F099B2420D45DE00011C72"
"Istanbul","PURE_008","GENTSTRAC01_17","0.119","E7F099B2420D45DE00011C73"
"Istanbul","PURE_008","GENTSTRAC01_18","0.119","E7F099B2420D45DE00011C74"
"Istanbul","PURE_008","GENTSTRAC01_19","0.119","E7F099B2420D45DE00011C75"
"Istanbul","PURE_008","GENTSTRAC02_01","0.195","E7F099B2420D45DE00011C76"
"Istanbul","PURE_008","GENTSTRAC02_02","0.195","E7F099B2420D45DE00011C77"
"Istanbul","PURE_008","GENTSTRAC02_03","0.119","E7F099B2420D45DE00011C78"
"Istanbul","PURE_008","GENTSTRAC02_04","0.119","E7F099B2420D45DE00011C79"
"Istanbul","PURE_008","GENTSTRAC02_05","0.119","E7F099B2420D45DE00011C7A"
"Istanbul","PURE_008","GENTSTRAC02_06","0.119","E7F099B2420D45DE00011C7B"
"Istanbul","PURE_008","GENTSTRAC02_07","0.119","E7F099B2420D45DE00011C7C"
"Istanbul","PURE_008","GENTSTRAC02_08","0.119","E7F099B2420D45DE00011C7D"
"Istanbul","PURE_008","GENTSTRAC02_09","0.119","E7F099B2420D45DE00011C7E"
"Istanbul","PURE_008","GENTSTRAC02_10","0.119","E7F099B2420D45DE00011C7F"
"Istanbul","PURE_008","GENTSTRAC02_11","0.119","E7F099B2420D45DE00011C80"
"Istanbul","PURE_008","GENTSTRAC02_12","0.119","E7F099B2420D45DE00011C81"
"Istanbul","PURE_008","GENTSTRAC02_13","0.119","E7F099B2420D45DE00011C82"
"Istanbul","PURE_008","GENTSTRAC02_14","0.119","E7F099B2420D45DE00011C83"
"Istanbul","PURE_008","GENTSTRAC02_15","0.119","E7F099B2420D45DE00011C84"
"Istanbul","PURE_008","GENTSTRAC02_16","0.119","E7F099B2420D45DE00011C85"
"Istanbul","PURE_008","GENTSTRAC02_17","0.119","E7F099B2420D45DE00011C86"
"Istanbul","PURE_008","GENTSTRAC02_18","0.119","E7F099B2420D45DE00011C87"
"Istanbul","PURE_008","GENTSTRAC02_19","0.119","E7F099B2420D45DE00011C88"
"Istanbul","PURE_008","GENTSTRAC0102_01","2","E7F099B2420D45DE00011C89"
"Istanbul","PURE_008","GENTSTRAC0102_02","2","E7F099B2420D45DE00011C8A"
"Istanbul","PURE_008","GENTSTRAC0102_03","2","E7F099B2420D45DE00011C8B"
"Istanbul","PURE_008","GENTSTRAC0102_04","2","E7F099B2420D45DE00011C8C"
"Istanbul","PURE_008","GENTSTRAC0102_05","2","E7F099B2420D45DE00011C8D"
"Istanbul","PURE_008","GENTSTRAC0102_06","2","E7F099B2420D45DE00011C8E"
"Istanbul","PURE_008","GENTSTRAC0102_07","2","E7F099B2420D45DE00011C8F"
"Istanbul","PURE_008","GENTSTRAC0102_08","2","E7F099B2420D45DE00011C90"
"Istanbul","PURE_008","GENTSTRAC0102_09","2","E7F099B2420D45DE00011C91"
"Istanbul","PURE_008","GENTSTRAC0102_10","2","E7F099B2420D45DE00011C92"
"Istanbul","PURE_008","GENTSTRAC0102_11","2","E7F099B2420D45DE00011C93"
"Istanbul","PURE_008","GENTSTRAC0102_12","2","E7F099B2420D45DE00011C94"
"Istanbul","PURE_008","GENTSTRAC0102_13","2","E7F099B2420D45DE00011C95"
"Istanbul","PURE_008","GENTSTRAC0102_14","2","E7F099B2420D45DE00011C96"
"Istanbul","PURE_008","GENTSTRAC0102_15","2","E7F099B2420D45DE00011C97"
"Istanbul","PURE_008","GENTSTRAC0102_16","2","E7F099B2420D45DE00011C98"
"Istanbul","PURE_008","GENTSTRAC0102_17","2","E7F099B2420D45DE00011C99"
"Istanbul","PURE_008","GENTSTRAC0102_18","2","E7F099B2420D45DE00011C9A"
"Istanbul","PURE_008","GENTSTRAC0102_19","2","E7F099B2420D45DE00011C9B"
"Istanbul","PURE_008","GENTSTRAC0102_20","2","E7F099B2420D45DE00011C9C"
"Istanbul","PURE_008","GENTSTRAC0102_21","2","E7F099B2420D45DE00011C9D"
"Istanbul","PURE_008","GENTSTRAC0102_22","2","E7F099B2420D45DE00011C9E"
"Istanbul","PURE_008","GENTSTRAC0102_23","2","E7F099B2420D45DE00011C9F"
"Istanbul","PURE_008","GENTSTRAC0102_24","2","E7F099B2420D45DE00011CA0"
"Istanbul","PURE_008","GENTSTRAC0102_25","2","E7F099B2420D45DE00011CA1"
"Istanbul","PURE_008","GENTSTRAC0102_26","2","E7F099B2420D45DE00011CA2"
"Istanbul","PURE_008","GENTSTRAC0102_27","2","E7F099B2420D45DE00011CA3"
"Istanbul","PURE_008","GENTSTRAC0102_28","2","E7F099B2420D45DE00011CA4"
"Istanbul","PURE_008","GENTSTRAC0102_29","2","E7F099B2420D45DE00011CA5"
"Istanbul","PURE_008","GENTSTRAC0102_30","2","E7F099B2420D45DE00011CA6"
"Istanbul","PURE_008","GENTSTRAC0102_31","2","E7F099B2420D45DE00011CA7"
"Istanbul","PURE_008","GENTSTRAC0102_32","0.016","E7F099B2420D45DE00011CA8"
"Istanbul","PURE_008","GENTSTRAC0102_33","0.127","E7F099B2420D45DE00011CA9"
"Istanbul","PURE_008","ALMPRDCLN01_01","2","E7F099B2420D45DE00011CAA"
"Istanbul","PURE_008","GENTSTRAC01_20","0.293","E7F099B2420D45DE00011CAC"
"Istanbul","PURE_008","GENTSTRAC01_21","0.488","E7F099B2420D45DE00011CAD"
"Istanbul","PURE_008","GENTSTRAC01_22","0.488","E7F099B2420D45DE00011CAE"
"Istanbul","PURE_008","GENTSTRAC01_23","0.488","E7F099B2420D45DE00011CAF"
"Istanbul","PURE_008","GENTSTRAC01_24","0.488","E7F099B2420D45DE00011CB0"
"Istanbul","PURE_008","GENTSTRAC01_25","1","E7F099B2420D45DE00011CB1"
"Istanbul","PURE_008","GENTSTRAC01_26","1","E7F099B2420D45DE00011CB2"
"Istanbul","PURE_008","GENTSTRAC01_27","1","E7F099B2420D45DE00011CB3"
"Istanbul","PURE_008","GENTSTRAC01_28","1","E7F099B2420D45DE00011CB4"
"Istanbul","PURE_008","GENTSTRAC01_29","1","E7F099B2420D45DE00011CB5"
"Istanbul","PURE_008","GENTSTRAC01_30","1","E7F099B2420D45DE00011CB6"
"Istanbul","PURE_008","GENTSTRAC01_31","1","E7F099B2420D45DE00011CB7"
"Istanbul","PURE_008","GENTSTRAC01_32","1","E7F099B2420D45DE00011CB8"
"Istanbul","PURE_008","GENTSTRAC01_33","1","E7F099B2420D45DE00011CB9"
"Istanbul","PURE_008","GENTSTRAC01_34","1","E7F099B2420D45DE00011CBA"
"Istanbul","PURE_008","GENTSTRAC02_20","0.293","E7F099B2420D45DE00011CBB"
"Istanbul","PURE_008","GENTSTRAC02_21","0.488","E7F099B2420D45DE00011CBC"
"Istanbul","PURE_008","GENTSTRAC02_22","0.488","E7F099B2420D45DE00011CBD"
"Istanbul","PURE_008","GENTSTRAC02_23","0.488","E7F099B2420D45DE00011CBE"
"Istanbul","PURE_008","GENTSTRAC02_24","0.488","E7F099B2420D45DE00011CBF"
"Istanbul","PURE_008","SEATSTRAC01_01","0.293","E7F099B2420D45DE00011CC2"
"Istanbul","PURE_008","SEATSTRAC01_02","0.293","E7F099B2420D45DE00011CC3"
"Istanbul","PURE_008","SEATSTRAC02_01","0.293","E7F099B2420D45DE00011CC4"
"Istanbul","PURE_008","SEATSTRAC02_02","0.293","E7F099B2420D45DE00011CC5"
"Istanbul","PURE_008","SEATSTRAC01_03","0.488","E7F099B2420D45DE00011CC6"
"Istanbul","PURE_008","SEATSTRAC01_04","0.488","E7F099B2420D45DE00011CC7"
"Istanbul","PURE_008","SEATSTRAC02_03","0.488","E7F099B2420D45DE00011CC8"
"Istanbul","PURE_008","SEATSTRAC02_04","0.488","E7F099B2420D45DE00011CC9"
"Istanbul","PURE_008","SEATSTRAC_ASM_01","2","E7F099B2420D45DE00011CCA"
"Istanbul","PURE_008","ELKPRDDAT11_07","2","E7F099B2420D45DE00011CDD"
"Istanbul","PURE_008","ELKPRDDAT11_08","2","E7F099B2420D45DE00011CDE"
"Istanbul","PURE_008","ODIPRDAPP02_OS","0.293","E7F099B2420D45DE00011CDF"
"Istanbul","PURE_008","ECMPRDRAC04_06","0.293","E7F099B2420D45DE00011CE0"
"Istanbul","PURE_008","ECMPRDRAC03_06","0.293","E7F099B2420D45DE00011CE1"
"Istanbul","PURE_008","TNGPRDRAC0102_01","0.016","E7F099B2420D45DE00011CE2"
"Istanbul","PURE_008","TNGPRDRAC0102_02","0.016","E7F099B2420D45DE00011CE3"
"Istanbul","PURE_008","FBPRDESX_SQL_32","7","E7F099B2420D45DE000120DC"
"Istanbul","PURE_008","SEAPRDARC01_OS","0.293","E7F099B2420D45DE000120DD"
"Istanbul","PURE_008","SEAPRDARC01_FS","0.586","E7F099B2420D45DE000120DE"
"Istanbul","PURE_008","SEAPRDARC01_ASM_00","2","E7F099B2420D45DE000120DF"
"Istanbul","PURE_008","SEAPRDARC01_ASM_01","2","E7F099B2420D45DE000120E0"
"Istanbul","PURE_008","SEAPRDARC01_ASM_02","2","E7F099B2420D45DE000120E1"
"Istanbul","PURE_008","GENTSTRAC0102_DATA_00","2","E7F099B2420D45DE000120E2"
"Istanbul","PURE_008","GENTSTRAC0102_DATA_01","2","E7F099B2420D45DE000120E3"
"Istanbul","PURE_008","GENTSTRAC0102_DATA_02","2","E7F099B2420D45DE000120E4"
"Istanbul","PURE_008","GENTSTRAC0102_DATA_03","2","E7F099B2420D45DE000120E5"
"Istanbul","PURE_008","GENTSTRAC0102_DATA_04","2","E7F099B2420D45DE000120E6"
"Istanbul","PURE_008","GENTSTRAC0102_DATA_05","2","E7F099B2420D45DE000120E7"
"Istanbul","PURE_008","GENTSTRAC0102_DATA_06","2","E7F099B2420D45DE000120E8"
"Istanbul","PURE_008","GENTSTRAC0102_DATA_07","2","E7F099B2420D45DE000120E9"
"Istanbul","PURE_008","GENTSTRAC0102_DATA_08","2","E7F099B2420D45DE000120EA"
"Istanbul","PURE_008","GENTSTRAC0102_DATA_09","2","E7F099B2420D45DE000120EB"
"Istanbul","PURE_008","GENTSTRAC0102_DATA_10","2","E7F099B2420D45DE000120EC"
"Istanbul","PURE_008","GENTSTRAC0102_DATA_11","2","E7F099B2420D45DE000120ED"
"Istanbul","PURE_008","GENTSTRAC0102_DATA_12","2","E7F099B2420D45DE000120EE"
"Istanbul","PURE_008","GENTSTRAC0102_DATA_13","2","E7F099B2420D45DE000120EF"
"Istanbul","PURE_008","GENTSTRAC0102_DATA_14","2","E7F099B2420D45DE000120F0"
"Istanbul","PURE_008","GENTSTRAC0102_DATA_15","2","E7F099B2420D45DE000120F1"
"Istanbul","PURE_008","GENTSTRAC0102_DATA_16","2","E7F099B2420D45DE000120F2"
"Istanbul","PURE_008","GENTSTRAC0102_DATA_17","2","E7F099B2420D45DE000120F3"
"Istanbul","PURE_008","GENTSTRAC0102_DATA_18","2","E7F099B2420D45DE000120F4"
"Istanbul","PURE_008","GENTSTRAC0102_DATA_19","2","E7F099B2420D45DE000120F5"
"Istanbul","PURE_008","FBPRDESX_SQL_33","7","E7F099B2420D45DE00012112"
"Istanbul","PURE_008","FBPRDESX_SQL_34","7","E7F099B2420D45DE00012113"
"Istanbul","PURE_008","FBPRDESX_SQL_35","7","E7F099B2420D45DE00012114"
"Istanbul","PURE_008","FBPRDESX_SQL_36","7","E7F099B2420D45DE00012115"
"Istanbul","PURE_008","FBPRDESX_SQL_37","7","E7F099B2420D45DE00012116"
"Istanbul","PURE_008","FBPRDESX_SQL_38","7","E7F099B2420D45DE00012117"
"Istanbul","PURE_008","FBPRDESX_SQL_40","7","E7F099B2420D45DE00012119"
"Istanbul","PURE_008","FBPRDESX_SQL_41","7","E7F099B2420D45DE0001211A"
"Istanbul","PURE_008","FBPRDESX_SQL_42","7","E7F099B2420D45DE0001211B"
"Istanbul","PURE_008","FBPRDESX_SQL_43","7","E7F099B2420D45DE0001211C"
"Istanbul","PURE_008","FBPRDESX_SQL_44","7","E7F099B2420D45DE0001211D"
"Istanbul","PURE_008","FBPRDESX_SQL_45","7","E7F099B2420D45DE0001211E"
"Istanbul","PURE_008","FBPRDESX_SQL_46","7","E7F099B2420D45DE0001211F"
"Istanbul","PURE_008","FBPRDESX_SQL_47","7","E7F099B2420D45DE00012120"
"Istanbul","PURE_008","FBPRDESX_SQL_48","7","E7F099B2420D45DE00012121"
"Istanbul","PURE_008","FBPRDESX_SQL_50","7","E7F099B2420D45DE00012123"
"Istanbul","PURE_008","FBPRDESX_SQL_51","7","E7F099B2420D45DE00012124"
"Istanbul","PURE_008","FBPRDESX_SQL_52","7","E7F099B2420D45DE00012125"
"Istanbul","PURE_008","FBPRDESX_SQL_53","7","E7F099B2420D45DE00012126"
"Istanbul","PURE_008","FBPRDESX_SQL_54","9","E7F099B2420D45DE00012127"
"Istanbul","PURE_008","FBPRDESX_SQL_56","7","E7F099B2420D45DE00012129"
"Istanbul","PURE_008","FBPRDESX_SQL_57","7","E7F099B2420D45DE0001212A"
"Istanbul","PURE_008","FBPRDESX_SQL_58","7","E7F099B2420D45DE0001212B"
"Istanbul","PURE_008","FBPRDESX_SQL_59","7","E7F099B2420D45DE0001212C"
"Istanbul","PURE_008","FEPRDVM_UNIX_00","5","E7F099B2420D45DE0001212D"
"Istanbul","PURE_008","FEPRDVM_UNIX_01","5","E7F099B2420D45DE0001212E"
"Istanbul","PURE_008","FEPRDVM_UNIX_02","5","E7F099B2420D45DE0001212F"
"Istanbul","PURE_008","FEPRDVM_UNIX_03","5","E7F099B2420D45DE00012130"
"Istanbul","PURE_008","FEPRDVM_UNIX_04","5","E7F099B2420D45DE00012131"
"Istanbul","PURE_008","FEPRDVM_UNIX_06","10","E7F099B2420D45DE00012133"
"Istanbul","PURE_008","ALMPRDCLN01_02","6","E7F099B2420D45DE00012139"
"Istanbul","PURE_008","SEATSTRAC_VOTE_01","0.015","E7F099B2420D45DE0001218B"
"Istanbul","PURE_008","SEATSTRAC_VOTE_02","0.015","E7F099B2420D45DE0001218C"
"Istanbul","PURE_008","PSPRDESX_1","8","E7F099B2420D45DE00012865"
"Istanbul","PURE_008","PSPRDESX_2","8","E7F099B2420D45DE00012866"
"Istanbul","PURE_008","PSPRDESX_3","8","E7F099B2420D45DE00012867"
"Istanbul","PURE_008","PSPRDESX_4","8","E7F099B2420D45DE00012E65"
"Istanbul","PURE_008","PSPRDESX_5","8","E7F099B2420D45DE00012E66"
"Istanbul","PURE_008","PSPRDESX_6","8","E7F099B2420D45DE000132AE"
"Istanbul","PURE_008","PSPRDESX_7","8","E7F099B2420D45DE000132AF"
"Istanbul","PURE_008","PSPRDESX_8","10","E7F099B2420D45DE000132B0"
"Istanbul","PURE_008","ECMPRDRAC0304_42","1","E7F099B2420D45DE00015F2D"
"Istanbul","PURE_008","ECMPRDRAC0304_43","1","E7F099B2420D45DE00015F2E"
"Istanbul","PURE_008","ECMPRDRAC0304_44","1","E7F099B2420D45DE00015F2F"
"Istanbul","PURE_008","ECMPRDRAC0304_45","1","E7F099B2420D45DE00015F30"
"Istanbul","PURE_008","ECMPRDRAC0304_46","1","E7F099B2420D45DE00015F31"
"Istanbul","PURE_008","ECMPRDRAC0304_47","1","E7F099B2420D45DE00015F32"
"Istanbul","PURE_008","ECMPRDRAC0304_48","1","E7F099B2420D45DE00015F33"
"Istanbul","PURE_008","ECMPRDRAC0304_49","1","E7F099B2420D45DE00015F34"
"Istanbul","PURE_008","ECMPRDRAC0304_50","1","E7F099B2420D45DE00015F35"
"Istanbul","PURE_008","ECMPRDRAC0304_51","1","E7F099B2420D45DE00015F36"
"Istanbul","PURE_008","SEAPRDARC01_ASM_03","2","E7F099B2420D45DE0001697B"
"Istanbul","PURE_008","SEAPRDARC01_ASM_04","2","E7F099B2420D45DE0001697C"
"Istanbul","PURE_008","SEAPRDARC01_ASM_05","2","E7F099B2420D45DE0001697D"
"Istanbul","PURE_008","SEAPRDARC01_ASM_06","2","E7F099B2420D45DE0001697E"
"Istanbul","PURE_008","SEAPRDARC01_ASM_07","2","E7F099B2420D45DE0001697F"
"Istanbul","PURE_008","SEAPRDARC01_ASM_08","2","E7F099B2420D45DE00016980"
"Istanbul","PURE_008","SEAPRDARC01_ASM_09","2","E7F099B2420D45DE00016981"
"Istanbul","PURE_008","SEAPRDARC01_ASM_10","2","E7F099B2420D45DE00016982"
"Istanbul","PURE_008","SEAPRDARC01_ASM_11","2","E7F099B2420D45DE00016983"
"Istanbul","PURE_008","SEAPRDARC01_ASM_12","2","E7F099B2420D45DE00016984"
"Istanbul","PURE_008","SEAPRDARC01_ASM_13","2","E7F099B2420D45DE00016985"
"Istanbul","PURE_008","SEAPRDARC01_ASM_14","2","E7F099B2420D45DE00016986"
"Istanbul","PURE_008","SEAPRDARC01_ASM_15","2","E7F099B2420D45DE00016987"
"Istanbul","PURE_008","SEAPRDARC01_ASM_16","2","E7F099B2420D45DE00016988"
"Istanbul","PURE_008","SEAPRDARC01_ASM_17","2","E7F099B2420D45DE00016989"
"Istanbul","PURE_008","SEAPRDARC01_ASM_18","2","E7F099B2420D45DE0001698A"
"Istanbul","PURE_008","SEAPRDARC01_ASM_19","2","E7F099B2420D45DE0001698B"
"Istanbul","PURE_008","SEAPRDARC01_ASM_20","2","E7F099B2420D45DE0001698C"
"Istanbul","PURE_008","SEAPRDARC01_ASM_21","2","E7F099B2420D45DE0001698D"
"Istanbul","PURE_008","SEAPRDARC01_ASM_22","2","E7F099B2420D45DE0001698E"
"Istanbul","PURE_008","SEAPRDARC01_OS_2","0.293","E7F099B2420D45DE0001698F"
"Istanbul","PURE_008","GENTSTRAC01_OS","0.293","E7F099B2420D45DE00016990"
"Istanbul","PURE_008","GENTSTRAC02_OS","0.293","E7F099B2420D45DE00016991"
"Istanbul","PURE_008","dummy-test-disk-01","0.068","E7F099B2420D45DE00019011"
"Istanbul","PURE_008","xxxx","0.068","E7F099B2420D45DE00019027"
"Istanbul","PURE_008","xx","0.068","E7F099B2420D45DE00019028"
"Istanbul","PURE_008","SEAPRDARC01_FS_2","1","E7F099B2420D45DE0001A229"
"Istanbul","PURE_008","ALMPRDCLN01_03","8","E7F099B2420D45DE0001A22A"
"Istanbul","PURE_008","SEATSTRAC_ASM_02","2","E7F099B2420D45DE0001A22C"
"Istanbul","PURE_008","FBPRDESX_SQL_60","9","E7F099B2420D45DE0001A22D"
"Istanbul","PURE_008","FBPRDESX_SQL_61","9","E7F099B2420D45DE0001A22E"
"Istanbul","PURE_008","FBPRDESX_SQL_62","9","E7F099B2420D45DE0001A22F"
"Istanbul","PURE_008","SEAPRDARC01_ASM_23","2","E7F099B2420D45DE0001A618"
"Istanbul","PURE_008","SEAPRDARC01_ASM_24","2","E7F099B2420D45DE0001A619"
"Istanbul","PURE_008","SEAPRDARC01_ASM_25","2","E7F099B2420D45DE0001A61A"
"Istanbul","PURE_008","SEAPRDARC01_ASM_26","2","E7F099B2420D45DE0001A61B"
"Istanbul","PURE_008","SEAPRDARC01_ASM_27","2","E7F099B2420D45DE0001A61C"
"Istanbul","PURE_008","SEAPRDARC01_ASM_28","2","E7F099B2420D45DE0001A61D"
"Istanbul","PURE_008","SEAPRDARC01_ASM_29","2","E7F099B2420D45DE0001A61E"
"Istanbul","PURE_008","SEAPRDARC01_ASM_30","2","E7F099B2420D45DE0001A61F"
"Istanbul","PURE_008","SEAPRDARC01_ASM_31","2","E7F099B2420D45DE0001A620"
"Istanbul","PURE_008","SEAPRDARC01_ASM_32","2","E7F099B2420D45DE0001A621"
"Istanbul","PURE_008","SEAPRDARC01_ASM_33","2","E7F099B2420D45DE0001A622"
"Istanbul","PURE_008","SEAPRDARC01_ASM_34","2","E7F099B2420D45DE0001A623"
"Istanbul","PURE_008","SEAPRDARC01_ASM_35","2","E7F099B2420D45DE0001A624"
"Istanbul","PURE_008","SEAPRDARC01_ASM_36","2","E7F099B2420D45DE0001A625"
"Istanbul","PURE_008","SEAPRDARC01_ASM_37","2","E7F099B2420D45DE0001A626"
"Istanbul","PURE_008","SEAPRDARC01_ASM_38","2","E7F099B2420D45DE0001A627"
"Istanbul","PURE_008","SEAPRDARC01_ASM_39","2","E7F099B2420D45DE0001A628"
"Istanbul","PURE_008","SEAPRDARC01_ASM_40","2","E7F099B2420D45DE0001A629"
"Istanbul","PURE_008","SEAPRDARC01_ASM_41","2","E7F099B2420D45DE0001A62A"
"Istanbul","PURE_008","SEAPRDARC01_ASM_42","2","E7F099B2420D45DE0001A62B"
"Istanbul","PURE_008","SEAPRDARC01_ASM_43","2","E7F099B2420D45DE0001A62C"
"Istanbul","PURE_008","SEAPRDARC01_ASM_44","2","E7F099B2420D45DE0001A62D"
"Istanbul","PURE_008","SEAPRDARC01_ASM_45","2","E7F099B2420D45DE0001A62E"
"Istanbul","PURE_008","SEAPRDARC01_ASM_46","2","E7F099B2420D45DE0001A62F"
"Istanbul","PURE_008","SEAPRDARC01_ASM_47","2","E7F099B2420D45DE0001A630"
"Istanbul","PURE_008","SEAPRDARC01_ASM_48","2","E7F099B2420D45DE0001A631"
"Istanbul","PURE_008","SEAPRDARC01_ASM_49","2","E7F099B2420D45DE0001A632"
"Istanbul","PURE_008","SEAPRDARC01_ASM_50","2","E7F099B2420D45DE0001A633"
"Istanbul","PURE_008","SEAPRDARC01_ASM_51","2","E7F099B2420D45DE0001A634"
"Istanbul","PURE_008","SEAPRDARC01_ASM_52","2","E7F099B2420D45DE0001A635"
"Istanbul","PURE_008","SEAPRDARC01_ASM_53","2","E7F099B2420D45DE0001A636"
"Istanbul","PURE_008","SEAPRDARC01_ASM_54","2","E7F099B2420D45DE0001A637"
"Istanbul","PURE_008","FBPRDESX_SQL_63","9","E7F099B2420D45DE0001A638"
"Istanbul","PURE_008","FBPRDESX_SQL_64","9","E7F099B2420D45DE0001A639"
"Istanbul","PURE_008","FBPRDESX_SQL_65","9","E7F099B2420D45DE0001A63A"
"Istanbul","PURE_008","FBPRDESX_SQL_66","9","E7F099B2420D45DE0001A63B"
"Istanbul","PURE_008","FBPRDESX_SQL_67","9","E7F099B2420D45DE0001A63C"
"Istanbul","PURE_008","FBPRDESX_SQL_68","9","E7F099B2420D45DE0001A63D"
"Istanbul","PURE_008","FEPRDVM_UNIX_07","10","E7F099B2420D45DE0001A63E"
"Istanbul","PURE_008","FEPRDVM_UNIX_08","10","E7F099B2420D45DE0001A63F"
"Istanbul","PURE_008","PSPRDESX_9","10","E7F099B2420D45DE0001A640"
"Istanbul","PURE_008","FEPRDVM_UNIX_09","10","E7F099B2420D45DE0001A641"
"Istanbul","PURE_008","SEAPRDARC01_ASM_55","2","E7F099B2420D45DE0001A642"
"Istanbul","PURE_008","SEAPRDARC01_ASM_56","2","E7F099B2420D45DE0001A643"
"Istanbul","PURE_008","SEAPRDARC01_ASM_57","2","E7F099B2420D45DE0001A644"
"Istanbul","PURE_008","SEAPRDARC01_ASM_58","2","E7F099B2420D45DE0001A645"
"Istanbul","PURE_008","SEAPRDARC01_ASM_59","2","E7F099B2420D45DE0001A646"
"Istanbul","PURE_008","SEAPRDARC01_ASM_60","2","E7F099B2420D45DE0001A647"
"Istanbul","PURE_008","SEAPRDARC01_ASM_61","2","E7F099B2420D45DE0001A648"
"Istanbul","PURE_008","SEAPRDARC01_ASM_62","2","E7F099B2420D45DE0001A649"
"Istanbul","PURE_008","SEAPRDARC01_ASM_63","2","E7F099B2420D45DE0001A64A"
"Istanbul","PURE_008","SEAPRDARC01_ASM_64","2","E7F099B2420D45DE0001A64B"
"Istanbul","PURE_008","SEAPRDARC01_ASM_65","2","E7F099B2420D45DE0001A64C"
"Istanbul","PURE_008","SEAPRDARC01_ASM_66","2","E7F099B2420D45DE0001A64D"
"Istanbul","PURE_008","SEAPRDARC01_ASM_67","2","E7F099B2420D45DE0001A64E"
"Istanbul","PURE_008","SEAPRDARC01_ASM_68","2","E7F099B2420D45DE0001A64F"
"Istanbul","PURE_008","SEAPRDARC01_ASM_69","2","E7F099B2420D45DE0001A650"
"Istanbul","PURE_008","SEAPRDRAC-VOTE/SEAPRDRAC_VOTE_1","0.016","E7F099B2420D45DE0001A651"
"Istanbul","PURE_008","SEAPRDRAC-VOTE/SEAPRDRAC_VOTE_2","0.016","E7F099B2420D45DE0001A652"
"Istanbul","PURE_005","ELKPRDDAT02_01","2.539","32ED5FFC4BE43FAB0001212A"
"Istanbul","PURE_005","ELKPRDDAT02_02","2.539","32ED5FFC4BE43FAB0001212B"
"Istanbul","PURE_005","ELKPRDDAT02_03","2.539","32ED5FFC4BE43FAB0001212C"
"Istanbul","PURE_005","ELKPRDDAT02_04","2.539","32ED5FFC4BE43FAB0001212D"
"Istanbul","PURE_005","ELKPRDDAT02_05","2.539","32ED5FFC4BE43FAB0001212E"
"Istanbul","PURE_005","ELKPRDDAT02_06","2.539","32ED5FFC4BE43FAB0001212F"
"Istanbul","PURE_005","ELKPRDDAT02_07","2.539","32ED5FFC4BE43FAB00012130"
"Istanbul","PURE_005","ELKPRDDAT02_08","2.539","32ED5FFC4BE43FAB00012131"
"Istanbul","PURE_005","ELKPRDDAT02_09","0.264","32ED5FFC4BE43FAB00012132"
"Istanbul","PURE_005","ELKPRDDAT02_10","5.029","32ED5FFC4BE43FAB00012133"
"Istanbul","PURE_005","ELKPRDDAT02_11","1.367","32ED5FFC4BE43FAB00012134"
"Istanbul","PURE_005","ELKPRDDAT09_01","4","32ED5FFC4BE43FAB00012135"
"Istanbul","PURE_005","ELKPRDDAT09_02","4","32ED5FFC4BE43FAB00012136"
"Istanbul","PURE_005","ELKPRDDAT09_03","4","32ED5FFC4BE43FAB00012137"
"Istanbul","PURE_005","ELKPRDDAT09_04","4","32ED5FFC4BE43FAB00012138"
"Istanbul","PURE_005","ELKPRDDAT09_05","4","32ED5FFC4BE43FAB00012139"
"Istanbul","PURE_005","ELKPRDDAT09_06","5","32ED5FFC4BE43FAB0001213A"
"Istanbul","PURE_005","ELKPRDDAT09_07","0.25","32ED5FFC4BE43FAB0001213B"
"Istanbul","PURE_005","ALOPRDKFK16_01","6","32ED5FFC4BE43FAB0001213C"
"Istanbul","PURE_005","ALOPRDKFK16_02","6","32ED5FFC4BE43FAB0001213D"
"Istanbul","PURE_005","ALOPRDKFK16_03","6","32ED5FFC4BE43FAB0001213E"
"Istanbul","PURE_005","ALOPRDKFK16_04","6","32ED5FFC4BE43FAB0001213F"
"Istanbul","PURE_005","ALOPRDKFK16_05","6","32ED5FFC4BE43FAB00012140"
"Istanbul","PURE_005","ALOPRDKFK16_06","6","32ED5FFC4BE43FAB00012141"
"Istanbul","PURE_005","KYSTSTDB01_01","0.117","32ED5FFC4BE43FAB00012142"
"Istanbul","PURE_005","KYSTSTDB01_02","0.117","32ED5FFC4BE43FAB00012143"
"Istanbul","PURE_005","KYSTSTDB01_03","0.117","32ED5FFC4BE43FAB00012144"
"Istanbul","PURE_005","KYSTSTDB01_04","0.117","32ED5FFC4BE43FAB00012145"
"Istanbul","PURE_005","KYSTSTDB01_05","0.117","32ED5FFC4BE43FAB00012146"
"Istanbul","PURE_005","KYSTSTDB01_06","0.117","32ED5FFC4BE43FAB00012147"
"Istanbul","PURE_005","KYSTSTDB01_07","0.117","32ED5FFC4BE43FAB00012148"
"Istanbul","PURE_005","KYSTSTDB01_08","0.117","32ED5FFC4BE43FAB00012149"
"Istanbul","PURE_005","KYSTSTDB01_09","0.117","32ED5FFC4BE43FAB0001214A"
"Istanbul","PURE_005","KYSTSTDB01_10","0.117","32ED5FFC4BE43FAB0001214B"
"Istanbul","PURE_005","KYSTSTDB01_11","0.117","32ED5FFC4BE43FAB0001214C"
"Istanbul","PURE_005","KYSTSTDB01_12","0.117","32ED5FFC4BE43FAB0001214D"
"Istanbul","PURE_005","KYSTSTDB01_13","0.117","32ED5FFC4BE43FAB0001214E"
"Istanbul","PURE_005","KYSTSTDB01_14","0.117","32ED5FFC4BE43FAB0001214F"
"Istanbul","PURE_005","KYSTSTDB01_15","0.303","32ED5FFC4BE43FAB00012150"
"Istanbul","PURE_005","KYSTSTDB01_16","0.303","32ED5FFC4BE43FAB00012151"
"Istanbul","PURE_005","VDIPRDVM_01","4","32ED5FFC4BE43FAB00012152"
"Istanbul","PURE_005","VDIPRDVM_02","4","32ED5FFC4BE43FAB00012153"
"Istanbul","PURE_005","VDIPRDVM_03","4","32ED5FFC4BE43FAB00012154"
"Istanbul","PURE_005","VDIPRDVM_04","4","32ED5FFC4BE43FAB00012155"
"Istanbul","PURE_005","BDPPRDEDG02_01","4","32ED5FFC4BE43FAB0001215A"
"Istanbul","PURE_005","PSTSTESX_01","15","32ED5FFC4BE43FAB0001215B"
"Istanbul","PURE_005","PSTSTESX_02","15","32ED5FFC4BE43FAB0001215C"
"Istanbul","PURE_005","PSTSTESX_03","15","32ED5FFC4BE43FAB0001215D"
"Istanbul","PURE_005","PSTSTESX_04","15","32ED5FFC4BE43FAB0001215E"
"Istanbul","PURE_005","PSTSTESX_05","15","32ED5FFC4BE43FAB0001215F"
"Istanbul","PURE_005","PSTSTESX_06","15","32ED5FFC4BE43FAB00012160"
"Istanbul","PURE_005","PSTSTESX_07","15","32ED5FFC4BE43FAB00012161"
"Istanbul","PURE_005","PSTSTESX_08","5.002","32ED5FFC4BE43FAB00012162"
"Istanbul","PURE_005","FBPRDESX_SQL_01","6","32ED5FFC4BE43FAB00012163"
"Istanbul","PURE_005","FBPRDESX_SQL_02","6","32ED5FFC4BE43FAB00012164"
"Istanbul","PURE_005","FBPRDESX_SQL_03","6","32ED5FFC4BE43FAB00012165"
"Istanbul","PURE_005","FBPRDESX_SQL_04","7","32ED5FFC4BE43FAB00012166"
"Istanbul","PURE_005","PGMPRDCAS01_01","1.002","32ED5FFC4BE43FAB00012167"
"Istanbul","PURE_005","PGMPRDCAS01_02","1.002","32ED5FFC4BE43FAB00012168"
"Istanbul","PURE_005","PGMPRDCAS01_03","1.002","32ED5FFC4BE43FAB00012169"
"Istanbul","PURE_005","PGMPRDCAS01_04","1.002","32ED5FFC4BE43FAB0001216A"
"Istanbul","PURE_005","PGMPRDCAS01_05","1.002","32ED5FFC4BE43FAB0001216B"
"Istanbul","PURE_005","PGMPRDCAS01_06","1.002","32ED5FFC4BE43FAB0001216C"
"Istanbul","PURE_005","PGMPRDCAS01_07","0.502","32ED5FFC4BE43FAB0001216D"
"Istanbul","PURE_005","PGMPRDCAS01_08","0.502","32ED5FFC4BE43FAB0001216E"
"Istanbul","PURE_005","PGMPRDCAS01_09","0.502","32ED5FFC4BE43FAB0001216F"
"Istanbul","PURE_005","PGMPRDCAS01_10","0.502","32ED5FFC4BE43FAB00012170"
"Istanbul","PURE_005","PGMPRDCAS01_11","0.246","32ED5FFC4BE43FAB00012171"
"Istanbul","PURE_005","PGMPRDCAS01_12","0.246","32ED5FFC4BE43FAB00012172"
"Istanbul","PURE_005","PGMPRDCAS01_13","0.246","32ED5FFC4BE43FAB00012173"
"Istanbul","PURE_005","PGMPRDCAS01_14","0.109","32ED5FFC4BE43FAB00012174"
"Istanbul","PURE_005","PGMPRDCAS01_15","0.109","32ED5FFC4BE43FAB00012175"
"Istanbul","PURE_005","PGMPRDCAS01_16","0.109","32ED5FFC4BE43FAB00012176"
"Istanbul","PURE_005","PGMPRDCAS02_01","1.002","32ED5FFC4BE43FAB00012177"
"Istanbul","PURE_005","PGMPRDCAS02_02","1.002","32ED5FFC4BE43FAB00012178"
"Istanbul","PURE_005","PGMPRDCAS02_03","1.002","32ED5FFC4BE43FAB00012179"
"Istanbul","PURE_005","PGMPRDCAS02_04","1.002","32ED5FFC4BE43FAB0001217A"
"Istanbul","PURE_005","PGMPRDCAS02_05","1.002","32ED5FFC4BE43FAB0001217B"
"Istanbul","PURE_005","PGMPRDCAS02_06","1.002","32ED5FFC4BE43FAB0001217C"
"Istanbul","PURE_005","PGMPRDCAS02_07","0.502","32ED5FFC4BE43FAB0001217D"
"Istanbul","PURE_005","PGMPRDCAS02_08","0.502","32ED5FFC4BE43FAB0001217E"
"Istanbul","PURE_005","PGMPRDCAS02_09","0.502","32ED5FFC4BE43FAB0001217F"
"Istanbul","PURE_005","PGMPRDCAS02_10","0.502","32ED5FFC4BE43FAB00012180"
"Istanbul","PURE_005","PGMPRDCAS02_11","0.246","32ED5FFC4BE43FAB00012181"
"Istanbul","PURE_005","PGMPRDCAS02_12","0.246","32ED5FFC4BE43FAB00012182"
"Istanbul","PURE_005","PGMPRDCAS02_13","0.246","32ED5FFC4BE43FAB00012183"
"Istanbul","PURE_005","PGMPRDCAS02_14","0.109","32ED5FFC4BE43FAB00012184"
"Istanbul","PURE_005","PGMPRDCAS02_15","0.109","32ED5FFC4BE43FAB00012185"
"Istanbul","PURE_005","PGMPRDCAS02_16","0.109","32ED5FFC4BE43FAB00012186"
"Istanbul","PURE_005","PGMPRDCAS03_01","1.002","32ED5FFC4BE43FAB00012187"
"Istanbul","PURE_005","PGMPRDCAS03_02","1.002","32ED5FFC4BE43FAB00012188"
"Istanbul","PURE_005","PGMPRDCAS03_03","1.002","32ED5FFC4BE43FAB00012189"
"Istanbul","PURE_005","PGMPRDCAS03_04","1.002","32ED5FFC4BE43FAB0001218A"
"Istanbul","PURE_005","PGMPRDCAS03_05","1.002","32ED5FFC4BE43FAB0001218B"
"Istanbul","PURE_005","PGMPRDCAS03_06","1.002","32ED5FFC4BE43FAB0001218C"
"Istanbul","PURE_005","PGMPRDCAS03_07","0.502","32ED5FFC4BE43FAB0001218D"
"Istanbul","PURE_005","PGMPRDCAS03_08","0.502","32ED5FFC4BE43FAB0001218E"
"Istanbul","PURE_005","PGMPRDCAS03_09","0.502","32ED5FFC4BE43FAB0001218F"
"Istanbul","PURE_005","PGMPRDCAS03_10","0.502","32ED5FFC4BE43FAB00012190"
"Istanbul","PURE_005","PGMPRDCAS03_11","0.246","32ED5FFC4BE43FAB00012191"
"Istanbul","PURE_005","PGMPRDCAS03_12","0.246","32ED5FFC4BE43FAB00012192"
"Istanbul","PURE_005","PGMPRDCAS03_13","0.246","32ED5FFC4BE43FAB00012193"
"Istanbul","PURE_005","PGMPRDCAS03_14","0.109","32ED5FFC4BE43FAB00012194"
"Istanbul","PURE_005","PGMPRDCAS03_15","0.109","32ED5FFC4BE43FAB00012195"
"Istanbul","PURE_005","PGMPRDCAS03_16","0.109","32ED5FFC4BE43FAB00012196"
"Istanbul","PURE_005","PGMPRDCAS04_01","1.002","32ED5FFC4BE43FAB00012197"
"Istanbul","PURE_005","PGMPRDCAS04_02","1.002","32ED5FFC4BE43FAB00012198"
"Istanbul","PURE_005","PGMPRDCAS04_03","1.002","32ED5FFC4BE43FAB00012199"
"Istanbul","PURE_005","PGMPRDCAS04_04","1.002","32ED5FFC4BE43FAB0001219A"
"Istanbul","PURE_005","PGMPRDCAS04_05","1.002","32ED5FFC4BE43FAB0001219B"
"Istanbul","PURE_005","PGMPRDCAS04_06","1.002","32ED5FFC4BE43FAB0001219C"
"Istanbul","PURE_005","PGMPRDCAS04_07","0.502","32ED5FFC4BE43FAB0001219D"
"Istanbul","PURE_005","PGMPRDCAS04_08","0.502","32ED5FFC4BE43FAB0001219E"
"Istanbul","PURE_005","PGMPRDCAS04_09","0.502","32ED5FFC4BE43FAB0001219F"
"Istanbul","PURE_005","PGMPRDCAS04_10","0.502","32ED5FFC4BE43FAB000121A0"
"Istanbul","PURE_005","PGMPRDCAS04_11","0.246","32ED5FFC4BE43FAB000121A1"
"Istanbul","PURE_005","PGMPRDCAS04_12","0.246","32ED5FFC4BE43FAB000121A2"
"Istanbul","PURE_005","PGMPRDCAS04_13","0.246","32ED5FFC4BE43FAB000121A3"
"Istanbul","PURE_005","PGMPRDCAS04_14","0.109","32ED5FFC4BE43FAB000121A4"
"Istanbul","PURE_005","PGMPRDCAS04_15","0.109","32ED5FFC4BE43FAB000121A5"
"Istanbul","PURE_005","PGMPRDCAS04_16","0.109","32ED5FFC4BE43FAB000121A6"
"Istanbul","PURE_005","PGMPRDCAS05_01","1.002","32ED5FFC4BE43FAB000121A7"
"Istanbul","PURE_005","PGMPRDCAS05_02","1.002","32ED5FFC4BE43FAB000121A8"
"Istanbul","PURE_005","PGMPRDCAS05_03","1.002","32ED5FFC4BE43FAB000121A9"
"Istanbul","PURE_005","PGMPRDCAS05_04","1.002","32ED5FFC4BE43FAB000121AA"
"Istanbul","PURE_005","PGMPRDCAS05_05","1.002","32ED5FFC4BE43FAB000121AB"
"Istanbul","PURE_005","PGMPRDCAS05_06","1.002","32ED5FFC4BE43FAB000121AC"
"Istanbul","PURE_005","PGMPRDCAS05_07","0.502","32ED5FFC4BE43FAB000121AD"
"Istanbul","PURE_005","PGMPRDCAS05_08","0.502","32ED5FFC4BE43FAB000121AE"
"Istanbul","PURE_005","PGMPRDCAS05_09","0.502","32ED5FFC4BE43FAB000121AF"
"Istanbul","PURE_005","PGMPRDCAS05_10","0.502","32ED5FFC4BE43FAB000121B0"
"Istanbul","PURE_005","PGMPRDCAS05_11","0.246","32ED5FFC4BE43FAB000121B1"
"Istanbul","PURE_005","PGMPRDCAS05_12","0.246","32ED5FFC4BE43FAB000121B2"
"Istanbul","PURE_005","PGMPRDCAS05_13","0.246","32ED5FFC4BE43FAB000121B3"
"Istanbul","PURE_005","PGMPRDCAS05_14","0.109","32ED5FFC4BE43FAB000121B4"
"Istanbul","PURE_005","PGMPRDCAS05_15","0.109","32ED5FFC4BE43FAB000121B5"
"Istanbul","PURE_005","PGMPRDCAS05_16","0.109","32ED5FFC4BE43FAB000121B6"
"Istanbul","PURE_005","FBPRDESX_SQL_05","6","32ED5FFC4BE43FAB000121B7"
"Istanbul","PURE_005","FBPRDESX_SQL_06","6","32ED5FFC4BE43FAB000121B8"
"Istanbul","PURE_005","FBPRDESX_SQL_07","6","32ED5FFC4BE43FAB000121B9"
"Istanbul","PURE_005","FBPRDESX_SQL_08","6","32ED5FFC4BE43FAB000121BA"
"Istanbul","PURE_005","FBPRDESX_SQL_09","6","32ED5FFC4BE43FAB000121BB"
"Istanbul","PURE_005","ALOPRDKFK16_07","6","32ED5FFC4BE43FAB000121BC"
"Istanbul","PURE_005","ALOPRDKFK16_08","6","32ED5FFC4BE43FAB000121BD"
"Istanbul","PURE_005","KSAODITSTDB01_FS","0.586","32ED5FFC4BE43FAB000121D3"
"Istanbul","PURE_005","KSAODITSTDB01_ASM_01","0.244","32ED5FFC4BE43FAB000121D4"
"Istanbul","PURE_005","KSAODITSTDB01_ASM_02","0.244","32ED5FFC4BE43FAB000121D5"
"Istanbul","PURE_005","KSAODITSTDB01_ASM_03","0.244","32ED5FFC4BE43FAB000121D6"
"Istanbul","PURE_005","ELKPRDDAT06_01","2.539","32ED5FFC4BE43FAB000121D7"
"Istanbul","PURE_005","ELKPRDDAT06_02","2.539","32ED5FFC4BE43FAB000121D8"
"Istanbul","PURE_005","ELKPRDDAT06_03","2.539","32ED5FFC4BE43FAB000121D9"
"Istanbul","PURE_005","ELKPRDDAT06_04","2.539","32ED5FFC4BE43FAB000121DA"
"Istanbul","PURE_005","ELKPRDDAT06_05","2.539","32ED5FFC4BE43FAB000121DB"
"Istanbul","PURE_005","ELKPRDDAT06_06","2.539","32ED5FFC4BE43FAB000121DC"
"Istanbul","PURE_005","ELKPRDDAT06_07","2.539","32ED5FFC4BE43FAB000121DD"
"Istanbul","PURE_005","ELKPRDDAT06_08","2.539","32ED5FFC4BE43FAB000121DE"
"Istanbul","PURE_005","ELKPRDDAT06_09","0.293","32ED5FFC4BE43FAB000121DF"
"Istanbul","PURE_005","ELKPRDDAT06_10","5.078","32ED5FFC4BE43FAB000121E0"
"Istanbul","PURE_005","FBPRDESX_SQL_32","5","32ED5FFC4BE43FAB000121E3"
"Istanbul","PURE_005","FBPRDESX_SQL_33","5","32ED5FFC4BE43FAB000121E4"
"Istanbul","PURE_005","FBPRDESX_SQL_34","5","32ED5FFC4BE43FAB000121E5"
"Istanbul","PURE_005","FBPRDESX_SQL_35","5","32ED5FFC4BE43FAB000121E6"
"Istanbul","PURE_005","FBPRDESX_SQL_36","5","32ED5FFC4BE43FAB000121E7"
"Istanbul","PURE_005","FBPRDESX_SQL_37","5","32ED5FFC4BE43FAB000121E8"
"Istanbul","PURE_005","PGMPRDRAC01_01","0.5","32ED5FFC4BE43FAB000121E9"
"Istanbul","PURE_005","PGMPRDRAC01_02","0.5","32ED5FFC4BE43FAB000121EA"
"Istanbul","PURE_005","PGMPRDRAC02_01","0.5","32ED5FFC4BE43FAB000121EB"
"Istanbul","PURE_005","PGMPRDRAC02_02","0.5","32ED5FFC4BE43FAB000121EC"
"Istanbul","PURE_005","PGMPRDRAC0102_01","0.02","32ED5FFC4BE43FAB000121ED"
"Istanbul","PURE_005","PGMPRDRAC0102_02","0.02","32ED5FFC4BE43FAB000121EE"
"Istanbul","PURE_005","PGMPRDRAC0102_03","0.02","32ED5FFC4BE43FAB000121EF"
"Istanbul","PURE_005","PGMPRDRAC0102_04","0.107","32ED5FFC4BE43FAB000121F0"
"Istanbul","PURE_005","PGMPRDRAC0102_05","0.107","32ED5FFC4BE43FAB000121F1"
"Istanbul","PURE_005","PGMPRDRAC0102_06","0.107","32ED5FFC4BE43FAB000121F2"
"Istanbul","PURE_005","PGMPRDRAC0102_07","0.107","32ED5FFC4BE43FAB000121F3"
"Istanbul","PURE_005","PGMPRDRAC0102_08","0.107","32ED5FFC4BE43FAB000121F4"
"Istanbul","PURE_005","PGMPRDRAC0102_09","0.107","32ED5FFC4BE43FAB000121F5"
"Istanbul","PURE_005","PGMPRDRAC0102_10","1","32ED5FFC4BE43FAB000121F6"
"Istanbul","PURE_005","PGMPRDRAC0102_11","1","32ED5FFC4BE43FAB000121F7"
"Istanbul","PURE_005","PGMPRDRAC0102_12","1","32ED5FFC4BE43FAB000121F8"
"Istanbul","PURE_005","PGMPRDRAC0102_13","1","32ED5FFC4BE43FAB000121F9"
"Istanbul","PURE_005","PGMPRDRAC0102_14","1","32ED5FFC4BE43FAB000121FA"
"Istanbul","PURE_005","PGMPRDRAC0102_15","1","32ED5FFC4BE43FAB000121FB"
"Istanbul","PURE_005","PGMPRDRAC0102_16","1","32ED5FFC4BE43FAB000121FC"
"Istanbul","PURE_005","PGMPRDRAC0102_17","1","32ED5FFC4BE43FAB000121FD"
"Istanbul","PURE_005","PGMPRDRAC0102_18","1","32ED5FFC4BE43FAB000121FE"
"Istanbul","PURE_005","PGMPRDRAC0102_19","1","32ED5FFC4BE43FAB000121FF"
"Istanbul","PURE_005","PGMPRDRAC0102_20","1","32ED5FFC4BE43FAB00012210"
"Istanbul","PURE_005","PGMPRDRAC0102_21","1","32ED5FFC4BE43FAB00012211"
"Istanbul","PURE_005","PGMPRDRAC0102_22","1","32ED5FFC4BE43FAB00012212"
"Istanbul","PURE_005","PGMPRDRAC0102_23","1","32ED5FFC4BE43FAB00012213"
"Istanbul","PURE_005","PGMPRDRAC0102_24","1","32ED5FFC4BE43FAB00012214"
"Istanbul","PURE_005","PGMPRDRAC0102_25","1","32ED5FFC4BE43FAB00012215"
"Istanbul","PURE_005","PGMPRDRAC0102_26","1","32ED5FFC4BE43FAB00012216"
"Istanbul","PURE_005","PGMPRDRAC0102_27","1","32ED5FFC4BE43FAB00012217"
"Istanbul","PURE_005","PGMPRDRAC0102_28","1","32ED5FFC4BE43FAB00012218"
"Istanbul","PURE_005","PGMPRDRAC0102_29","1","32ED5FFC4BE43FAB00012219"
"Istanbul","PURE_005","PGMPRDRAC0102_30","1","32ED5FFC4BE43FAB0001221A"
"Istanbul","PURE_005","PGMPRDRAC0102_31","1","32ED5FFC4BE43FAB0001221B"
"Istanbul","PURE_005","PGMPRDRAC0102_32","1","32ED5FFC4BE43FAB0001221C"
"Istanbul","PURE_005","PGMPRDRAC0102_33","1","32ED5FFC4BE43FAB0001221D"
"Istanbul","PURE_005","PGMPRDRAC0102_34","1","32ED5FFC4BE43FAB0001221E"
"Istanbul","PURE_005","PGMPRDRAC0102_35","1","32ED5FFC4BE43FAB0001221F"
"Istanbul","PURE_005","PGMPRDRAC0102_36","1","32ED5FFC4BE43FAB00012222"
"Istanbul","PURE_005","PGMPRDRAC0102_37","1","32ED5FFC4BE43FAB00012223"
"Istanbul","PURE_005","PGMPRDRAC0102_38","1","32ED5FFC4BE43FAB00012224"
"Istanbul","PURE_005","PGMPRDRAC0102_39","1","32ED5FFC4BE43FAB00012225"
"Istanbul","PURE_005","KSAODITSTDB01_OS_1","0.295","32ED5FFC4BE43FAB00012226"
"Istanbul","PURE_005","FBPRDESX_SQL_40","6","32ED5FFC4BE43FAB00012227"
"Istanbul","PURE_005","FBPRDESX_SQL_41","6","32ED5FFC4BE43FAB00012228"
"Istanbul","PURE_005","FBPRDESX_SQL_42","6","32ED5FFC4BE43FAB00012229"
"Istanbul","PURE_005","FBPRDESX_SQL_43","6","32ED5FFC4BE43FAB0001222A"
"Istanbul","PURE_005","CBDEVDB01_ROOT","0.293","32ED5FFC4BE43FAB0001222B"
"Istanbul","PURE_005","CBDEVDB01_00","0.117","32ED5FFC4BE43FAB0001222C"
"Istanbul","PURE_005","CBDEVDB01_01","0.117","32ED5FFC4BE43FAB0001222D"
"Istanbul","PURE_005","CBDEVDB01_02","0.117","32ED5FFC4BE43FAB0001222E"
"Istanbul","PURE_005","CBDEVDB01_03","0.5","32ED5FFC4BE43FAB0001222F"
"Istanbul","PURE_005","CBDEVDB01_04","0.5","32ED5FFC4BE43FAB00012230"
"Istanbul","PURE_005","CBDEVDB01_05","0.732","32ED5FFC4BE43FAB00012231"
"Istanbul","PURE_005","SWPRDMGW02_ROOT","0.293","32ED5FFC4BE43FAB00012236"
"Istanbul","PURE_005","SWPRDMGW01_ROOT","0.293","32ED5FFC4BE43FAB00012237"
"Istanbul","PURE_005","SWPRDMGW01_01","0.5","32ED5FFC4BE43FAB00012238"
"Istanbul","PURE_005","SWPRDMGW02_01","0.5","32ED5FFC4BE43FAB00012239"
"Istanbul","PURE_005","ELKPRDDAT10_01","4","32ED5FFC4BE43FAB00012249"
"Istanbul","PURE_005","ELKPRDDAT10_02","4","32ED5FFC4BE43FAB0001224A"
"Istanbul","PURE_005","ELKPRDDAT10_03","4","32ED5FFC4BE43FAB0001224B"
"Istanbul","PURE_005","ELKPRDDAT10_04","4","32ED5FFC4BE43FAB0001224C"
"Istanbul","PURE_005","ELKPRDDAT10_05","4","32ED5FFC4BE43FAB0001224D"
"Istanbul","PURE_005","ELKPRDDAT10_06","5","32ED5FFC4BE43FAB0001224E"
"Istanbul","PURE_005","KFTPRDRAC01_ROOT","0.293","32ED5FFC4BE43FAB0001224F"
"Istanbul","PURE_005","KFTPRDRAC02_ROOT","0.293","32ED5FFC4BE43FAB00012250"
"Istanbul","PURE_005","CSGENMST01_OS","0.293","32ED5FFC4BE43FAB00012251"
"Istanbul","PURE_005","KFTPRDRAC01_FS_01","0.5","32ED5FFC4BE43FAB00012255"
"Istanbul","PURE_005","KFTPRDRAC01_FS_02","0.5","32ED5FFC4BE43FAB00012256"
"Istanbul","PURE_005","KFTPRDRAC01_FS_03","0.5","32ED5FFC4BE43FAB00012257"
"Istanbul","PURE_005","KFTPRDRAC02_FS_01","0.5","32ED5FFC4BE43FAB00012258"
"Istanbul","PURE_005","KFTPRDRAC02_FS_02","0.5","32ED5FFC4BE43FAB00012259"
"Istanbul","PURE_005","KFTPRDRAC02_FS_03","0.5","32ED5FFC4BE43FAB0001225A"
"Istanbul","PURE_005","KFTPRDRAC_01","2","32ED5FFC4BE43FAB0001225B"
"Istanbul","PURE_005","KFTPRDRAC_02","2","32ED5FFC4BE43FAB0001225C"
"Istanbul","PURE_005","KFTPRDRAC_03","2","32ED5FFC4BE43FAB0001225D"
"Istanbul","PURE_005","KFTPRDRAC_04","2","32ED5FFC4BE43FAB0001225E"
"Istanbul","PURE_005","KFTPRDRAC_05","0.016","32ED5FFC4BE43FAB0001225F"
"Istanbul","PURE_005","KFTPRDRAC_07","0.016","32ED5FFC4BE43FAB00012261"
"Istanbul","PURE_005","CBDEVDB01_ASM_01","2","32ED5FFC4BE43FAB0001264A"
"Istanbul","PURE_005","CBDEVDB01_ASM_02","2","32ED5FFC4BE43FAB0001264B"
"Istanbul","PURE_005","CBDEVDB01_ASM_03","2","32ED5FFC4BE43FAB0001264C"
"Istanbul","PURE_005","CBDEVDB01_ASM_04","2","32ED5FFC4BE43FAB0001264D"
"Istanbul","PURE_005","CBDEVDB01_ASM_05","2","32ED5FFC4BE43FAB0001264E"
"Istanbul","PURE_005","CBDEVDB01_ASM_06","2","32ED5FFC4BE43FAB0001264F"
"Istanbul","PURE_005","CBDEVDB01_ASM_07","2","32ED5FFC4BE43FAB00012650"
"Istanbul","PURE_005","CBDEVDB01_ASM_08","2","32ED5FFC4BE43FAB00012651"
"Istanbul","PURE_005","CBDEVDB01_ASM_09","2","32ED5FFC4BE43FAB00012652"
"Istanbul","PURE_005","TRHPRDAPP03_1","5","32ED5FFC4BE43FAB00012653"
"Istanbul","PURE_005","ATLTSTRAC01_OS","0.293","32ED5FFC4BE43FAB00012654"
"Istanbul","PURE_005","ATLTSTRAC02_OS","0.293","32ED5FFC4BE43FAB00012655"
"Istanbul","PURE_005","ATLTSTRAC01_01","0.488","32ED5FFC4BE43FAB00012656"
"Istanbul","PURE_005","ATLTSTRAC02_01","0.488","32ED5FFC4BE43FAB00012657"
"Istanbul","PURE_005","ATLTSTRAC_001","2","32ED5FFC4BE43FAB00012658"
"Istanbul","PURE_005","PGMPRDRAC0102_40","1","32ED5FFC4BE43FAB00012659"
"Istanbul","PURE_005","PGMPRDRAC0102_41","1","32ED5FFC4BE43FAB0001265A"
"Istanbul","PURE_005","PGMPRDRAC0102_42","1","32ED5FFC4BE43FAB0001265B"
"Istanbul","PURE_005","PGMPRDRAC0102_43","1","32ED5FFC4BE43FAB0001265C"
"Istanbul","PURE_005","PGMPRDRAC0102_44","1","32ED5FFC4BE43FAB0001265D"
"Istanbul","PURE_005","PGMPRDRAC0102_45","1","32ED5FFC4BE43FAB0001265E"
"Istanbul","PURE_005","PGMPRDRAC0102_46","1","32ED5FFC4BE43FAB0001265F"
"Istanbul","PURE_005","PGMPRDRAC0102_47","1","32ED5FFC4BE43FAB00012660"
"Istanbul","PURE_005","PGMPRDRAC0102_48","1","32ED5FFC4BE43FAB00012661"
"Istanbul","PURE_005","PGMPRDRAC0102_49","1","32ED5FFC4BE43FAB00012662"
"Istanbul","PURE_005","ELKPRDDAT12_01","4","32ED5FFC4BE43FAB0001266C"
"Istanbul","PURE_005","ELKPRDDAT12_02","4","32ED5FFC4BE43FAB0001266D"
"Istanbul","PURE_005","ELKPRDDAT12_03","4","32ED5FFC4BE43FAB0001266E"
"Istanbul","PURE_005","ELKPRDDAT12_04","4","32ED5FFC4BE43FAB0001266F"
"Istanbul","PURE_005","ELKPRDDAT12_05","4","32ED5FFC4BE43FAB00012670"
"Istanbul","PURE_005","ELKPRDDAT12_06","5","32ED5FFC4BE43FAB00012671"
"Istanbul","PURE_005","GENTSTRAC0102_01","0.016","32ED5FFC4BE43FAB00012672"
"Istanbul","PURE_005","GENTSTRAC0102_02","0.016","32ED5FFC4BE43FAB00012673"
"Istanbul","PURE_005","GENTSTRAC0102_03","2","32ED5FFC4BE43FAB00012674"
"Istanbul","PURE_005","GENTSTRAC0102_04","2","32ED5FFC4BE43FAB00012675"
"Istanbul","PURE_005","GENTSTRAC0102_05","2","32ED5FFC4BE43FAB00012676"
"Istanbul","PURE_005","GENTSTRAC0102_06","2","32ED5FFC4BE43FAB00012677"
"Istanbul","PURE_005","GENTSTRAC0102_07","2","32ED5FFC4BE43FAB00012678"
"Istanbul","PURE_005","GENTSTRAC0102_08","2","32ED5FFC4BE43FAB00012679"
"Istanbul","PURE_005","GENTSTRAC0102_09","2","32ED5FFC4BE43FAB0001267A"
"Istanbul","PURE_005","GENTSTRAC0102_10","2","32ED5FFC4BE43FAB0001267B"
"Istanbul","PURE_005","GENTSTRAC0102_11","2","32ED5FFC4BE43FAB0001267C"
"Istanbul","PURE_005","GENTSTRAC0102_12","2","32ED5FFC4BE43FAB0001267D"
"Istanbul","PURE_005","GENTSTRAC0102_13","2","32ED5FFC4BE43FAB0001267E"
"Istanbul","PURE_005","ATLTSTRAC01_02","0.293","32ED5FFC4BE43FAB0001267F"
"Istanbul","PURE_005","ATLTSTRAC02_02","0.293","32ED5FFC4BE43FAB00012680"
"Istanbul","PURE_005","KYSTSTDB01_17","0.293","32ED5FFC4BE43FAB00012681"
"Istanbul","PURE_005","SEAPRDRAC02_OS_01","0.293","32ED5FFC4BE43FAB00012682"
"Istanbul","PURE_005","SEAPRDRAC02_OS_02","0.293","32ED5FFC4BE43FAB00012683"
"Istanbul","PURE_005","SEAPRDRAC01_OS_01","0.293","32ED5FFC4BE43FAB00012684"
"Istanbul","PURE_005","SEAPRDRAC01_OS_02","0.293","32ED5FFC4BE43FAB00012685"
"Istanbul","PURE_005","SEAPRDRAC02_OS_3","0.488","32ED5FFC4BE43FAB00012686"
"Istanbul","PURE_005","SEAPRDRAC01_OS_3","0.488","32ED5FFC4BE43FAB00012687"
"Istanbul","PURE_005","SEAPRDRAC_ASM_01","2","32ED5FFC4BE43FAB00012688"
"Istanbul","PURE_005","SDTSTDB02_OS","0.293","32ED5FFC4BE43FAB00012689"
"Istanbul","PURE_005","SDTSTDB02_FS_01","1","32ED5FFC4BE43FAB0001268A"
"Istanbul","PURE_005","SDTSTDB02_0S_02","0.293","32ED5FFC4BE43FAB0001268B"
"Istanbul","PURE_005","PSTSTESX_09","15","32ED5FFC4BE43FAB0001268C"
"Istanbul","PURE_005","PSTSTESX_10","15","32ED5FFC4BE43FAB0001268D"
"Istanbul","PURE_005","PSTSTESX_11","15","32ED5FFC4BE43FAB0001268E"
"Istanbul","PURE_005","SEAPRDRAC01_OS_4","0.488","32ED5FFC4BE43FAB00012690"
"Istanbul","PURE_005","SEAPRDRAC02_OS_4","0.488","32ED5FFC4BE43FAB00012691"
"Istanbul","PURE_005","FEAGTPRDDB03_01","0.195","32ED5FFC4BE43FAB00012692"
"Istanbul","PURE_005","FEAGTPRDDB04_01","0.195","32ED5FFC4BE43FAB00012693"
"Istanbul","PURE_005","FEAGTPRDDB0304_01","0.195","32ED5FFC4BE43FAB00012694"
"Istanbul","PURE_005","FEAGTPRDDB0304_02","0.098","32ED5FFC4BE43FAB00012695"
"Istanbul","PURE_005","FEAGTPRDDB0304_03","0.098","32ED5FFC4BE43FAB00012696"
"Istanbul","PURE_005","FEAGTPRDDB0304_04","0.146","32ED5FFC4BE43FAB00012697"
"Istanbul","PURE_005","FEAGTPRDDB0304_05","0.146","32ED5FFC4BE43FAB00012698"
"Istanbul","PURE_005","ELKPRDDAT02_12","2","32ED5FFC4BE43FAB0001269A"
"Istanbul","PURE_005","ELKPRDDAT02_13","2","32ED5FFC4BE43FAB0001269B"
"Istanbul","PURE_005","ELKPRDDAT06_11","2","32ED5FFC4BE43FAB0001269C"
"Istanbul","PURE_005","ELKPRDDAT06_12","2","32ED5FFC4BE43FAB0001269D"
"Istanbul","PURE_005","ELKPRDDAT09_08","2","32ED5FFC4BE43FAB0001269E"
"Istanbul","PURE_005","ELKPRDDAT09_09","2","32ED5FFC4BE43FAB0001269F"
"Istanbul","PURE_005","ELKPRDDAT10_07","2","32ED5FFC4BE43FAB000126A0"
"Istanbul","PURE_005","ELKPRDDAT10_08","2","32ED5FFC4BE43FAB000126A1"
"Istanbul","PURE_005","ELKPRDDAT12_07","2","32ED5FFC4BE43FAB000126A2"
"Istanbul","PURE_005","ELKPRDDAT12_08","2","32ED5FFC4BE43FAB000126A3"
"Istanbul","PURE_005","CBDEVDB01_ROOT_2","0.293","32ED5FFC4BE43FAB000126A4"
"Istanbul","PURE_005","KFTPRDRAC01_ROOT_2","0.293","32ED5FFC4BE43FAB000126A5"
"Istanbul","PURE_005","KFTPRDRAC02_ROOT_2","0.293","32ED5FFC4BE43FAB000126A6"
"Istanbul","PURE_005","TNGPRDRAC01_01","0.293","32ED5FFC4BE43FAB000126A7"
"Istanbul","PURE_005","TNGPRDRAC01_02","0.293","32ED5FFC4BE43FAB000126A8"
"Istanbul","PURE_005","TNGPRDRAC02_01","0.293","32ED5FFC4BE43FAB000126A9"
"Istanbul","PURE_005","TNGPRDRAC02_02","0.293","32ED5FFC4BE43FAB000126AA"
"Istanbul","PURE_005","TNGPRDRAC01_03","0.488","32ED5FFC4BE43FAB000126AB"
"Istanbul","PURE_005","TNGPRDRAC01_04","0.488","32ED5FFC4BE43FAB000126AC"
"Istanbul","PURE_005","TNGPRDRAC02_03","0.488","32ED5FFC4BE43FAB000126AD"
"Istanbul","PURE_005","TNGPRDRAC02_04","0.488","32ED5FFC4BE43FAB000126AE"
"Istanbul","PURE_005","TNGPRDRAC0102_01","0.016","32ED5FFC4BE43FAB000126AF"
"Istanbul","PURE_005","TNGPRDRAC0102_02","4","32ED5FFC4BE43FAB000126B0"
"Istanbul","PURE_005","TNGPRDRAC0102_03","4","32ED5FFC4BE43FAB000126B1"
"Istanbul","PURE_005","TNGPRDRAC0102_04","0.016","32ED5FFC4BE43FAB000126B2"
"Istanbul","PURE_005","FEAGTPRDDB0304_06","1","32ED5FFC4BE43FAB000126B3"
"Istanbul","PURE_005","FEAGTPRDDB0304_07","1","32ED5FFC4BE43FAB000126B4"
"Istanbul","PURE_005","FEAGTPRDDB0304_09","1","32ED5FFC4BE43FAB000126B6"
"Istanbul","PURE_005","FEAGTPRDDB0304_11","1","32ED5FFC4BE43FAB000126B8"
"Istanbul","PURE_005","FEAGTPRDDB0304_12","1","32ED5FFC4BE43FAB000126B9"
"Istanbul","PURE_005","FEAGTPRDDB0304_13","1","32ED5FFC4BE43FAB000126BA"
"Istanbul","PURE_005","FEAGTPRDDB0304_14","1","32ED5FFC4BE43FAB000126BB"
"Istanbul","PURE_005","FEAGTPRDDB0304_15","1","32ED5FFC4BE43FAB000126BC"
"Istanbul","PURE_005","FEAGTPRDDB0304_16","1","32ED5FFC4BE43FAB000126BD"
"Istanbul","PURE_005","FEAGTPRDDB0304_17","1","32ED5FFC4BE43FAB000126BE"
"Istanbul","PURE_005","FEAGTPRDDB0304_18","1","32ED5FFC4BE43FAB000126BF"
"Istanbul","PURE_005","FEAGTPRDDB0304_19","1","32ED5FFC4BE43FAB000126C0"
"Istanbul","PURE_005","FEAGTPRDDB0304_20","1","32ED5FFC4BE43FAB000126C1"
"Istanbul","PURE_005","FEAGTPRDDB0304_21","1","32ED5FFC4BE43FAB000126C2"
"Istanbul","PURE_005","FEAGTPRDDB0304_22","1","32ED5FFC4BE43FAB000126C3"
"Istanbul","PURE_005","FEAGTPRDDB0304_23","1","32ED5FFC4BE43FAB000126C4"
"Istanbul","PURE_005","FEAGTPRDDB0304_24","1","32ED5FFC4BE43FAB000126C5"
"Istanbul","PURE_005","FEAGTPRDDB0304_25","1","32ED5FFC4BE43FAB000126C6"
"Istanbul","PURE_005","FEAGTPRDDB0304_26","1","32ED5FFC4BE43FAB000126C7"
"Istanbul","PURE_005","FEAGTPRDDB0304_27","1","32ED5FFC4BE43FAB000126C8"
"Istanbul","PURE_005","FEAGTPRDDB0304_49","1","32ED5FFC4BE43FAB000126E1"
"Istanbul","PURE_005","FEAGTPRDDB0304_50","1","32ED5FFC4BE43FAB000126E2"
"Istanbul","PURE_005","CLWPRDGENGPU1004_01","0.003","32ED5FFC4BE43FAB000126E3"
"Istanbul","PURE_005","CLWPRDGENGPU1004_02","0.062","32ED5FFC4BE43FAB000126E4"
"Istanbul","PURE_005","CLWPRDGENGPU1004_03","3","32ED5FFC4BE43FAB000126E5"
"Istanbul","PURE_005","CLWPRDGENGPU1101_01","0.003","32ED5FFC4BE43FAB000126E6"
"Istanbul","PURE_005","CLWPRDGENGPU1101_02","0.062","32ED5FFC4BE43FAB000126E7"
"Istanbul","PURE_005","CLWPRDGENGPU1101_03","3","32ED5FFC4BE43FAB000126E8"
"Istanbul","PURE_005","CLWPRDGENGPU1102_01","0.003","32ED5FFC4BE43FAB000126E9"
"Istanbul","PURE_005","CLWPRDGENGPU1102_02","0.062","32ED5FFC4BE43FAB000126EA"
"Istanbul","PURE_005","CLWPRDGENGPU1102_03","3","32ED5FFC4BE43FAB000126EB"
"Istanbul","PURE_005","CLWPRDGENGPU1103_01","0.003","32ED5FFC4BE43FAB000126EC"
"Istanbul","PURE_005","CLWPRDGENGPU1103_02","0.062","32ED5FFC4BE43FAB000126ED"
"Istanbul","PURE_005","CLWPRDGENGPU1103_03","3","32ED5FFC4BE43FAB000126EE"
"Istanbul","PURE_005","CLWPRDGENGPU1104_01","0.003","32ED5FFC4BE43FAB000126EF"
"Istanbul","PURE_005","CLWPRDGENGPU1104_02","0.062","32ED5FFC4BE43FAB000126F0"
"Istanbul","PURE_005","CLWPRDGENGPU1104_03","3","32ED5FFC4BE43FAB000126F1"
"Istanbul","PURE_005","SCMPRDDB02_01","8.002","32ED5FFC4BE43FAB000126F2"
"Istanbul","PURE_005","SCMPRDDB02_02","5.234","32ED5FFC4BE43FAB000126F3"
"Istanbul","PURE_005","SCMPRDDB02_03","4.502","32ED5FFC4BE43FAB000126F4"
"Istanbul","PURE_005","SCMPRDDB02_04","4.002","32ED5FFC4BE43FAB000126F5"
"Istanbul","PURE_005","SCMPRDDB02_05","2.502","32ED5FFC4BE43FAB000126F6"
"Istanbul","PURE_005","SCMPRDDB02_06","2.502","32ED5FFC4BE43FAB000126F7"
"Istanbul","PURE_005","SCMPRDDB02_07","2.502","32ED5FFC4BE43FAB000126F8"
"Istanbul","PURE_005","SCMPRDDB02_08","2.002","32ED5FFC4BE43FAB000126F9"
"Istanbul","PURE_005","SCMPRDDB02_09","2.002","32ED5FFC4BE43FAB000126FA"
"Istanbul","PURE_005","SCMPRDDB02_10","2.002","32ED5FFC4BE43FAB000126FB"
"Istanbul","PURE_005","SCMPRDDB02_11","2.002","32ED5FFC4BE43FAB000126FC"
"Istanbul","PURE_005","SCMPRDDB02_12","0.252","32ED5FFC4BE43FAB000126FD"
"Istanbul","PURE_005","SCMPRDDB02_13","0.178","32ED5FFC4BE43FAB000126FE"
"Istanbul","PURE_005","FBPRDESX_SQL_56","6","32ED5FFC4BE43FAB00012716"
"Istanbul","PURE_005","FEPRDVM_UNIX_00","10","32ED5FFC4BE43FAB0001271C"
"Istanbul","PURE_005","FEPRDVM_UNIX_01","10","32ED5FFC4BE43FAB0001271D"
"Istanbul","PURE_005","FEPRDVM_UNIX_02","10","32ED5FFC4BE43FAB0001271E"
"Istanbul","PURE_005","FEPRDVM_UNIX_03","10","32ED5FFC4BE43FAB0001271F"
"Istanbul","PURE_005","FEPRDVM_UNIX_04","10","32ED5FFC4BE43FAB00012720"
"Istanbul","PURE_005","FEPRDVM_UNIX_05","10","32ED5FFC4BE43FAB00012721"
"Istanbul","PURE_005","FEPRDVM_UNIX_06","10","32ED5FFC4BE43FAB00012722"
"Istanbul","PURE_005","FEPRDVM_UNIX_07","10","32ED5FFC4BE43FAB00012723"
"Istanbul","PURE_005","FEPRDVM_UNIX_09","10","32ED5FFC4BE43FAB00012725"
"Istanbul","PURE_005","SEAPRDRAC_ASM_02","2","32ED5FFC4BE43FAB00012726"
"Istanbul","PURE_005","SEAPRDRAC_ASM_03","2","32ED5FFC4BE43FAB00012727"
"Istanbul","PURE_005","GENTSTRAC0102_DATA_00","2","32ED5FFC4BE43FAB0001272D"
"Istanbul","PURE_005","GENTSTRAC0102_DATA_01","2","32ED5FFC4BE43FAB0001272E"
"Istanbul","PURE_005","GENTSTRAC0102_DATA_02","2","32ED5FFC4BE43FAB0001272F"
"Istanbul","PURE_005","GENTSTRAC0102_DATA_03","2","32ED5FFC4BE43FAB00012730"
"Istanbul","PURE_005","GENTSTRAC0102_DATA_04","2","32ED5FFC4BE43FAB00012731"
"Istanbul","PURE_005","GENTSTRAC0102_DATA_05","2","32ED5FFC4BE43FAB00012732"
"Istanbul","PURE_005","GENTSTRAC0102_DATA_06","2","32ED5FFC4BE43FAB00012733"
"Istanbul","PURE_005","GENTSTRAC0102_DATA_07","2","32ED5FFC4BE43FAB00012734"
"Istanbul","PURE_005","GENTSTRAC0102_DATA_08","2","32ED5FFC4BE43FAB00012735"
"Istanbul","PURE_005","GENTSTRAC0102_DATA_09","2","32ED5FFC4BE43FAB00012736"
"Istanbul","PURE_005","GENTSTRAC0102_DATA_10","2","32ED5FFC4BE43FAB00012737"
"Istanbul","PURE_005","GENTSTRAC0102_DATA_11","2","32ED5FFC4BE43FAB00012738"
"Istanbul","PURE_005","GENTSTRAC0102_DATA_12","2","32ED5FFC4BE43FAB00012739"
"Istanbul","PURE_005","GENTSTRAC0102_DATA_13","2","32ED5FFC4BE43FAB0001273A"
"Istanbul","PURE_005","GENTSTRAC0102_DATA_14","2","32ED5FFC4BE43FAB0001273B"
"Istanbul","PURE_005","GENTSTRAC0102_DATA_15","2","32ED5FFC4BE43FAB0001273C"
"Istanbul","PURE_005","GENTSTRAC0102_DATA_16","2","32ED5FFC4BE43FAB0001273D"
"Istanbul","PURE_005","GENTSTRAC0102_DATA_17","2","32ED5FFC4BE43FAB0001273E"
"Istanbul","PURE_005","GENTSTRAC0102_DATA_18","2","32ED5FFC4BE43FAB0001273F"
"Istanbul","PURE_005","GENTSTRAC0102_DATA_19","2","32ED5FFC4BE43FAB00012740"
"Istanbul","PURE_005","FBPRDESX_SQL_59","7","32ED5FFC4BE43FAB00012B29"
"Istanbul","PURE_005","FBPRDESX_SQL_60","7","32ED5FFC4BE43FAB00012B2A"
"Istanbul","PURE_005","FBPRDESX_SQL_61","7","32ED5FFC4BE43FAB00012B2B"
"Istanbul","PURE_005","FBPRDESX_SQL_62","7","32ED5FFC4BE43FAB00012B2C"
"Istanbul","PURE_005","FBPRDESX_SQL_63","7","32ED5FFC4BE43FAB00012B2D"
"Istanbul","PURE_005","FBPRDESX_SQL_64","9","32ED5FFC4BE43FAB00012B2E"
"Istanbul","PURE_005","FBPRDESX_SQL_65","7","32ED5FFC4BE43FAB00012B2F"
"Istanbul","PURE_005","FBPRDESX_SQL_66","7","32ED5FFC4BE43FAB00012B30"
"Istanbul","PURE_005","FBPRDESX_SQL_67","7","32ED5FFC4BE43FAB00012B31"
"Istanbul","PURE_005","FBPRDESX_SQL_68","9","32ED5FFC4BE43FAB00012B32"
"Istanbul","PURE_005","FBPRDESX_SQL_69","7","32ED5FFC4BE43FAB00012B33"
"Istanbul","PURE_005","FBPRDESX_SQL_70","7","32ED5FFC4BE43FAB00012B34"
"Istanbul","PURE_005","FBPRDESX_SQL_71","7","32ED5FFC4BE43FAB00012B35"
"Istanbul","PURE_005","FBPRDESX_SQL_72","7","32ED5FFC4BE43FAB00012B36"
"Istanbul","PURE_005","FBPRDESX_SQL_73","7","32ED5FFC4BE43FAB00012B37"
"Istanbul","PURE_005","FBPRDESX_SQL_74","7","32ED5FFC4BE43FAB00012B38"
"Istanbul","PURE_005","FBPRDESX_SQL_75","7","32ED5FFC4BE43FAB00012B39"
"Istanbul","PURE_005","FBPRDESX_SQL_76","7","32ED5FFC4BE43FAB00012B3A"
"Istanbul","PURE_005","FBPRDESX_SQL_77","7","32ED5FFC4BE43FAB00012B3B"
"Istanbul","PURE_005","FBPRDESX_SQL_78","7","32ED5FFC4BE43FAB00012B3C"
"Istanbul","PURE_005","FBPRDESX_SQL_79","7","32ED5FFC4BE43FAB00012B3D"
"Istanbul","PURE_005","FEPRDVM_UNIX_10","5","32ED5FFC4BE43FAB00012B3E"
"Istanbul","PURE_005","FEPRDVM_UNIX_11","5","32ED5FFC4BE43FAB00012B3F"
"Istanbul","PURE_005","FEPRDVM_UNIX_12","5","32ED5FFC4BE43FAB00012B40"
"Istanbul","PURE_005","FEPRDVM_UNIX_13","5","32ED5FFC4BE43FAB00012B41"
"Istanbul","PURE_005","FEPRDVM_UNIX_14","5","32ED5FFC4BE43FAB00012B42"
"Istanbul","PURE_005","SEAPRDRAC_ASM_04","2","32ED5FFC4BE43FAB00012B49"
"Istanbul","PURE_005","SEAPRDRAC_ASM_05","2","32ED5FFC4BE43FAB00012B4A"
"Istanbul","PURE_005","SEAPRDRAC_ASM_06","2","32ED5FFC4BE43FAB00012B4B"
"Istanbul","PURE_005","SEAPRDRAC_ASM_07","2","32ED5FFC4BE43FAB00012B4C"
"Istanbul","PURE_005","SEAPRDRAC_ASM_08","2","32ED5FFC4BE43FAB00012B4D"
"Istanbul","PURE_005","SEAPRDRAC_ASM_09","2","32ED5FFC4BE43FAB00012B4E"
"Istanbul","PURE_005","SEAPRDRAC_ASM_10","2","32ED5FFC4BE43FAB00012B4F"
"Istanbul","PURE_005","SEAPRDRAC_ASM_11","2","32ED5FFC4BE43FAB00012B50"
"Istanbul","PURE_005","SEAPRDRAC_ASM_12","2","32ED5FFC4BE43FAB00012B51"
"Istanbul","PURE_005","SEAPRDRAC_ASM_13","2","32ED5FFC4BE43FAB00012B52"
"Istanbul","PURE_005","SEAPRDRAC_ASM_14","2","32ED5FFC4BE43FAB00012B53"
"Istanbul","PURE_005","SEAPRDRAC_ASM_15","2","32ED5FFC4BE43FAB00012B54"
"Istanbul","PURE_005","SEAPRDRAC_ASM_16","2","32ED5FFC4BE43FAB00012B55"
"Istanbul","PURE_005","SEAPRDRAC_ASM_17","2","32ED5FFC4BE43FAB00012B57"
"Istanbul","PURE_005","SEAPRDRAC_ASM_18","2","32ED5FFC4BE43FAB00012B58"
"Istanbul","PURE_005","SEAPRDRAC_ASM_19","2","32ED5FFC4BE43FAB00012B59"
"Istanbul","PURE_005","SEAPRDRAC_ASM_20","2","32ED5FFC4BE43FAB00012B5A"
"Istanbul","PURE_005","SEAPRDRAC_ASM_21","2","32ED5FFC4BE43FAB00012B5B"
"Istanbul","PURE_005","FBPRDESX_SQL_80","9","32ED5FFC4BE43FAB00012B5C"
"Istanbul","PURE_005","FBPRDESX_SQL_81","9","32ED5FFC4BE43FAB00012B5D"
"Istanbul","PURE_005","FBPRDESX_SQL_82","9","32ED5FFC4BE43FAB00012B5E"
"Istanbul","PURE_005","FBPRDESX_SQL_83","9","32ED5FFC4BE43FAB00012B5F"
"Istanbul","PURE_005","FEPRDVM_UNIX_15","6","32ED5FFC4BE43FAB00012F48"
"Istanbul","PURE_005","SEAPRDRAC_ASM_22","2","32ED5FFC4BE43FAB00012F4A"
"Istanbul","PURE_005","SEAPRDRAC_ASM_23","2","32ED5FFC4BE43FAB00012F4B"
"Istanbul","PURE_005","SEAPRDRAC_ASM_24","2","32ED5FFC4BE43FAB00012F4C"
"Istanbul","PURE_005","SEAPRDRAC_ASM_25","2","32ED5FFC4BE43FAB00012F4D"
"Istanbul","PURE_005","SEAPRDRAC_ASM_26","2","32ED5FFC4BE43FAB00012F4E"
"Istanbul","PURE_005","GENTSTRAC01_01","0.293","32ED5FFC4BE43FAB00012F4F"
"Istanbul","PURE_005","GENTSTRAC02_01","0.293","32ED5FFC4BE43FAB00012F50"
"Istanbul","PURE_005","ELKPRDDAT13_01","0.488","32ED5FFC4BE43FAB00012F51"
"Istanbul","PURE_005","ELKPRDDAT13_02","4","32ED5FFC4BE43FAB00012F52"
"Istanbul","PURE_005","ELKPRDDAT13_03","4","32ED5FFC4BE43FAB00012F53"
"Istanbul","PURE_005","ELKPRDDAT13_04","4","32ED5FFC4BE43FAB00012F54"
"Istanbul","PURE_005","ELKPRDDAT13_05","4","32ED5FFC4BE43FAB00012F55"
"Istanbul","PURE_005","ELKPRDDAT13_06","4","32ED5FFC4BE43FAB00012F56"
"Istanbul","PURE_005","ELKPRDDAT13_07","4","32ED5FFC4BE43FAB00012F57"
"Istanbul","PURE_005","ELKPRDDAT13_08","4","32ED5FFC4BE43FAB00012F58"
"Istanbul","PURE_005","INSTAPRDAPP02_01","5","32ED5FFC4BE43FAB00012F59"
"Istanbul","PURE_005","ALOPRDKFK18_01","5","32ED5FFC4BE43FAB00012F5A"
"Istanbul","PURE_005","ALOPRDKFK18_02","5","32ED5FFC4BE43FAB00012F5B"
"Istanbul","PURE_005","ALOPRDKFK18_03","5","32ED5FFC4BE43FAB00012F5C"
"Istanbul","PURE_005","ALOPRDKFK18_04","5","32ED5FFC4BE43FAB00012F5D"
"Istanbul","PURE_005","ALOPRDKFK18_05","5","32ED5FFC4BE43FAB00012F5E"
"Istanbul","PURE_005","ALOPRDKFK18_06","5","32ED5FFC4BE43FAB00012F5F"
"Istanbul","PURE_005","ALOPRDKFK18_07","5","32ED5FFC4BE43FAB00012F60"
"Istanbul","PURE_005","ALOPRDKFK18_08","5","32ED5FFC4BE43FAB00012F61"
"Istanbul","PURE_005","ALOPRDKFK18_09","5","32ED5FFC4BE43FAB00012F62"
"Istanbul","PURE_005","ALOPRDKFK18_10","5","32ED5FFC4BE43FAB00012F63"
"Istanbul","PURE_005","ALOPRDKFK18_11","5","32ED5FFC4BE43FAB00012F64"
"Istanbul","PURE_005","ALOPRDKFK18_12","5","32ED5FFC4BE43FAB00012F65"
"Istanbul","PURE_005","ALOPRDKFK19_01","5","32ED5FFC4BE43FAB00012F66"
"Istanbul","PURE_005","ALOPRDKFK19_02","5","32ED5FFC4BE43FAB00012F67"
"Istanbul","PURE_005","ALOPRDKFK19_03","5","32ED5FFC4BE43FAB00012F68"
"Istanbul","PURE_005","ALOPRDKFK19_04","5","32ED5FFC4BE43FAB00012F69"
"Istanbul","PURE_005","ALOPRDKFK19_05","5","32ED5FFC4BE43FAB00012F6A"
"Istanbul","PURE_005","ALOPRDKFK19_06","5","32ED5FFC4BE43FAB00012F6B"
"Istanbul","PURE_005","ALOPRDKFK19_07","5","32ED5FFC4BE43FAB00012F6C"
"Istanbul","PURE_005","ALOPRDKFK19_08","5","32ED5FFC4BE43FAB00012F6D"
"Istanbul","PURE_005","ALOPRDKFK19_09","5","32ED5FFC4BE43FAB00012F6E"
"Istanbul","PURE_005","ALOPRDKFK19_10","5","32ED5FFC4BE43FAB00012F6F"
"Istanbul","PURE_005","ALOPRDKFK19_11","5","32ED5FFC4BE43FAB00012F70"
"Istanbul","PURE_005","ALOPRDKFK19_12","5","32ED5FFC4BE43FAB00012F71"
"Istanbul","PURE_005","SEATSTRAC_VOTE_01","0.015","32ED5FFC4BE43FAB00012F72"
"Istanbul","PURE_005","SEATSTRAC_VOTE_02","0.015","32ED5FFC4BE43FAB00012F73"
"Istanbul","PURE_005","TNGPRDRAC0102_05","0.016","32ED5FFC4BE43FAB00012F74"
"Istanbul","PURE_005","TNGPRDRAC0102_06","0.016","32ED5FFC4BE43FAB00012F75"
"Istanbul","PURE_005","SEAPRDRAC_ASM_27","2","32ED5FFC4BE43FAB00012F76"
"Istanbul","PURE_005","SEAPRDRAC_ASM_28","2","32ED5FFC4BE43FAB00012F77"
"Istanbul","PURE_005","SEAPRDRAC_ASM_29","2","32ED5FFC4BE43FAB00012F78"
"Istanbul","PURE_005","SEAPRDRAC_ASM_30","2","32ED5FFC4BE43FAB00012F79"
"Istanbul","PURE_005","SEAPRDRAC_ASM_31","2","32ED5FFC4BE43FAB00012F7A"
"Istanbul","PURE_005","PGMPRDRAC0102_50","1","32ED5FFC4BE43FAB00013363"
"Istanbul","PURE_005","PGMPRDRAC0102_51","1","32ED5FFC4BE43FAB00013364"
"Istanbul","PURE_005","PGMPRDRAC0102_52","1","32ED5FFC4BE43FAB00013365"
"Istanbul","PURE_005","PGMPRDRAC0102_53","1","32ED5FFC4BE43FAB00013366"
"Istanbul","PURE_005","PGMPRDRAC0102_54","1","32ED5FFC4BE43FAB00013367"
"Istanbul","PURE_005","PGMPRDRAC0102_55","1","32ED5FFC4BE43FAB00013368"
"Istanbul","PURE_005","PGMPRDRAC0102_56","1","32ED5FFC4BE43FAB00013369"
"Istanbul","PURE_005","PGMPRDRAC0102_57","1","32ED5FFC4BE43FAB0001336A"
"Istanbul","PURE_005","PGMPRDRAC0102_58","1","32ED5FFC4BE43FAB0001336B"
"Istanbul","PURE_005","PGMPRDRAC0102_59","1","32ED5FFC4BE43FAB0001336C"
"Istanbul","PURE_005","PGMPRDRAC0102_60","1","32ED5FFC4BE43FAB0001336D"
"Istanbul","PURE_005","PGMPRDRAC0102_61","1","32ED5FFC4BE43FAB0001336E"
"Istanbul","PURE_005","PGMPRDRAC0102_62","1","32ED5FFC4BE43FAB0001336F"
"Istanbul","PURE_005","PGMPRDRAC0102_63","1","32ED5FFC4BE43FAB00013370"
"Istanbul","PURE_005","PGMPRDRAC0102_64","1","32ED5FFC4BE43FAB00013371"
"Istanbul","PURE_005","PGMPRDRAC0102_65","1","32ED5FFC4BE43FAB00013372"
"Istanbul","PURE_005","PGMPRDRAC0102_66","1","32ED5FFC4BE43FAB00013373"
"Istanbul","PURE_005","PGMPRDRAC0102_67","1","32ED5FFC4BE43FAB00013374"
"Istanbul","PURE_005","PGMPRDRAC0102_68","1","32ED5FFC4BE43FAB00013375"
"Istanbul","PURE_005","PGMPRDRAC0102_69","1","32ED5FFC4BE43FAB00013376"
"Istanbul","PURE_005","PGMPRDRAC0102_70","1","32ED5FFC4BE43FAB00013377"
"Istanbul","PURE_005","PGMPRDRAC0102_71","1","32ED5FFC4BE43FAB00013378"
"Istanbul","PURE_005","PGMPRDRAC0102_72","1","32ED5FFC4BE43FAB00013379"
"Istanbul","PURE_005","PGMPRDRAC0102_73","1","32ED5FFC4BE43FAB0001337A"
"Istanbul","PURE_005","PGMPRDRAC0102_74","1","32ED5FFC4BE43FAB0001337B"
"Istanbul","PURE_005","PGMPRDRAC0102_75","1","32ED5FFC4BE43FAB0001337C"
"Istanbul","PURE_005","PGMPRDRAC0102_76","1","32ED5FFC4BE43FAB0001337D"
"Istanbul","PURE_005","PGMPRDRAC0102_77","1","32ED5FFC4BE43FAB0001337E"
"Istanbul","PURE_005","PGMPRDRAC0102_78","1","32ED5FFC4BE43FAB0001337F"
"Istanbul","PURE_005","PGMPRDRAC0102_79","1","32ED5FFC4BE43FAB00013380"
"Istanbul","PURE_005","PGMPRDRAC0102_80","1","32ED5FFC4BE43FAB00013381"
"Istanbul","PURE_005","PGMPRDRAC0102_81","1","32ED5FFC4BE43FAB00013382"
"Istanbul","PURE_005","PGMPRDRAC0102_82","1","32ED5FFC4BE43FAB00013383"
"Istanbul","PURE_005","PGMPRDRAC0102_83","1","32ED5FFC4BE43FAB00013384"
"Istanbul","PURE_005","PGMPRDRAC0102_84","1","32ED5FFC4BE43FAB00013385"
"Istanbul","PURE_005","PGMPRDRAC0102_85","1","32ED5FFC4BE43FAB00013386"
"Istanbul","PURE_005","PGMPRDRAC0102_86","1","32ED5FFC4BE43FAB00013387"
"Istanbul","PURE_005","PGMPRDRAC0102_87","1","32ED5FFC4BE43FAB00013388"
"Istanbul","PURE_005","PGMPRDRAC0102_88","1","32ED5FFC4BE43FAB00013389"
"Istanbul","PURE_005","PGMPRDRAC0102_89","1","32ED5FFC4BE43FAB0001338A"
"Istanbul","PURE_005","PSPRDESX_1","8","32ED5FFC4BE43FAB0001349B"
"Istanbul","PURE_005","PSPRDESX_2","8","32ED5FFC4BE43FAB0001349C"
"Istanbul","PURE_005","PSPRDESX_3","8","32ED5FFC4BE43FAB0001349D"
"Istanbul","PURE_005","SEAPRDRAC_ASM_32","2","32ED5FFC4BE43FAB000134E2"
"Istanbul","PURE_005","SEAPRDRAC_ASM_33","2","32ED5FFC4BE43FAB000134E3"
"Istanbul","PURE_005","SEAPRDRAC_ASM_34","2","32ED5FFC4BE43FAB000134E4"
"Istanbul","PURE_005","SEAPRDRAC_ASM_35","2","32ED5FFC4BE43FAB000134E5"
"Istanbul","PURE_005","SEAPRDRAC_ASM_36","2","32ED5FFC4BE43FAB000134E6"
"Istanbul","PURE_005","SEAPRDRAC_ASM_37","2","32ED5FFC4BE43FAB000134E7"
"Istanbul","PURE_005","SEAPRDRAC_ASM_38","2","32ED5FFC4BE43FAB000134E8"
"Istanbul","PURE_005","SEAPRDRAC_ASM_39","2","32ED5FFC4BE43FAB000134E9"
"Istanbul","PURE_005","SEAPRDRAC_ASM_40","2","32ED5FFC4BE43FAB000134EA"
"Istanbul","PURE_005","SEAPRDRAC_ASM_41","2","32ED5FFC4BE43FAB000134EB"
"Istanbul","PURE_005","SEAPRDRAC_ASM_42","2","32ED5FFC4BE43FAB000134EC"
"Istanbul","PURE_005","SEAPRDRAC_ASM_43","2","32ED5FFC4BE43FAB000134ED"
"Istanbul","PURE_005","SEAPRDRAC_ASM_44","2","32ED5FFC4BE43FAB000134EE"
"Istanbul","PURE_005","SEAPRDRAC_ASM_45","2","32ED5FFC4BE43FAB000134EF"
"Istanbul","PURE_005","SEAPRDRAC_ASM_46","2","32ED5FFC4BE43FAB000134F0"
"Istanbul","PURE_005","PSPRDESX_4","8","32ED5FFC4BE43FAB0001359B"
"Istanbul","PURE_005","PSPRDESX_5","8","32ED5FFC4BE43FAB0001359C"
"Istanbul","PURE_005","PSPRDESX_6","8","32ED5FFC4BE43FAB00013647"
"Istanbul","PURE_005","PSPRDESX_7","8","32ED5FFC4BE43FAB00013648"
"Istanbul","PURE_005","PSPRDESX_8","10","32ED5FFC4BE43FAB00013649"
"Istanbul","PURE_005","SEAPRDRAC_ASM_47","2","32ED5FFC4BE43FAB00013D3C"
"Istanbul","PURE_005","SEAPRDRAC_ASM_48","2","32ED5FFC4BE43FAB00013D3D"
"Istanbul","PURE_005","SEAPRDRAC_ASM_49","2","32ED5FFC4BE43FAB00013D3E"
"Istanbul","PURE_005","SEAPRDRAC_ASM_50","2","32ED5FFC4BE43FAB00013D3F"
"Istanbul","PURE_005","SEAPRDRAC_ASM_51","2","32ED5FFC4BE43FAB00013D40"
"Istanbul","PURE_005","FEAGTPRDDB0304_60","1","32ED5FFC4BE43FAB00013DF4"
"Istanbul","PURE_005","FEAGTPRDDB0304_61","1","32ED5FFC4BE43FAB00013DF5"
"Istanbul","PURE_005","SEAPRDRAC01_FS_1","0.488","32ED5FFC4BE43FAB00014676"
"Istanbul","PURE_005","SEAPRDRAC02_FS_1","0.488","32ED5FFC4BE43FAB00014677"
"Istanbul","PURE_005","SEAPRDRAC01_FS_2","0.488","32ED5FFC4BE43FAB00014678"
"Istanbul","PURE_005","SEAPRDRAC02_FS_2","0.488","32ED5FFC4BE43FAB00014679"
"Istanbul","PURE_005","SEAPRDRAC_ASM_52","2","32ED5FFC4BE43FAB00014699"
"Istanbul","PURE_005","SEAPRDRAC_ASM_53","2","32ED5FFC4BE43FAB0001469A"
"Istanbul","PURE_005","SEAPRDRAC_ASM_54","2","32ED5FFC4BE43FAB0001469B"
"Istanbul","PURE_005","SEAPRDRAC_ASM_55","2","32ED5FFC4BE43FAB0001469C"
"Istanbul","PURE_005","SEAPRDRAC_ASM_56","2","32ED5FFC4BE43FAB0001469D"
"Istanbul","PURE_005","FBPRDESX_SQL_84","9","32ED5FFC4BE43FAB00014C11"
"Istanbul","PURE_005","FBPRDESX_SQL_85","9","32ED5FFC4BE43FAB00014C12"
"Istanbul","PURE_005","FBPRDESX_SQL_86","9","32ED5FFC4BE43FAB00014C13"
"Istanbul","PURE_005","FBPRDESX_SQL_87","9","32ED5FFC4BE43FAB00014C14"
"Istanbul","PURE_005","FBPRDESX_SQL_88","9","32ED5FFC4BE43FAB00014C15"
"Istanbul","PURE_005","FBPRDESX_SQL_89","9","32ED5FFC4BE43FAB00014C16"
"Istanbul","PURE_005","FEAGTPRDDB0304_62","1","32ED5FFC4BE43FAB00014C74"
"Istanbul","PURE_005","FBPRDESX_SQL_90","9","32ED5FFC4BE43FAB00014C95"
"Istanbul","PURE_005","FBPRDESX_SQL_91","9","32ED5FFC4BE43FAB00014C96"
"Istanbul","PURE_005","FBPRDESX_SQL_92","9","32ED5FFC4BE43FAB00014C97"
"Istanbul","PURE_005","FBPRDESX_SQL_93","9","32ED5FFC4BE43FAB00014C98"
"Istanbul","PURE_005","FBPRDESX_SQL_94","9","32ED5FFC4BE43FAB00014E59"
"Istanbul","PURE_005","FBPRDESX_SQL_95","9","32ED5FFC4BE43FAB00014E5A"
"Istanbul","PURE_005","SEAPRDRAC_ASM_57","2","32ED5FFC4BE43FAB00014F1B"
"Istanbul","PURE_005","SEAPRDRAC_ASM_58","2","32ED5FFC4BE43FAB00014F1C"
"Istanbul","PURE_005","SEAPRDRAC_ASM_59","2","32ED5FFC4BE43FAB00014F1D"
"Istanbul","PURE_005","SEAPRDRAC_ASM_60","2","32ED5FFC4BE43FAB00014F1E"
"Istanbul","PURE_005","SEAPRDRAC_ASM_61","2","32ED5FFC4BE43FAB00014F1F"
"Istanbul","PURE_005","FBPRDESX_SQL_96","9","32ED5FFC4BE43FAB00014F20"
"Istanbul","PURE_005","FEAGTPRDDB0304_28","1","32ED5FFC4BE43FAB000151E1"
"Istanbul","PURE_005","SEAPRDRAC_ASM_62","2","32ED5FFC4BE43FAB00015476"
"Istanbul","PURE_005","SEAPRDRAC_ASM_63","2","32ED5FFC4BE43FAB00015477"
"Istanbul","PURE_005","SEAPRDRAC_ASM_64","2","32ED5FFC4BE43FAB00015478"
"Istanbul","PURE_005","SEAPRDRAC_ASM_65","2","32ED5FFC4BE43FAB00015479"
"Istanbul","PURE_005","SEAPRDRAC_ASM_66","2","32ED5FFC4BE43FAB0001547A"
"Istanbul","PURE_005","SEAPRDRAC_ASM_67","2","32ED5FFC4BE43FAB0001547B"
"Istanbul","PURE_005","SEAPRDRAC_ASM_68","2","32ED5FFC4BE43FAB0001547C"
"Istanbul","PURE_005","SEAPRDRAC_ASM_69","2","32ED5FFC4BE43FAB0001547D"
"Istanbul","PURE_005","FEAGTPRDDB03_02","0.195","32ED5FFC4BE43FAB000159A6"
"Istanbul","PURE_005","FEAGTPRDDB04_02","0.195","32ED5FFC4BE43FAB000159A7"
"Istanbul","PURE_005","FEAGTPRDDB0304_10","0.146","32ED5FFC4BE43FAB000159A8"
"Istanbul","PURE_005","FBPRDESX_SQL_97","9","32ED5FFC4BE43FAB00015A5D"
"Istanbul","PURE_005","FBPRDESX_SQL_98","9","32ED5FFC4BE43FAB00015A5E"
"Istanbul","PURE_005","FBPRDESX_SQL_99","9","32ED5FFC4BE43FAB00015A5F"
"Istanbul","PURE_005","FBPRDESX_SQL_100","9","32ED5FFC4BE43FAB00015A60"
"Istanbul","PURE_005","FBPRDESX_SQL_101","9","32ED5FFC4BE43FAB00015A61"
"Istanbul","PURE_005","FBPRDESX_SQL_102","9","32ED5FFC4BE43FAB00015A62"
"Istanbul","PURE_005","FBPRDESX_SQL_103","9","32ED5FFC4BE43FAB00015A63"
"Istanbul","PURE_005","FBPRDESX_SQL_104","9","32ED5FFC4BE43FAB00015A64"
"Istanbul","PURE_005","FBPRDESX_SQL_105","9","32ED5FFC4BE43FAB00015A65"
"Istanbul","PURE_005","FBPRDESX_SQL_106","9","32ED5FFC4BE43FAB00015A66"
"Istanbul","PURE_005","FBPRDESX_SQL_107","9","32ED5FFC4BE43FAB00015A67"
"Istanbul","PURE_005","INSTAPRDAPP02_02","2","32ED5FFC4BE43FAB00015AD4"
"Istanbul","PURE_005","PSPRDESX_9","10","32ED5FFC4BE43FAB00015B41"
"Istanbul","PURE_005","GENTSTRAC01_02","0.293","32ED5FFC4BE43FAB00015C1A"
"Istanbul","PURE_005","GENTSTRAC02_02","0.293","32ED5FFC4BE43FAB00015C1B"
"Istanbul","PURE_005","SEAPRDRAC_ASM_70","2","32ED5FFC4BE43FAB000163D1"
"Istanbul","PURE_005","SEAPRDRAC_ASM_71","2","32ED5FFC4BE43FAB000163D2"
"Istanbul","PURE_005","SEAPRDRAC_ASM_72","2","32ED5FFC4BE43FAB000163D3"
"Istanbul","PURE_005","SEAPRDRAC_ASM_73","2","32ED5FFC4BE43FAB000163D4"
"Istanbul","PURE_005","SEAPRDRAC_ASM_74","2","32ED5FFC4BE43FAB000163D5"
"Istanbul","PURE_005","SEAPRDRAC_ASM_75","2","32ED5FFC4BE43FAB000163D6"
"Istanbul","PURE_005","SEAPRDRAC_ASM_76","2","32ED5FFC4BE43FAB000163D7"
"Istanbul","PURE_005","SEAPRDRAC_ASM_77","2","32ED5FFC4BE43FAB000163D8"
"Istanbul","PURE_005","SEAPRDRAC_ASM_78","2","32ED5FFC4BE43FAB000163D9"
"Istanbul","PURE_005","SEAPRDRAC_ASM_79","2","32ED5FFC4BE43FAB000163DA"
"Istanbul","PURE_005","SEAPRDRAC_VOTE_1","0.016","32ED5FFC4BE43FAB000165D3"
"Istanbul","PURE_005","SEAPRDRAC_VOTE_2","0.016","32ED5FFC4BE43FAB000165D4"