"Lokasyon","Kabinet","Host Name","OS","Map Durumu","Provisioned (TB)","Host WWN"
"Istanbul","HW007","STOTSTAPP03","Linux","Unmapped","0",""
"Istanbul","HW007","STOTSTAPP04","Linux","Unmapped","0",""
"Istanbul","HW007","STOTSTAPP05","Linux","Unmapped","0",""
"Istanbul","HW007","LSXPRDRAC01","Linux","Mapped","0.03","100070b7e420f506 | 100070b7e420f509"
"Istanbul","HW007","LSXPRDRAC02","Linux","Mapped","0.03","100070b7e420f445 | 100070b7e420f542"
"Istanbul","HW007","CBPRDESI01","AIX","Unmapped","0",""
"Istanbul","HW007","YTSPRDDB02","Linux","Unmapped","0",""
"Istanbul","HW007","EPRPRDCLN01","Windows","Unmapped","0",""
"Istanbul","HW007","COMPRDCLN03","Windows","Unmapped","0","100000620b435cea | 100000620b435ced"
"Istanbul","HW007","KKPRDDB07","Windows","Unmapped","0","100070b7e420f57e | 100070b7e420f57f | 100070b7e420f587 | 100070b7e420f588 | 100070b7e420f5a5 | 100070b7e420f5a6 | 100070b7e420f5c9 | 100070b7e420f5ca"
"Istanbul","HW007","ESRPRDCLN09","Windows","Unmapped","0",""
"Istanbul","HW007","ESRPRDCLN11","Windows","Unmapped","0",""
"Istanbul","HW007","ig_clwtstgengpu1001","Linux","Unmapped","0","100070b7e4117fca | 100070b7e4117fd5"
"Istanbul","HW007","ig_clwtstgengpu1002","Linux","Unmapped","0","100070b7e424149d | 100070b7e42414fc"
"Istanbul","HW007","KYSPRDDB01","AIX","Unmapped","0",""
"Istanbul","HW007","ig_genprdrac85","AIX","Mapped","528.03",""
"Istanbul","HW007","ig_genprdrac86","AIX","Mapped","528.03",""
"Istanbul","HW007","ig_evaprdrac01","AIX","Mapped","0.03",""
"Istanbul","HW007","ig_evaprdrac02","AIX","Mapped","0.03",""
"Istanbul","HW007","INBSESCLN05","Windows","Unmapped","0",""
"Istanbul","HW007","ESRPRDCLN13","Windows","Unmapped","0","100000620b435d06 | 100000620b436445"
"Istanbul","HW007","PSPRDDB02","AIX","Unmapped","0",""
"Istanbul","HW007","ELKPRDDAT15","Linux","Unmapped","0","100070b7e4241045 | 100070b7e4241070"
"Istanbul","HW007","SWPRDGW01","AIX","Unmapped","0",""
"Istanbul","HW007","BNXSWPRDMQ01","AIX","Mapped","0.5",""
"Istanbul","HW007","BNXSWPRDMQ02","AIX","Mapped","0.5",""
"Istanbul","HW007","ENXCBTSTRAC01","AIX","Mapped","0.03",""
"Istanbul","HW007","ENXCBTSTRAC02","AIX","Mapped","0.03",""
"Istanbul","HW007","ENXCBTSTRAC03","AIX","Mapped","0.03",""
"Istanbul","HW007","ENXCBTSTRAC04","AIX","Mapped","0.03",""
"Istanbul","HW007","ENXGENTSTRAC01","AIX","Mapped","0.03",""
"Istanbul","HW007","ENXGENTSTRAC02","AIX","Mapped","0.03",""
"Istanbul","HW007","TNGTSTRAC01","AIX","Mapped","2.09",""
"Istanbul","HW007","TNGTSTRAC02","AIX","Mapped","2.09",""
"Istanbul","HW007","SWPRDGW02","AIX","Unmapped","0",""
"Istanbul","HW007","BNXUCMPRDDB04","Linux","Unmapped","0","100070b7e4241227 | 100070b7e4241233"
"Istanbul","HW007","SWPRDAPP01","AIX","Mapped","3.5",""
"Istanbul","HW007","SWPRDAPP02","AIX","Mapped","3.5",""
"Istanbul","HW007","test","Windows","Unmapped","0",""
"Istanbul","HW007","CBPRDGEN02","AIX","Unmapped","0",""
"Istanbul","HW007","HCEPRDRAC02","AIX","Mapped","2.4",""
"Istanbul","HW007","HCEPRDRAC01","AIX","Mapped","2.4",""
"Istanbul","HW007","CCPRDCLN15","Windows","Unmapped","0","100000620b436218 | 100000620b43642d"
"Istanbul","HW007","CLESXPRDGEN0101","VMware ESX","Mapped","24.56",""
"Istanbul","HW007","CLESXPRDGEN0102","VMware ESX","Mapped","24.56",""
"Istanbul","HW007","CLESXPRDGEN0103","VMware ESX","Mapped","24.56",""
"Istanbul","HW007","CLESXPRDGEN0104","VMware ESX","Mapped","24.56",""
"Istanbul","HW007","CLESXPRDGEN0105","VMware ESX","Mapped","24.56",""
"Istanbul","HW007","CLESXPRDGEN0106","VMware ESX","Mapped","24.56","100070b7e420ef30 | 100070b7e420f03a"
"Istanbul","HW007","CLESXPRDGEN0107","VMware ESX","Mapped","24.56","100070b7e420ef19 | 100070b7e424129c"
"Istanbul","HW007","CLESXPRDGEN0108","VMware ESX","Mapped","24.56","100070b7e420efc7 | 100070b7e420f036"
"Istanbul","HW007","YNPRDCLN04","Windows","Unmapped","0","100000620b41dd33 | 100000620b41dd34 | 100000620b435bf0 | 100000620b435bf1"
"Istanbul","HW007","ig_btprdlx58","VMware ESX","Mapped","16",""
"Istanbul","HW007","ig_btprdlx59","VMware ESX","Mapped","16",""
"Istanbul","HW007","ig_fbprdesx63","VMware ESX","Unmapped","0",""
"Istanbul","HW007","ig_fbprdesx62","VMware ESX","Unmapped","0",""
"Istanbul","HW007","ig_fbprdesx64","VMware ESX","Unmapped","0",""
"Istanbul","HW007","ig_fbprdesx65","VMware ESX","Unmapped","0",""
"Istanbul","HW007","ig_fbprdesx87","VMware ESX","Mapped","96","100070b7e424140f | 100070b7e4241458"
"Istanbul","HW007","ig_fbprdesx80","VMware ESX","Mapped","96",""
"Istanbul","HW007","ig_fbprdesx81","VMware ESX","Mapped","96",""
"Istanbul","HW007","ig_fbprdesx79","VMware ESX","Mapped","96",""
"Istanbul","HW007","ig_fbprdesx82","VMware ESX","Mapped","96",""
"Istanbul","HW007","ig_fbprdesx26","VMware ESX","Mapped","96",""
"Istanbul","HW007","ig_fbprdesx58","VMware ESX","Mapped","96","100000620b435360 | 100000620b4354d2"
"Istanbul","HW007","ig_fbprdesx60","VMware ESX","Mapped","96","100000620b4358d5 | 100000620b435918"
"Istanbul","HW007","ig_fbprdesx59","VMware ESX","Mapped","96","100000620b435575 | 100000620b435933"
"Istanbul","HW007","ig_fbprdesx61","VMware ESX","Mapped","96","100000620b4355b4 | 100000620b435b33"
"Istanbul","HW007","ig_fbprdesx98","VMware ESX","Mapped","96","100070b7e42410ac | 100070b7e42412ab"
"Istanbul","HW007","ig_fbprdesx97","VMware ESX","Mapped","96","100070b7e427140d | 100070b7e427141b"
"Istanbul","HW007","ig_fbprdesx55","VMware ESX","Mapped","96",""
"Istanbul","HW007","ig_fbprdesx45","VMware ESX","Mapped","96",""
"Istanbul","HW007","ig_fbprdesx46","VMware ESX","Mapped","96",""
"Istanbul","HW007","ig_fbprdesx25","VMware ESX","Mapped","96",""
"Istanbul","HW007","ig_fbprdesx89","VMware ESX","Mapped","96","100070b7e420f537 | 100070b7e420f569"
"Istanbul","HW007","ig_fbprdesx93","VMware ESX","Mapped","96","100070b7e4240fde | 100070b7e4240fe2"
"Istanbul","HW007","ig_fbprdesx92","VMware ESX","Mapped","96","100070b7e4139a3c | 100070b7e4241107"
"Istanbul","HW007","ig_fbprdesx99","VMware ESX","Mapped","96","100070b7e420f4a3 | 100070b7e42411d5"
"Istanbul","HW007","ig_fbprdesx88","VMware ESX","Mapped","96","100070b7e420f4ee | 100070b7e42411e4"
"Istanbul","HW007","ig_fbprdesx86","VMware ESX","Mapped","96","100070b7e4241276 | 100070b7e42414b7"
"Istanbul","HW007","ig_fbprdesx85","VMware ESX","Mapped","96","100070b7e42414d2 | 100070b7e4241525"
"Istanbul","HW007","ig_fbprdesx83","VMware ESX","Mapped","96",""
"Istanbul","HW007","ig_fbprdesx84","VMware ESX","Mapped","96",""
"Istanbul","HW007","ig_fbprdesx76","VMware ESX","Mapped","96",""
"Istanbul","HW007","ig_fbprdesx74","VMware ESX","Mapped","96",""
"Istanbul","HW007","ig_fbprdesx78","VMware ESX","Mapped","96",""
"Istanbul","HW007","ig_fbprdesx77","VMware ESX","Mapped","96",""
"Istanbul","HW007","ig_fbprdesx75","VMware ESX","Mapped","96",""
"Istanbul","HW007","ig_bnxprdesx01","VMware ESX","Unmapped","0","100070b7e434f722"
"Istanbul","HW007","ig_fbprdesx68","VMware ESX","Mapped","96",""
"Istanbul","HW007","ig_fbprdesx54","VMware ESX","Mapped","96",""
"Istanbul","HW007","ig_fbprdesx53","VMware ESX","Mapped","96",""
"Istanbul","HW007","ig_fbprdesx67","VMware ESX","Mapped","96",""
"Istanbul","HW007","ig_fbprdesx66","VMware ESX","Mapped","96",""
"Istanbul","HW007","ig_fbprdesx69","VMware ESX","Mapped","96",""
"Istanbul","HW007","ig_fbprdesx70","VMware ESX","Mapped","96",""
"Istanbul","HW007","ig_fbprdesx73","VMware ESX","Mapped","96",""
"Istanbul","HW007","ig_fbprdesx72","VMware ESX","Mapped","96",""
"Istanbul","HW007","ig_fbprdesx71","VMware ESX","Mapped","96",""
"Istanbul","HW007","STOPRDAPP06","Windows","Unmapped","0","100000620b423b42 | 100000620b424555"
"Istanbul","HW007","MBPRDCLN05","Windows","Unmapped","0","100000620b3c182d | 100000620b3c182e | 100000620b4245f0 | 100000620b4245f1"
"Istanbul","HW007","FFPRDDB03","Linux","Mapped","40.89",""
"Istanbul","HW007","FFPRDDB04","Linux","Mapped","40.89",""
"Istanbul","HW007","BNXEARPRDCLN01","Windows","Unmapped","0","100070b7e4241051 | 100070b7e424116f"
"Istanbul","HW007","BNXEARPRDCLN02","Windows","Unmapped","0","100070b7e4240fa8 | 100070b7e424115d"
"Istanbul","HW007","SFDPRDDB07","Linux","Unmapped","0","100000620b42453c | 100000620b42453d | 100000620b4245bd | 100000620b4245be"
"Istanbul","HW007","ig_fbprdesx100","VMware ESX","Mapped","96","10005ced8c55298e | 10005ced8c552997"
"Istanbul","HW007","ig_fbprdesx101","VMware ESX","Mapped","96","10005ced8c5529cd | 10005ced8c5529df"
"Istanbul","HW007","ig_fbprdesx102","VMware ESX","Mapped","96","10005ced8c5529bb | 10005ced8c5529c1"
"Istanbul","HW007","ig_fbprdesx103","VMware ESX","Mapped","96","10005ced8c551946 | 10005ced8c552946"
"Istanbul","HW007","ig_fbprdesx104","VMware ESX","Mapped","96","10005ced8c5519e8 | 10005ced8c5519fa"
"Istanbul","HW007","ig_fbprdesx105","VMware ESX","Mapped","96","10005ced8c551994 | 10005ced8c5519be"
"Istanbul","HW007","BNXGSCPRDRAC02","AIX","Mapped","0.03",""
"Istanbul","HW007","ig_huawei005_at37","Linux","Unmapped","0",""
"Istanbul","HW007","BNXGSCPRDRAC01","AIX","Mapped","0.03",""
"Istanbul","HW007","BNXMCMPRDRAC01","AIX","Mapped","0.03",""
"Istanbul","HW007","BNXMCMPRDRAC02","AIX","Mapped","0.03",""
"Istanbul","HW005","stotstapp03","Linux","Unmapped","0",""
"Istanbul","HW005","stotstapp04","Linux","Unmapped","0",""
"Istanbul","HW005","stotstapp05","Linux","Unmapped","0",""
"Istanbul","HW005","SCEPRDDB03","AIX","Mapped","14.35",""
"Istanbul","HW005","SCEPRDDB04","AIX","Mapped","14.35",""
"Istanbul","HW005","PGMPRDSIMCAS01","Linux","Unmapped","0",""
"Istanbul","HW005","PGMPRDSIMCAS02","Linux","Unmapped","0",""
"Istanbul","HW005","PGMPRDSIMCAS03","Linux","Unmapped","0",""
"Istanbul","HW005","VIOTSTGEN03","AIX","Unmapped","0",""
"Istanbul","HW005","CSGENMST02","AIX","Unmapped","0",""
"Istanbul","HW005","CSGENMST03","AIX","Unmapped","0",""
"Istanbul","HW005","VPSPRDRAC01","AIX","Mapped","13.72",""
"Istanbul","HW005","VPSPRDRAC02","AIX","Mapped","13.72",""
"Istanbul","HW005","CSTSTPHI02","AIX","Mapped","0.98",""
"Istanbul","HW005","CSTSTPHI01","AIX","Mapped","0.98",""
"Istanbul","HW005","KFTTSTRAC01","AIX","Mapped","0.03",""
"Istanbul","HW005","KFTTSTRAC02","AIX","Mapped","0.03",""
"Istanbul","HW005","VIOTSTGEN03_GECICI","AIX","Unmapped","0","10000090fab01578"
"Istanbul","HW005","COMPRDCLN04","Windows","Unmapped","0","100000620b435c36 | 100000620b435c93"
"Istanbul","HW005","EPRPRDCLN02","Windows","Unmapped","0",""
"Istanbul","HW005","SAPRDDB01","AIX","Unmapped","0",""
"Istanbul","HW005","YTSPRDDB01","AIX","Unmapped","0",""
"Istanbul","HW005","KKPRDDB08","Windows","Unmapped","0","100070b7e420f01e | 100070b7e420f01f | 100070b7e420f142 | 100070b7e420f143 | 100070b7e420f145 | 100070b7e420f146 | 100070b7e420f148 | 100070b7e420f149"
"Istanbul","HW005","ESRPRDCLN10","Windows","Unmapped","0",""
"Istanbul","HW005","ESRPRDCLN12","Windows","Unmapped","0",""
"Istanbul","HW005","BNXHYPVPRDCLN01","Windows","Mapped","20",""
"Istanbul","HW005","BNXHYPVPRDCLN02","Windows","Mapped","20",""
"Istanbul","HW005","CLWPRDGENGPU1005","Linux","Unmapped","0",""
"Istanbul","HW005","CLWPRDGENGPU1006","Linux","Unmapped","0",""
"Istanbul","HW005","CLWPRDGENGPU1010","Linux","Unmapped","0",""
"Istanbul","HW005","RAPRDCS01","Linux","Unmapped","0","1000000533641c8e | 1000000533641c8f"
"Istanbul","HW005","EVAPRDRAC01","AIX","Mapped","80.68",""
"Istanbul","HW005","EVAPRDRAC02","AIX","Mapped","80.68",""
"Istanbul","HW005","ig_genprdrac85","AIX","Mapped","0.03",""
"Istanbul","HW005","ig_genprdrac86","AIX","Mapped","0.03",""
"Istanbul","HW005","INBSESCLN06","Windows","Unmapped","0",""
"Istanbul","HW005","ESRPRDCLN14","Windows","Unmapped","0","100000620b435ccc | 100000620b435d09"
"Istanbul","HW005","IFMPRDDB01","AIX","Unmapped","0",""
"Istanbul","HW005","ELKPRDDAT14","Linux","Unmapped","0","100070b7e4240fb7 | 100070b7e4241028"
"Istanbul","HW005","SWPRDGW01","AIX","Unmapped","0",""
"Istanbul","HW005","BNXSWPRDMQ01","AIX","Mapped","0.51",""
"Istanbul","HW005","BNXSWPRDMQ02","AIX","Mapped","0.51",""
"Istanbul","HW005","SWPRDGW02","AIX","Unmapped","0",""
"Istanbul","HW005","EBSPRDAPP21","Linux","Mapped","1.02",""
"Istanbul","HW005","EBSPRDAPP22","Linux","Mapped","1.02",""
"Istanbul","HW005","mbeprdcln04","Windows","Unmapped","0","100000109bd8b969 | 100000109bd8b96a | 100000109bd8f521 | 100000109bd8f522"
"Istanbul","HW005","BTPRDLX_01","VMware ESX","Mapped","232","100000620b43536f | 100000620b43542a | 100000620b43560f | 100000620b43563f | 100000620b435642 | 100000620b4358ed | 100000620b435a21 | 100000620b435a30 | 100000620b435a33 | 100000620b435a36 | 100070b7e420f00f | 100070b7e420f064 | 100070b7e4241082 | 100070b7e4241152 | 100070b7e42411bd"
"Istanbul","HW005","BTPRDLX_02","VMware ESX","Mapped","232","100000620b435430 | 100000620b435484 | 100000620b435624 | 100000620b435690 | 100000620b435966 | 100000620b4359a2 | 100000620b435a06 | 100000620b435a1e | 100000620b435a39 | 100000620b435a48 | 100070b7e420f03d | 100070b7e420f06f | 100070b7e424101b | 100070b7e42410e7 | 100070b7e4241161"
"Istanbul","HW005","BTPRDLX_03","VMware ESX","Mapped","232",""
"Istanbul","HW005","BNXUCMPRDDB04","Linux","Unmapped","0","100070b7e4241227 | 100070b7e4241233"
"Istanbul","HW005","SWPRDAPP01","AIX","Mapped","3.51",""
"Istanbul","HW005","SWPRDAPP02","AIX","Mapped","3.51",""
"Istanbul","HW005","CCPRDCLN16","Windows","Unmapped","0","100000620b435ca2 | 100000620b435d1b"
"Istanbul","HW005","SWTSTAPP01","AIX","Mapped","0.01",""
"Istanbul","HW005","SWTSTAPP02","AIX","Mapped","0.01",""
"Istanbul","HW005","ATMPRDHST02","Windows","Unmapped","0",""
"Istanbul","HW005","YNPRDCLN03","Windows","Unmapped","0","100000620b4361e4 | 100000620b4361e5 | 100000620b43621b | 100000620b43621c"
"Istanbul","HW005","SDPRDDB01","AIX","Mapped","0",""
"Istanbul","HW005","OCMPRDDB01","AIX","Mapped","301.47",""
"Istanbul","HW005","OCMPRDDB02","AIX","Mapped","301.47",""
"Istanbul","HW005","ig_fbprdesx82","VMware ESX","Mapped","0",""
"Istanbul","HW005","MBPRDCLN06","Windows","Unmapped","0","100000620b3c1230 | 100000620b3c1231 | 100000620b4245f3 | 100000620b4245f4"
"Istanbul","HW005","BNXHYPVPRDCLN03","Windows","Mapped","20",""
"Istanbul","HW005","BNXSESPRDCLN02","Windows","Unmapped","0","100070b7e4240fb4 | 100070b7e42411ac"
"Istanbul","HW005","CSPRDMGT01","AIX","Unmapped","0",""
"Istanbul","HW005","OCMPRDRAC01","AIX","Mapped","332.03",""
"Istanbul","HW005","OCMPRDRAC02","AIX","Mapped","332.03",""
"Istanbul","HW005","ig_fbprdesx87","VMware ESX","Mapped","0",""
"Istanbul","HW005","ig_fbprdesx80","VMware ESX","Mapped","0",""
"Istanbul","HW005","ig_fbprdesx81","VMware ESX","Mapped","0",""
"Istanbul","HW005","ig_fbprdesx79","VMware ESX","Mapped","0",""
"Istanbul","HW005","ig_fbprdesx26","VMware ESX","Mapped","0",""
"Istanbul","HW005","ig_fbprdesx58","VMware ESX","Mapped","0","100000620b435360 | 100000620b4354d2"
"Istanbul","HW005","ig_fbprdesx60","VMware ESX","Mapped","0","100000620b4358d5 | 100000620b435918"
"Istanbul","HW005","ig_fbprdesx59","VMware ESX","Mapped","0","100000620b435575 | 100000620b435933"
"Istanbul","HW005","ig_fbprdesx61","VMware ESX","Mapped","0","100000620b4355b4 | 100000620b435b33"
"Istanbul","HW005","ig_fbprdesx98","VMware ESX","Mapped","0","100070b7e42410ac"
"Istanbul","HW005","ig_fbprdesx97","VMware ESX","Mapped","0",""
"Istanbul","HW005","ig_fbprdesx55","VMware ESX","Mapped","0",""
"Istanbul","HW005","ig_fbprdesx45","VMware ESX","Mapped","0",""
"Istanbul","HW005","ig_fbprdesx46","VMware ESX","Mapped","0",""
"Istanbul","HW005","ig_fbprdesx25","VMware ESX","Mapped","0",""
"Istanbul","HW005","ig_fbprdesx89","VMware ESX","Mapped","0","100070b7e420f537 | 100070b7e420f569"
"Istanbul","HW005","ig_fbprdesx93","VMware ESX","Mapped","0","100070b7e4240fde | 100070b7e4240fe2"
"Istanbul","HW005","ig_fbprdesx92","VMware ESX","Mapped","0","100070b7e4139a3c | 100070b7e4241107"
"Istanbul","HW005","ig_fbprdesx99","VMware ESX","Mapped","0","100070b7e420f4a3 | 100070b7e42411d5"
"Istanbul","HW005","ig_fbprdesx88","VMware ESX","Mapped","0","100070b7e420f4ee | 100070b7e42411e4"
"Istanbul","HW005","ig_fbprdesx86","VMware ESX","Mapped","0","100070b7e4241276"
"Istanbul","HW005","ig_fbprdesx85","VMware ESX","Mapped","0",""
"Istanbul","HW005","ig_fbprdesx83","VMware ESX","Mapped","0",""
"Istanbul","HW005","ig_fbprdesx84","VMware ESX","Mapped","0",""
"Istanbul","HW005","ig_fbprdesx76","VMware ESX","Mapped","0",""
"Istanbul","HW005","ig_fbprdesx74","VMware ESX","Mapped","0",""
"Istanbul","HW005","ig_fbprdesx78","VMware ESX","Mapped","0",""
"Istanbul","HW005","ig_fbprdesx77","VMware ESX","Mapped","0",""
"Istanbul","HW005","ig_fbprdesx75","VMware ESX","Mapped","0",""
"Istanbul","HW005","ig_fbprdesx68","VMware ESX","Mapped","0",""
"Istanbul","HW005","ig_fbprdesx54","VMware ESX","Mapped","0",""
"Istanbul","HW005","ig_fbprdesx53","VMware ESX","Mapped","0",""
"Istanbul","HW005","ig_fbprdesx67","VMware ESX","Mapped","0",""
"Istanbul","HW005","ig_fbprdesx66","VMware ESX","Mapped","0",""
"Istanbul","HW005","ig_fbprdesx69","VMware ESX","Mapped","0",""
"Istanbul","HW005","ig_fbprdesx70","VMware ESX","Mapped","0",""
"Istanbul","HW005","ig_fbprdesx73","VMware ESX","Mapped","0",""
"Istanbul","HW005","ig_fbprdesx72","VMware ESX","Mapped","0",""
"Istanbul","HW005","ig_fbprdesx71","VMware ESX","Mapped","0",""
"Istanbul","HW005","ig_fbprdesx100","VMware ESX","Mapped","0","10005ced8c55298e | 10005ced8c552997"
"Istanbul","HW005","ig_fbprdesx101","VMware ESX","Mapped","0","10005ced8c5529cd | 10005ced8c5529df"
"Istanbul","HW005","ig_fbprdesx102","VMware ESX","Mapped","0","10005ced8c5529bb | 10005ced8c5529c1"
"Istanbul","HW005","ig_fbprdesx103","VMware ESX","Mapped","0","10005ced8c551946 | 10005ced8c552946"
"Istanbul","HW005","ig_fbprdesx104","VMware ESX","Mapped","0","10005ced8c5519e8 | 10005ced8c5519fa"
"Istanbul","HW005","ig_fbprdesx105","VMware ESX","Mapped","0","10005ced8c551994 | 10005ced8c5519be"
"Istanbul","HW004","ig_stotstapp03","Linux","Unmapped","0",""
"Istanbul","HW004","ig_stotstapp04","Linux","Unmapped","0","10009440c9d01b18 | 10009440c9d01b19 | 10009440c9d04b39 | 10009440c9d04b3a | 10009440c9d07cd2 | 10009440c9d07cd3 | 10009440c9d09c21 | 10009440c9d09c22"
"Istanbul","HW004","ig_stotstapp05","Linux","Unmapped","0","10009440c9d00bb1 | 10009440c9d00bb2 | 10009440c9d03b63 | 10009440c9d03b64 | 10009440c9d03b72 | 10009440c9d03b73 | 10009440c9d0c66f | 10009440c9d0c670"
"Istanbul","HW004","ig_ytststdb01","AIX","Unmapped","0",""
"Istanbul","HW004","ig_cbprddb09","AIX","Unmapped","0","100000109b7d3fcc | 100000109b7d3fcd | 100000109b7db287 | 100000109b7db288 | 100000109bf61a06 | 100000109bf61a07 | 100000109bf61b09 | 100000109bf61b0a"
"Istanbul","HW004","ig_fbhwpoc01","Linux","Mapped","16","10009440c9d04b2d | 10009440c9d04b57"
"Istanbul","HW004","ig_fbhwpoc02","Linux","Mapped","16","10009440c9d00bde | 10009440c9d037f3"
"Istanbul","HW004","ig_fbhwpoc03","Linux","Mapped","16","10009440c9d0373c | 10009440c9d03bb7"
"Istanbul","HW004","ig_fbhwpoc_04","Linux","Mapped","16","10009440c9d01b1e | 10009440c9d01b21"
"Istanbul","HW004","ig_aloprdkfk10","Linux","Unmapped","0",""
"Istanbul","HW004","ig_cbprdrac85","AIX","Mapped","52.56",""
"Istanbul","HW004","ig_cbprdrac86","AIX","Mapped","52.56",""
"Istanbul","HW004","ig_clwprdgengpu1102","Linux","Unmapped","0","1000b47af1d2e72a | 1000b47af1d2e72d"
"Istanbul","HW004","ig_ggprddb01","Linux","Mapped","2.5","100000620b4244c9 | 100000620b4244ca | 100000620b424621 | 100000620b424622"
"Istanbul","HW004","ig_ggprddb02","Linux","Mapped","2.5","100000620b424654 | 100000620b424655 | 100000620b424669 | 100000620b42466a"
"Istanbul","HW004","ig_odprddb07","AIX","Unmapped","0",""
"Istanbul","HW004","ig_cbtstrac85","AIX","Mapped","0.03",""
"Istanbul","HW004","ig_cbtstrac86","AIX","Mapped","0.03",""
"Istanbul","HW004","ig_cbprdarc01","AIX","Unmapped","0",""
"Istanbul","HW004","ig_nbuprdmst01","Linux","Unmapped","0",""
"Istanbul","HW004","ig_ecmtstrac03","AIX","Unmapped","0",""
"Istanbul","HW004","ig_cbpredb01","AIX","Unmapped","0",""
"Istanbul","HW004","odprdrac01_ig1","AIX","Mapped","271.75",""
"Istanbul","HW004","odprdrac01_ig2","AIX","Mapped","268.78",""
"Istanbul","HW004","odprdrac02_ig1","AIX","Mapped","271.75",""
"Istanbul","HW004","odprdrac02_ig2","AIX","Mapped","268.78",""
"Istanbul","HW004","ig_lsxprdesx01","VMware ESX","Mapped","14","100070b7e424153f | 100070b7e4241543"
"Istanbul","HW004","ig_lsxprdesx02","VMware ESX","Mapped","14","100070b7e4241546 | 100070b7e424156c"
"Istanbul","HW004","ig_lsxprdesx03","VMware ESX","Mapped","14","100070b7e42414f1 | 100070b7e4241569"
"Istanbul","HW004","ig_lsxprdrac01","Linux","Mapped","0.03","100070b7e420f506 | 100070b7e420f509"
"Istanbul","HW004","ig_lsxprdrac02","Linux","Mapped","0.03","100070b7e420f445 | 100070b7e420f542"
"Istanbul","HW004","sg_clwtstgengpu1003","Linux","Unmapped","0","100070b7e4117ffa | 100070b7e411804b"
"Istanbul","HW004","ig_evaprdrac01","AIX","Mapped","0.03",""
"Istanbul","HW004","ig_evaprdrac02","AIX","Mapped","0.03",""
"Istanbul","HW004","CBPRDRAC05_IG1","AIX","Mapped","0.03","100000620b3e3cb7 | 100070b7e4055024 | 100070b7e413c5ed | 100070b7e413c603 | 100070b7e413c666 | 100070b7e413cf72 | 100070b7e413cf84 | 100070b7e413d03c"
"Istanbul","HW004","CBPRDRAC06_IG1","AIX","Mapped","0.03","100000620b3e3dc6 | 100000620b3e3dd2 | 100000620b3e3de4 | 100070b7e413c8d8 | 100070b7e413c8e4 | 100070b7e413c91e | 100070b7e413c92d | 100070b7e413cf03"
"Istanbul","HW004","ig_cbprdarc07","AIX","Unmapped","0",""
"Istanbul","HW004","NBUPRDMST02","Linux","Unmapped","0",""
"Istanbul","HW002","ig_stotstapp03","Linux","Unmapped","0",""
"Istanbul","HW002","ig_stotstapp04","Linux","Unmapped","0",""
"Istanbul","HW002","ig_stotstapp05","Linux","Unmapped","0",""
"Istanbul","HW002","ig_ytststdb01","AIX","Unmapped","0",""
"Istanbul","HW002","ig_cbprddb09","AIX","Unmapped","0","100000109b7d3fcc | 100000109b7d3fcd | 100000109b7db287 | 100000109b7db288 | 100000109bf61a06 | 100000109bf61a07 | 100000109bf61b09 | 100000109bf61b0a"
"Istanbul","HW002","ig_fedwhprddb01","Linux","Unmapped","0",""
"Istanbul","HW002","ig_cbprdrac85","AIX","Mapped","52.56",""
"Istanbul","HW002","ig_cbprdrac86","AIX","Mapped","52.56",""
"Istanbul","HW002","ig_sfdprdrac13","Linux","Mapped","328.15","100000620b42452a | 100000620b42452b | 100000620b424536 | 100000620b424537"
"Istanbul","HW002","ig_sfdprdrac14","Linux","Mapped","328.15","100000620b424557 | 100000620b424558 | 100000620b424572 | 100000620b424573"
"Istanbul","HW002","ig_aloprdkfk13","Linux","Unmapped","0",""
"Istanbul","HW002","ig_clwprdgengpu1103","Linux","Unmapped","0",""
"Istanbul","HW002","ig_cbtstrac85","AIX","Mapped","20.03",""
"Istanbul","HW002","ig_cbtstrac86","AIX","Mapped","20.03",""
"Istanbul","HW002","ig_cbprdarc01","AIX","Unmapped","0",""
"Istanbul","HW002","ig_bsmprddb01","AIX","Unmapped","0",""
"Istanbul","HW002","ig_btprdlx08","VMware ESX","Mapped","138",""
"Istanbul","HW002","ig_btprdlx10","VMware ESX","Mapped","138",""
"Istanbul","HW002","ig_fbprdhyp01","Windows","Mapped","0","1000308d992f8498 | 1000308d992f84a4"
"Istanbul","HW002","ig_fbprdhyp02","Windows","Mapped","0","1000308d992f8478 | 1000308d992f84a0"
"Istanbul","HW002","ig_hmnprddb04","AIX","Unmapped","0",""
"Istanbul","HW002","ig_hmnprddb05","AIX","Unmapped","0",""
"Istanbul","HW002","ig_kkprddb05","Windows","Unmapped","0",""
"Istanbul","HW002","ig_ecmtstrac03","AIX","Mapped","12.15",""
"Istanbul","HW002","ig_ecmtstrac04","AIX","Mapped","12.15",""
"Istanbul","HW002","ig_cbtstdb07","AIX","Unmapped","0","100000109b7d228a | 100000109b7d228b | 100000109b7d2de1 | 100000109b7d2de2 | 100000109b7d3863 | 100000109b7d3864 | 100000109b7d390f | 100000109b7d3910"
"Istanbul","HW002","ig_btprdlx12","VMware ESX","Mapped","138",""
"Istanbul","HW002","ig_btprdlx13","VMware ESX","Mapped","138",""
"Istanbul","HW002","ig_msprdappss03","Linux","Unmapped","0",""
"Istanbul","HW002","CBPRDRAC06_IG2","AIX","Mapped","0.03","100000620b3e3dc7 | 100000620b3e3dd3 | 100000620b3e3de5 | 100070b7e413c8d9 | 100070b7e413c8e5 | 100070b7e413c91f | 100070b7e413c92e | 100070b7e413cf04"
"Istanbul","HW002","ig_btprdlx16","VMware ESX","Mapped","138",""
"Istanbul","HW002","ig_btprdlx18","VMware ESX","Mapped","138",""
"Istanbul","HW002","ig_btprdlx20","VMware ESX","Mapped","138",""
"Istanbul","HW002","ig_btprdlx22","VMware ESX","Mapped","138",""
"Istanbul","HW002","ig_btprdlx23","VMware ESX","Mapped","138",""
"Istanbul","HW002","ig_btprdlx24","VMware ESX","Mapped","138",""
"Istanbul","HW002","ig_btprdlx26","VMware ESX","Mapped","138",""
"Istanbul","HW002","ig_btprdlx28","VMware ESX","Mapped","10",""
"Istanbul","HW002","ig_btprdlx30","VMware ESX","Mapped","138",""
"Istanbul","HW002","ig_btprdlx32","VMware ESX","Mapped","138",""
"Istanbul","HW002","ig_btprdlx34","VMware ESX","Mapped","138","100000620b43542a | 100000620b435484"
"Istanbul","HW002","ig_btprdlx36","VMware ESX","Mapped","138","100000620b435a06 | 100000620b435a36"
"Istanbul","HW002","ig_btprdlx38","VMware ESX","Mapped","138","100000620b43536f | 100000620b435430"
"Istanbul","HW002","ig_btprdlx40","VMware ESX","Mapped","138","100000620b435a21 | 100000620b435a39"
"Istanbul","HW002","ig_btprdlx42","VMware ESX","Mapped","138","100000620b435a1e | 100000620b435a30"
"Istanbul","HW002","ig_btprdlx44","VMware ESX","Mapped","138","100000620b435624 | 100000620b435642"
"Istanbul","HW002","ig_btprdlx46","VMware ESX","Mapped","138","100000620b43563f | 100000620b4359a2"
"Istanbul","HW002","ig_btprdlx48","VMware ESX","Mapped","138","100000620b43560f | 100000620b435690"
"Istanbul","HW002","ig_btprdlx50","VMware ESX","Mapped","138","100000620b4358ed | 100000620b435966"
"Istanbul","HW002","ig_btprdlx52","VMware ESX","Mapped","138","100000620b435a33 | 100000620b435a48"
"Istanbul","HW002","ig_btprdlx54","VMware ESX","Mapped","138",""
"Istanbul","HW002","ig_btprdlx56","VMware ESX","Mapped","138",""
"Istanbul","HW002","ig_btprdlx58","VMware ESX","Unmapped","0",""
"Istanbul","HW002","ig_btprdlx60","VMware ESX","Mapped","138",""
"Istanbul","HW002","ig_btprdlx62","VMware ESX","Mapped","138",""
"Istanbul","HW002","ig_btprdlx64","VMware ESX","Mapped","138",""
"Istanbul","HW002","ig_btprdlx66","VMware ESX","Mapped","138",""
"Istanbul","HW002","ig_btprdlx68","VMware ESX","Mapped","138",""
"Istanbul","HW002","ig_sfdprdvm02","VMware ESX","Mapped","138",""
"Istanbul","HW002","ig_sfdprdvm04","VMware ESX","Mapped","138",""
"Istanbul","HW002","ig_sfdprdvm06","VMware ESX","Mapped","138",""
"Istanbul","HW002","ig_sfdprdvm08","VMware ESX","Mapped","138",""
"Istanbul","HW002","ig_msprdappss04","Linux","Unmapped","0",""
"Istanbul","HW002","odprdrac01_ig1","AIX","Mapped","0.03",""
"Istanbul","HW002","CBPRDRAC05_IG2","AIX","Mapped","0.03","100000620b3e3cb8 | 100070b7e4055025 | 100070b7e413c5ee | 100070b7e413c604 | 100070b7e413c667 | 100070b7e413cf73 | 100070b7e413cf85 | 100070b7e413d03d"
"Istanbul","HW002","odprdrac02_ig1","AIX","Mapped","0.03",""
"Istanbul","HW002","ig_cbprdarc07","AIX","Unmapped","0",""
"Istanbul","HW002","ig_fegnlprddb01","Linux","Unmapped","0",""
"Istanbul","HW002","CLESXPRDGEN0101","VMware ESX","Mapped","20",""
"Istanbul","HW002","CLESXPRDGEN0102","VMware ESX","Mapped","20",""
"Istanbul","HW002","CLESXPRDGEN0103","VMware ESX","Mapped","20",""
"Istanbul","HW002","CLESXPRDGEN0104","VMware ESX","Mapped","20",""
"Istanbul","HW002","CLESXPRDGEN0105","VMware ESX","Mapped","20",""
"Istanbul","HW002","ig_clwprdgengpu1009","Linux","Unmapped","0",""
"Istanbul","HW002","ig_lsxprdesx02","VMware ESX","Mapped","7",""
"Istanbul","HW002","ig_lsxprdesx01","VMware ESX","Mapped","7",""
"Istanbul","HW002","ig_lsxprdesx03","VMware ESX","Mapped","7",""
"Istanbul","HW002","ig_daprdkfk04","Linux","Unmapped","0","100070b7e42412e4"
"Istanbul","HW002","ig_daprdkfk05","Linux","Unmapped","0","100070b7e4241355 | 100070b7e4241357"
"Istanbul","HW002","ig_lsxprdrac01","Linux","Mapped","12.03","100070b7e420f506 | 100070b7e420f509"
"Istanbul","HW002","ig_lsxprdrac02","Linux","Mapped","12.03","100070b7e420f445 | 100070b7e420f542"
"Istanbul","HW002","CLESXPRDGEN0107","VMware ESX","Mapped","20","100070b7e420ef19 | 100070b7e424129c"
"Istanbul","HW002","LSXPRDLX01","VMware ESX","Mapped","12","100070b7e42412f4"
"Istanbul","HW002","LSXPRDLX02","VMware ESX","Mapped","12",""
"Istanbul","HW002","CLWPRDGENGPU1105","Linux","Unmapped","0","100070b7e424123f | 100070b7e42412d9"
"Istanbul","HW002","ig_genprdrac85","AIX","Mapped","0.03",""
"Istanbul","HW002","ig_genprdrac86","AIX","Mapped","0.03",""
"Istanbul","HW002","ig_btprdlx70","VMware ESX","Mapped","138","100070b7e4241082 | 100070b7e42410e7"
"Istanbul","HW002","ig_btprdlx72","VMware ESX","Mapped","138","100070b7e424101b | 100070b7e4241152"
"Istanbul","HW002","ig_btprdlx74","VMware ESX","Mapped","138","100070b7e4241161 | 100070b7e42411bd"
"Istanbul","HW002","ig_btprdlx76","VMware ESX","Mapped","138",""
"Istanbul","HW002","ig_btprdlx78","VMware ESX","Mapped","138","100070b7e4241287"
"Istanbul","HW002","ig_btprdlx80","VMware ESX","Mapped","138",""
"Istanbul","HW002","ig_btprdlx82","VMware ESX","Mapped","138",""
"Istanbul","HW002","ig_btprdlx84","VMware ESX","Mapped","138","100070b7e420f064 | 100070b7e420f06f"
"Istanbul","HW002","ig_btprdlx86","VMware ESX","Mapped","138",""
"Istanbul","HW002","ig_btprdlx88","VMware ESX","Mapped","138","100070b7e420f00f | 100070b7e420f03d"
"Istanbul","HW002","CLESXPRDGEN0106","VMware ESX","Mapped","20","100070b7e420ef30 | 100070b7e420f03a"
"Istanbul","HW002","CLESXPRDGEN0108","VMware ESX","Mapped","20","100070b7e420efc7 | 100070b7e420f036"
"Istanbul","HW002","ig_btprdlx29","VMware ESX","Mapped","10",""
"Istanbul","HW002","STOPRDAPP06","Windows","Unmapped","0","100000620b423b42 | 100000620b424555"
"Istanbul","HW002","ig_swtstapp01","AIX","Mapped","3",""
"Istanbul","HW002","ig_swtstapp02","AIX","Mapped","3",""
"Istanbul","HW005_DE39","STOTSTAPP03","Linux","Mapped","0",""
"Istanbul","HW005_DE39","STOTSTAPP04","Linux","Mapped","0","10009440c9d09c22 | 10009440c9d09c21 | 10009440c9d07cd3 | 10009440c9d07cd2 | 10009440c9d04b3a | 10009440c9d04b39 | 10009440c9d01b19 | 10009440c9d01b18"
"Istanbul","HW005_DE39","STOTSTAPP05","Linux","Mapped","0","10009440c9d0c670 | 10009440c9d0c66f | 10009440c9d03b73 | 10009440c9d03b72 | 10009440c9d03b64 | 10009440c9d03b63 | 10009440c9d00bb2 | 10009440c9d00bb1"
"Istanbul","HW005_DE39","SFDPRDDB07","Linux","Unmapped","0","100000620b4245be | 100000620b4245bd | 100000620b42453d | 100000620b42453c"
"Istanbul","HW005_DE39","CFRPRDRAC01","AIX","Mapped","0.03",""
"Istanbul","HW005_DE39","CFRPRDRAC02","AIX","Mapped","0.03",""
"Istanbul","HW005_DE39","CBPRDARC05","AIX","Unmapped","0","c050760435a0061a | c050760435a00619 | c050760435a00618 | c050760435a00617 | c050760435a00616 | c050760435a00615 | c050760435a00614"
"Istanbul","HW005_DE39","GENPRDRAC01","AIX","Mapped","0","2100f4c7aa04acb1 | 2100f4c7aa04acb0 | 2100f4c7aa04aca1 | 2100f4c7aa04aca0 | 2100f4c7aa04ac81 | 2100f4c7aa04ac80 | 2100f4c7aa04ac77 | 2100f4c7aa04ac76"
"Istanbul","HW005_DE39","GENPRDRAC02","AIX","Mapped","0","2100f4c7aa05d27b | 2100f4c7aa05d27a | 2100f4c7aa050567 | 2100f4c7aa050566 | 2100f4c7aa050529 | 2100f4c7aa050528 | 2100f4c7aa0504ab | 2100f4c7aa0504aa"
"Istanbul","HW005_DE39","BNXMSGPRDEXC01","Windows","Unmapped","0","10005ced8c55295b | 10005ced8c552919"
"Istanbul","HW005_DE39","BNXMSGPRDEXC02","Windows","Unmapped","0","10005ced8c55295d | 10005ced8c552921"
"Istanbul","HW005_DE39","BNXMSGPRDEXC03","Windows","Unmapped","0","10005ced8c552925 | 10005ced8c55194c"
"Istanbul","HW005_DE39","BNXMSGPRDEXC04","Windows","Unmapped","0","10005ced8c5529b1 | 10005ced8c55299f"
"Istanbul","HW005_DE39","BNXMSGPRDEXC05","Windows","Unmapped","0","10005ced8c5529b5 | 10005ced8c552976"
"Istanbul","HW005_DE39","BNXMSGPRDEXC06","Windows","Unmapped","0","10005ced8c5529b7 | 10005ced8c552927"
"Istanbul","HW005_DE39","BNXMSGPRDEXC07","Windows","Unmapped","0","10005ced8c552970 | 10005ced8c55290d"
"Istanbul","HW005_DE39","BNXMSGPRDEXC08","Windows","Unmapped","0","10005ced8c552981 | 10005ced8c55290f"
"Istanbul","HW005_DE39","BNXMSGPRDEXC09","Windows","Unmapped","0","10005ced8c5519f1 | 10005ced8c5519e5"
"Istanbul","HW005_DE39","CBPRDLX02","VMware ESX","Mapped","20","10005ced8c5589f1 | 10005ced8c558988"
"Istanbul","HW005_DE39","CBPRDLX04","VMware ESX","Mapped","20","10005ced8c5589fd | 10005ced8c5589d3"
"Istanbul","HW005_DE39","CBPRDLX06","VMware ESX","Mapped","20","10005ced8c5589cd | 10005ced8c55891f"
"Istanbul","HW005_DE39","CBPRDLX08","VMware ESX","Mapped","20","10005ced8c5589a8 | 10005ced8c558966"
"Istanbul","HW005_DE39","CBPRDLX10","VMware ESX","Mapped","20","10005ced8c55896c | 10005ced8c5579f6"
"Istanbul","HW005_DE39","CBPRDLX12","VMware ESX","Mapped","20","10005ced8c5589db | 10005ced8c558939"
"Istanbul","HW005_DE39","BTPRDMGT01","AIX","Unmapped","0",""
"Istanbul","HW005_DE39","DAPRDKFK12","AIX","Unmapped","0","10005ced8c557963 | 10005ced8c557933"
"Istanbul","HW005_DE39","CBPRDDB05","AIX","Unmapped","0",""
"Istanbul","HW005_DE39","DEMPRDAPP01","Linux","Unmapped","0","10009440c9d095f1 | 10009440c9d095f0 | 10009440c9d085f1 | 10009440c9d085f0"
"Istanbul","HW005_DE39","FFTSTDB05","Linux","Unmapped","0","51402ec01109c1ba | 51402ec01109c1b8 | 51402ec01109c1b2 | 51402ec01109c1b0"
"Istanbul","HW005_DE39","HKPRDDB01","AIX","Unmapped","0",""
"Istanbul","HW005_DE39","ODIPRDDB02","AIX","Unmapped","0",""
"Istanbul","HW005_DE39","FFPRDESX03","VMware ESX","Mapped","99","1000b47af16e2bd2 | 1000b47af16e1b8d"
"Istanbul","HW005_DE39","FFPRDESX04","VMware ESX","Mapped","99","1000b47af16e3b66 | 1000b47af16e1b7b"
"Istanbul","HW001_AT32","STOTSTAPP03","Linux","Unmapped","0",""
"Istanbul","HW001_AT32","STOTSTAPP05","Linux","Unmapped","0","10009440c9d03b63 | 10009440c9d00bb2 | 10009440c9d00bb1 | 10009440c9d0c670 | 10009440c9d0c66f | 10009440c9d03b73 | 10009440c9d03b72 | 10009440c9d03b64"
"Istanbul","HW001_AT32","STOTSTAPP04","Linux","Unmapped","0","10009440c9d01b19 | 10009440c9d01b18 | 10009440c9d09c22 | 10009440c9d09c21 | 10009440c9d07cd3 | 10009440c9d07cd2 | 10009440c9d04b3a | 10009440c9d04b39"
"Istanbul","HW001_AT32","CFRPRDRAC01","AIX","Mapped","104.03",""
"Istanbul","HW001_AT32","CFRPRDRAC02","AIX","Mapped","104.03",""
"Istanbul","HW001_AT32","BNXSESPRDCLN02","Windows","Unmapped","0","100070b7e42411ac | 100070b7e4240fb4"
"Istanbul","HW001_AT32","BNXSESPRDCLN01","Windows","Unmapped","0","100070b7e42410ba | 100070b7e4240ff3"
"Istanbul","HW001_AT32","ODPRDDB07","AIX","Unmapped","0",""
"Istanbul","HW001_AT32","BNXMCMTSTDB01","AIX","Unmapped","0",""
"Istanbul","HW001_AT32","FEPRDESX01","VMware ESX","Mapped","70","10009440c9d03681 | 10009440c9d026e4"
"Istanbul","HW001_AT32","FEPRDESX02","VMware ESX","Mapped","70","1000b47af169e19c | 1000b47af169e133"
"Istanbul","HW001_AT32","FEPRDESX03","VMware ESX","Mapped","70","1000b47af169e15a | 1000b47af169406c"
"Istanbul","HW001_AT32","FEPRDESX04","VMware ESX","Mapped","70","1000b47af169e17b | 1000b47af169e16f"
"Istanbul","HW001_AT32","FEPRDESX05","VMware ESX","Mapped","70","1000b47af169e184 | 1000b47af169e13f"
"Istanbul","HW001_AT32","FEPRDESX06","VMware ESX","Mapped","70","100070b7e4228667 | 100070b7e4228663"
"Istanbul","HW001_AT32","FEPRDESX07","VMware ESX","Mapped","70","100070b7e4243081 | 100070b7e424307f"
"Istanbul","HW001_AT32","BNXGSCPRDRAC01","AIX","Mapped","6.03",""
"Istanbul","HW001_AT32","BNXGSCPRDRAC02","AIX","Mapped","6.03",""
"Istanbul","HW001_AT32","BNXGSCTSTDBO01","AIX","Unmapped","0",""
"Istanbul","HW001_AT32","BNXMSGPRDEXC01","Windows","Unmapped","0","10005ced8c55295b | 10005ced8c552919"
"Istanbul","HW001_AT32","BNXMSGPRDEXC02","Windows","Unmapped","0","10005ced8c55295d | 10005ced8c552921"
"Istanbul","HW001_AT32","BNXMSGPRDEXC03","Windows","Unmapped","0","10005ced8c552925 | 10005ced8c55194c"
"Istanbul","HW001_AT32","BNXMSGPRDEXC04","Windows","Unmapped","0","10005ced8c5529b1 | 10005ced8c55299f"
"Istanbul","HW001_AT32","BNXMSGPRDEXC05","Windows","Unmapped","0","10005ced8c5529b5 | 10005ced8c552976"
"Istanbul","HW001_AT32","BNXMSGPRDEXC06","Windows","Unmapped","0","10005ced8c5529b7 | 10005ced8c552927"
"Istanbul","HW001_AT32","BNXMSGPRDEXC07","Windows","Unmapped","0","10005ced8c552970 | 10005ced8c55290d"
"Istanbul","HW001_AT32","BNXMSGPRDEXC08","Windows","Unmapped","0","10005ced8c552981 | 10005ced8c55290f"
"Istanbul","HW001_AT32","BNXMSGPRDEXC09","Windows","Unmapped","0","10005ced8c5519f1 | 10005ced8c5519e5"
"Istanbul","HW001_AT32","EFKEPPRDESX03","VMware ESX","Mapped","54","100070b7e4240ffc | 100070b7e4240fb2"
"Istanbul","HW001_AT32","EFKEPPRDESX04","VMware ESX","Mapped","54","100070b7e4241094 | 100070b7e424102d"
"Istanbul","HW001_AT32","BNXMCMPRDRAC01","AIX","Mapped","4.03",""
"Istanbul","HW001_AT32","BNXMCMPRDRAC02","AIX","Mapped","4.03",""
"Istanbul","HW001_AT32","CBPRDLX01","VMware ESX","Mapped","20","10005ced8c558916 | 10005ced8c5579bb"
"Istanbul","HW001_AT32","CBPRDLX03","VMware ESX","Mapped","20","10005ced8c55990a | 10005ced8c5579b8"
"Istanbul","HW001_AT32","CBPRDLX05","VMware ESX","Mapped","20","10005ced8c559928 | 10005ced8c5589d0"
"Istanbul","HW001_AT32","CBPRDLX07","VMware ESX","Mapped","20","10005ced8c558957 | 10005ced8c5579f3"
"Istanbul","HW001_AT32","CBPRDLX09","VMware ESX","Mapped","20","10005ced8c55898d | 10005ced8c558963"
"Istanbul","HW001_AT32","CBPRDLX11","VMware ESX","Mapped","20","10005ced8c55897e | 10005ced8c558921"
"Istanbul","HW001_AT32","BNXDTLPRDDB01","AIX","Unmapped","0",""
"Istanbul","HW001_AT32","CBTSTGEN02","AIX","Unmapped","0",""
"Istanbul","HW001_AT32","FBPRDESX36","VMware ESX","Mapped","30",""
"Istanbul","HW001_AT32","FBPRDESX37","VMware ESX","Mapped","30",""
"Istanbul","HW001_AT32","FBPRDESX38","VMware ESX","Mapped","30",""
"Istanbul","HW001_AT32","FBPRDESX39","VMware ESX","Mapped","30",""
"Istanbul","HW001_AT32","FBPRDESX40","VMware ESX","Mapped","30",""
"Istanbul","HW001_AT32","FBPRDESX41","VMware ESX","Mapped","30",""
"Istanbul","HW001_AT32","VDIPRDVM06","VMware ESX","Mapped","30",""
"Istanbul","HW001_AT32","VDIPRDVM07","VMware ESX","Mapped","30",""
"Istanbul","HW001_AT32","NBUPRDMST02","Linux","Unmapped","0",""
"Istanbul","HW001_AT32","SCETSTAPP05","AIX","Unmapped","0",""
"Istanbul","HW001_AT32","BNXEDPRDAPP01","Linux","Unmapped","0","10005ced8c55897b | 10005ced8c557909"
"Istanbul","HW001_AT32","HCETSTRAC01","AIX","Mapped","2.51",""
"Istanbul","HW001_AT32","HCETSTRAC02","AIX","Mapped","2.51",""
"Istanbul","HW001_AT32","ODITSTDB02","AIX","Unmapped","0",""
"Istanbul","HW001_AT32","UCMPRDDB03","Linux","Unmapped","0",""
"Istanbul","HW001_AT32","SGXLINTSTRAC01","Linux","Unmapped","0","10009440c9d03687 | 10009440c9d04666"
"Istanbul","HW001_AT32","LSXLSNTSTRAC01","Linux","Unmapped","0","100000109bd8b822 | 100000109bd8b821 | 100000109bd89cf4 | 100000109bd89cf3"
"Istanbul","HW001_AT32","LSXLSNTSTRAC02","Linux","Unmapped","0","100000109bddd38b | 100000109bddd38a | 100000109bd89c9a | 100000109bd89c99"
"Istanbul","HW001_AT32","IDMPRDRAC01","AIX","Mapped","0.03",""
"Istanbul","HW001_AT32","IDMPRDRAC02","AIX","Mapped","0.03",""
"Istanbul","HW001_AT32","DAPRDKFK10","AIX","Unmapped","0","10005ced8c5569c0 | 10005ced8c5569b4"
"Istanbul","HW001_AT32","VPSPRDRAC01","AIX","Mapped","0.03",""
"Istanbul","HW001_AT32","VPSPRDRAC02","AIX","Mapped","0.03",""
"Istanbul","HW001_AT32","ODTSTDB01","AIX","Unmapped","0",""
"Istanbul","HW001_AT32","EBSTSTDB21","Linux","Unmapped","0",""
"Istanbul","HW001_AT32","EBSTSTAPP21","Linux","Unmapped","0",""
"Istanbul","HW001_AT32","EBSTSTDMZ21","Linux","Unmapped","0",""
"Istanbul","HW001_AT32","HCEPRDRAC01","AIX","Mapped","0.03",""
"Istanbul","HW001_AT32","HCEPRDRAC02","AIX","Mapped","0.03",""
"Istanbul","HW001_AT32","OCMPRDRAC01","AIX","Mapped","0.03","2100f4c7aa0503fd | 2100f4c7aa0503fc"
"Istanbul","HW001_AT32","OCMPRDRAC02","AIX","Mapped","0.03","2100f4c7aa051064 | 2100f4c7aa051059 | 2100f4c7aa051058 | 2100f4c7aa050edf | 2100f4c7aa050ede | 2100f4c7aa0502ad | 2100f4c7aa0502ac"
"Istanbul","HW001_AT32","SWTSTMGW01","AIX","Unmapped","0",""
"Istanbul","HW001_AT32","SWTSTMGW02","AIX","Unmapped","0",""
"Istanbul","HW005_AT37","STOTSTAPP03","Linux","Unmapped","0",""
"Istanbul","HW005_AT37","STOTSTAPP04","Linux","Unmapped","0","10009440c9d09c22 | 10009440c9d09c21 | 10009440c9d07cd3 | 10009440c9d07cd2 | 10009440c9d04b3a | 10009440c9d04b39 | 10009440c9d01b19 | 10009440c9d01b18"
"Istanbul","HW005_AT37","STOTSTAPP05","Linux","Unmapped","0","10009440c9d0c66f | 10009440c9d03b73 | 10009440c9d03b72 | 10009440c9d03b64 | 10009440c9d03b63 | 10009440c9d00bb2 | 10009440c9d00bb1"
"Istanbul","HW005_AT37","CBPRDRAC05_IG1","AIX","Mapped","184.03","100070b7e413d03c | 100070b7e413cf84 | 100070b7e413cf72 | 100070b7e413c666 | 100070b7e413c603 | 100070b7e413c5ed | 100070b7e4055024 | 100000620b3e3cb7"
"Istanbul","HW005_AT37","CBPRDRAC05_IG2","AIX","Mapped","184","100070b7e413d03d | 100070b7e413cf85 | 100070b7e413cf73 | 100070b7e413c667 | 100070b7e413c604 | 100070b7e413c5ee | 100070b7e4055025 | 100000620b3e3cb8"
"Istanbul","HW005_AT37","CBPRDRAC06_IG1","AIX","Mapped","184.03","100070b7e413cf03 | 100070b7e413c92d | 100070b7e413c91e | 100070b7e413c8e4 | 100070b7e413c8d8 | 100000620b3e3de4 | 100000620b3e3dd2 | 100000620b3e3dc6"
"Istanbul","HW005_AT37","CBPRDRAC06_IG2","AIX","Mapped","184","100070b7e413cf04 | 100070b7e413c92e | 100070b7e413c91f | 100070b7e413c8e5 | 100070b7e413c8d9 | 100000620b3e3de5 | 100000620b3e3dd3 | 100000620b3e3dc7"
"Istanbul","HW005_AT37","CFRPRDRAC01","AIX","Mapped","0.03",""
"Istanbul","HW005_AT37","CFRPRDRAC02","AIX","Mapped","0.03",""
"Istanbul","HW005_AT37","BTPRDMGT07","AIX","Unmapped","0",""
"Istanbul","HW005_AT37","BNXEARPRDCLN02","Windows","Unmapped","0","100070b7e424115d | 100070b7e4240fa8"
"Istanbul","HW005_AT37","ALMPRDCLN02","Windows","Unmapped","0",""
"Istanbul","HW005_AT37","BNXGSCPRDRAC01","AIX","Mapped","0.03",""
"Istanbul","HW005_AT37","BNXGSCPRDRAC02","AIX","Mapped","0.03",""
"Istanbul","HW005_AT37","FBPRDESX47","VMware ESX","Mapped","85",""
"Istanbul","HW005_AT37","FBPRDESX48","VMware ESX","Mapped","85",""
"Istanbul","HW005_AT37","FBPRDESX49","VMware ESX","Mapped","85",""
"Istanbul","HW005_AT37","FBPRDESX50","VMware ESX","Mapped","85",""
"Istanbul","HW005_AT37","FBPRDESX51","VMware ESX","Mapped","85",""
"Istanbul","HW005_AT37","FBPRDESX52","VMware ESX","Mapped","85","10009440c9d00f57 | 10009440c9d00f42"
"Istanbul","HW005_AT37","FBPRDVM_1","VMware ESX","Mapped","314","10005ced8c5529df | 10005ced8c5529cd | 10005ced8c5529c1 | 10005ced8c5529bb | 10005ced8c552997 | 10005ced8c55298e | 10005ced8c552946 | 10005ced8c5519fa | 10005ced8c5519e8 | 10005ced8c5519be | 10005ced8c551994 | 10005ced8c551946"
"Istanbul","HW005_AT37","FBPRDVM_2","VMware ESX","Mapped","314","100070b7e420f569 | 100070b7e420f537 | 100070b7e420f4ee | 100070b7e4241525 | 100070b7e42414d2 | 100070b7e42414b7 | 100070b7e4241458 | 100070b7e424140f | 100070b7e4241276 | 100070b7e42411e4"
"Istanbul","HW005_AT37","FBPRDVM_3","VMware ESX","Mapped","314","100070b7e4241107 | 100070b7e42410ac | 100070b7e4240fe2 | 100070b7e4240fde | 100070b7e420f4a3 | 100070b7e4139a3c | 100070b7e427141b | 100070b7e427140d | 100070b7e42412ab | 100070b7e42411d5"
"Istanbul","HW005_AT37","SCETSTAPP02","AIX","Unmapped","0",""
"Istanbul","HW005_AT37","BNXEDPRDAPP02","Linux","Unmapped","0","10005ced8c5569b1 | 10005ced8c5569a5"
"Istanbul","HW005_AT37","SGXLINTSTRAC02","Linux","Unmapped","0","10009440c9d03675"
"Istanbul","HW005_AT37","BNXMCMPRDRAC01","AIX","Mapped","0.03",""
"Istanbul","HW005_AT37","BNXMCMPRDRAC02","AIX","Mapped","0.03",""
"Istanbul","HW005_AT37","IDMPRDRAC01","AIX","Mapped","0.03",""
"Istanbul","HW005_AT37","IDMPRDRAC02","AIX","Mapped","0.03",""
"Istanbul","HW005_AT37","DAPRDKFK11","AIX","Unmapped","0","10005ced8c55698a | 10005ced8c55696c"
"Istanbul","HW005_AT37","VPSPRDRAC01","AIX","Mapped","0.03",""
"Istanbul","HW005_AT37","VPSPRDRAC02","AIX","Mapped","0.03",""
"Istanbul","HW005_AT37","HCEPRDRAC01","AIX","Mapped","0.03",""
"Istanbul","HW005_AT37","HCEPRDRAC02","AIX","Mapped","0.03",""
"Istanbul","HW005_AT37","OCMPRDRAC01","AIX","Mapped","0.03",""
"Istanbul","HW005_AT37","OCMPRDRAC02","AIX","Mapped","0.03",""
"IBTech","HW005_IBT","IBTPRDESX03","VMware ESX","Mapped","83",""
"IBTech","HW005_IBT","IBTPRDESX04","VMware ESX","Mapped","83","10009440c9d044bb | 10009440c9d05297"
"IBTech","HW005_IBT","IBTPRDESX05","VMware ESX","Mapped","83","10009440c9d0528e | 10009440c9d07252"
"Ankara","HW001","TNGDRCRAC01","AIX","Mapped","0.03",""
"Ankara","HW001","FBDRCESX21","VMware ESX","Mapped","0","100000620b435e00 | 100000620b436e6c"
"Ankara","HW001","EDDRCGEN02","Linux","Unmapped","0",""
"Ankara","HW001","CBDRCRES01","AIX","Unmapped","0",""
"Ankara","HW001","TNGDRCRAC02","AIX","Mapped","0.03",""
"Ankara","HW001","CLESXDRCGEN0101","VMware ESX","Mapped","22",""
"Ankara","HW001","CLESXDRCGEN0102","VMware ESX","Mapped","22",""
"Ankara","HW001","CLESXDRCGEN0103","VMware ESX","Mapped","22",""
"Ankara","HW001","CLESXDRCGEN0104","VMware ESX","Mapped","22",""
"Ankara","HW001","MBDRCCLN05","Windows","Unmapped","0",""
"Ankara","HW001","EVADRTRAC01","AIX","Unmapped","0",""
"Ankara","HW001","EVADRTRAC02","AIX","Unmapped","0",""
"Ankara","HW001","CTMDRCDB01","AIX","Unmapped","0",""
"Ankara","HW001","FRADRCCLN05","Windows","Unmapped","0",""
"Ankara","HW001","CBDEVDB91","AIX","Unmapped","0",""
"Ankara","HW001","CBPREDB01","AIX","Unmapped","0",""
"Ankara","HW001","FBDRCESX17","VMware ESX","Mapped","0","100000620b435ba2 | 100000620b435e39"
"Ankara","HW001","KYSTSTDB91","AIX","Unmapped","0",""
"Ankara","HW001","FBDRCESX12","VMware ESX","Mapped","0","100000620b435bb1 | 100000620b435c27"
"Ankara","HW001","FBDRCESX20","VMware ESX","Mapped","0","100000620b435c18 | 100000620b435cba"
"Ankara","HW001","FBDRCESX19","VMware ESX","Mapped","0","100000620b435d2a | 100000620b435d4b"
"Ankara","HW001","FBDRCESX13","VMware ESX","Mapped","0","100000620b435d36 | 100000620b435d54"
"Ankara","HW001","FBDRCESX14","VMware ESX","Mapped","0","100000620b435dc0 | 100000620b435e7b"
"Ankara","HW001","CBTSTRAC95","AIX","Mapped","20.09",""
"Ankara","HW001","FBDRCESX15","VMware ESX","Mapped","0","100000620b435e09 | 100000620b435e45"
"Ankara","HW001","FBDRCESX16","VMware ESX","Mapped","0","100000620b435e48 | 100000620b435eb1"
"Ankara","HW001","FBDRCESX18","VMware ESX","Mapped","0","100000620b435e7e | 100000620b435e93"
"Ankara","HW001","CBTSTRAC96","AIX","Mapped","20.09",""
"Ankara","HW001","PGMTSTRAC91","Linux","Mapped","8.09",""
"Ankara","HW001","PGMTSTRAC92","Linux","Mapped","8.09",""
"Ankara","HW001","HCETSTRAC51","AIX","Mapped","1.69",""
"Ankara","HW001","FBDRCESX08","VMware ESX","Unmapped","0","10000090faf00798 | 10000090faf007aa"
"Ankara","HW001","HCETSTRAC52","AIX","Mapped","1.69",""
"Ankara","HW001","VPSTSTRAC51","AIX","Mapped","1.65",""
"Ankara","HW001","VPSTSTRAC52","AIX","Mapped","1.65",""
"Ankara","HW001","CTMDEVDB51","AIX","Unmapped","0",""
"Ankara","HW001","SDTSTDB52","AIX","Unmapped","0",""
"Ankara","HW001","LSXDRCRAC91","Linux","Mapped","0",""
"Ankara","HW001","LSXDRCRAC92","Linux","Mapped","0",""
"Ankara","HW001","SWTSTAPP52","AIX","Mapped","3",""
"Ankara","HW001","FBDRCESX58","VMware ESX","Mapped","0","100070b7e42410de | 100070b7e42410df"
"Ankara","HW001","FBDRCESX59","VMware ESX","Mapped","0","100070b7e424112d | 100070b7e424112e"
"Ankara","HW001","FBDRCESX60","VMware ESX","Mapped","0","100070b7e424111b | 100070b7e424111c | 100070b7e4241139 | 100070b7e424113a"
"Ankara","HW001","FBDRCESX61","VMware ESX","Mapped","0","100070b7e4241142"
"Ankara","HW001","GENDRCRAC01_PHY","AIX","Mapped","424.52","100000620b3e41b4 | 100000620b3e41b5 | 100000620b3e4942 | 100000620b3e4943 | 100000620b3e4cf3 | 100000620b3e4cf4 | 100000620b3e5221 | 100000620b3e5222"
"Ankara","HW001","GENDRCRAC02_PHY","AIX","Mapped","424.52","100000620b3e231b | 100000620b3e231c | 100000620b3e482a | 100000620b3e482b | 100000620b3e4cba | 100000620b3e4cbb | 100000620b3e4d1e | 100000620b3e4d1f"
"Ankara","HW001","CBTSTRAC91","AIX","Mapped","0.03",""
"Ankara","HW001","CBTSTRAC92","AIX","Mapped","0.03",""
"Ankara","HW001","SWTSTMQ51","AIX","Mapped","0.5",""
"Ankara","HW001","SWTSTMQ52","AIX","Mapped","0.5",""
"Ankara","HW001","GENDRCRAC85","AIX","Mapped","528.03",""
"Ankara","HW001","GENDRCRAC86","AIX","Mapped","528.03",""
"Ankara","HW001","FBDRCVM34","VMware ESX","Unmapped","0",""
"Ankara","HW001","FBDRCVM31","VMware ESX","Unmapped","0",""
"Ankara","HW001","FBDRCVM33","VMware ESX","Mapped","0",""
"Ankara","HW001","FBDRCVM32","VMware ESX","Unmapped","0",""
"Ankara","HW001","FBDRCVM30","VMware ESX","Unmapped","0",""
"Ankara","HW001","FBDRCVM48","VMware ESX","Unmapped","0",""
"Ankara","HW001","FBDRCVM46","VMware ESX","Unmapped","0",""
"Ankara","HW001","FBDRCVM45","VMware ESX","Unmapped","0",""
"Ankara","HW001","FBDRCVM47","VMware ESX","Unmapped","0",""
"Ankara","HW001","FBDRCVM38","VMware ESX","Mapped","0",""
"Ankara","HW001","FBDRCVM37","VMware ESX","Unmapped","0",""
"Ankara","HW001","FBDRCVM39","VMware ESX","Mapped","0",""
"Ankara","HW001","FBDRCVM36","VMware ESX","Unmapped","0",""
"Ankara","HW001","FBDRCVM35","VMware ESX","Unmapped","0",""
"Ankara","HW001","FBDRCVM40","VMware ESX","Mapped","0",""
"Ankara","HW001","FBDRCVM28","VMware ESX","Unmapped","0",""
"Ankara","HW001","FBDRCVM41","VMware ESX","Mapped","0",""
"Ankara","HW001","FBDRCVM42","VMware ESX","Unmapped","0",""
"Ankara","HW001","FBDRCVM25","VMware ESX","Unmapped","0",""
"Ankara","HW001","FBDRCVM26","VMware ESX","Unmapped","0",""
"Ankara","HW001","FBDRCVM27","VMware ESX","Unmapped","0",""
"Ankara","HW001","FBDRCVM29","VMware ESX","Unmapped","0",""
"Ankara","HW001","SWDRCAPP01","Linux","Unmapped","0",""
"Ankara","HW001","SWDRCGW01","AIX","Unmapped","0",""
"Ankara","HW001","SFDTSTRAC53","Linux","Mapped","2.1",""
"Ankara","HW001","SFDTSTRAC54","Linux","Mapped","2.1",""
"Ankara","HW001","BNXSWDRCMQ01","AIX","Mapped","0.51",""
"Ankara","HW001","BNXSWDRCMQ02","AIX","Mapped","0.51",""
"Ankara","HW001","SFDDRCRAC03","Linux","Mapped","0.05",""
"Ankara","HW001","SFDDRCRAC04","Linux","Mapped","0.05",""
"Ankara","HW001","ig_oddrcrac01","AIX","Mapped","564.53","100000620b3e2457 | 100000620b3e2458 | 100000620b3e4378 | 100000620b3e4379 | 100000620b3e4884 | 100000620b3e4885 | 100000620b3e4999 | 100000620b3e499a"
"Ankara","HW001","ig_oddrcrac02","AIX","Mapped","564.53","100000620b3e2433 | 100000620b3e2434 | 100000620b3e40ea | 100000620b3e40eb | 100000620b3e495a | 100000620b3e495b | 100000620b3e4d00 | 100000620b3e4d01"
"Ankara","HW001","SWTSTAPP51","AIX","Mapped","3",""
"Ankara","HW001","EVADRCRAC01","AIX","Mapped","0.35",""
"Ankara","HW001","EVADRCRAC02","AIX","Mapped","0.35",""
"Ankara","HW001","ECMDRCDB01","AIX","Unmapped","0",""
"Ankara","HW001","NBUDRCMST02","Linux","Unmapped","0",""
"Ankara","HW001","FBDRCESX11","VMware ESX","Unmapped","0","100000109b175b9f | 100000109b175c0e"
"Ankara","HW001","EDDRCGEN03","Linux","Unmapped","0",""
"Ankara","HW001","FFDRCESX01","VMware ESX","Mapped","10",""
"Ankara","HW001","FFDRCESX02","VMware ESX","Mapped","10",""
"Ankara","HW001","ELKDRCDAT01","Linux","Unmapped","0",""
"Ankara","HW001","ELKDRCDAT02","Linux","Unmapped","0",""
"Ankara","HW001","ELKDRCDAT03","Linux","Unmapped","0",""
"Ankara","HW001","ELKDRCDAT04","Linux","Unmapped","0",""
"Ankara","HW001","CBDRCKPS01","AIX","Unmapped","0",""
"Ankara","HW001","CBDRCKPS02","AIX","Unmapped","0",""
"Ankara","HW001","CLESXDRCGEN0105","VMware ESX","Mapped","22",""
"Ankara","HW001","CLESXDRCGEN0106","VMware ESX","Mapped","22",""
"Ankara","HW001","YTSDRCRES01","AIX","Unmapped","0",""
"Ankara","HW001","FBDRCESX22","VMware ESX","Mapped","0",""
"Ankara","HW001","FBDRCESX23","VMware ESX","Mapped","0",""
"Ankara","HW001","FBDRCESX24","VMware ESX","Mapped","0",""
"Ankara","HW001","FBDRCESX25","VMware ESX","Mapped","0",""
"Ankara","HW001","FBDRCESX26","VMware ESX","Mapped","0",""
"Ankara","HW001","FBDRCESX27","VMware ESX","Mapped","0",""
"Ankara","HW001","FBDRCESX28","VMware ESX","Mapped","0",""
"Ankara","HW001","FBDRCESX29","VMware ESX","Mapped","0",""
"Ankara","HW001","FBDRCESX30","VMware ESX","Mapped","0",""
"Ankara","HW001","FBDRCESX31","VMware ESX","Mapped","0",""
"Ankara","HW001","FBDRCESX32","VMware ESX","Mapped","0",""
"Ankara","HW001","FBDRCESX33","VMware ESX","Mapped","0",""
"Ankara","HW001","FBDRCESX34","VMware ESX","Mapped","0",""
"Ankara","HW001","FBDRCESX35","VMware ESX","Mapped","0",""
"Ankara","HW001","FBDRCESX36","VMware ESX","Mapped","0",""
"Ankara","HW001","FBDRCESX37","VMware ESX","Mapped","0",""
"Ankara","HW001","FBDRCESX38","VMware ESX","Mapped","0",""
"Ankara","HW001","FBDRCESX39","VMware ESX","Mapped","0",""
"Ankara","HW001","FBDRCESX40","VMware ESX","Mapped","0",""
"Ankara","HW001","FBDRCESX41","VMware ESX","Mapped","0",""
"Ankara","HW001","FBDRCESX42","VMware ESX","Mapped","0",""
"Ankara","HW001","FBDRCESX43","VMware ESX","Mapped","0",""
"Ankara","HW001","FBDRCESX44","VMware ESX","Mapped","0",""
"Ankara","HW001","FBDRCESX45","VMware ESX","Mapped","0",""
"Ankara","HW001","FBDRCESX46","VMware ESX","Mapped","0",""
"Ankara","HW001","FBDRCESX47","VMware ESX","Mapped","0",""
"Ankara","HW001","FBDRCESX48","VMware ESX","Mapped","0",""
"Ankara","HW001","FBDRCESX49","VMware ESX","Mapped","0",""
"Ankara","HW001","FBDRCESX50","VMware ESX","Mapped","0",""
"Ankara","HW001","FBDRCESX51","VMware ESX","Mapped","0",""
"Ankara","HW001","FBDRCESX52","VMware ESX","Mapped","0",""
"Ankara","HW001","FBDRCESX53","VMware ESX","Mapped","0",""
"Ankara","HW001","FBDRCESX54","VMware ESX","Mapped","0","100070b7e4240fea | 100070b7e4241069"
"Ankara","HW001","FBDRCESX55","VMware ESX","Mapped","0","100070b7e4241048 | 100070b7e424113f"
"Ankara","HW001","FBDRCESX56","VMware ESX","Mapped","0",""
"Ankara","HW001","FBDRCESX57","VMware ESX","Mapped","0",""
"Ankara","HW001","KMPDRCDB02","Windows","Unmapped","0",""
"Ankara","HW001","KMPDRCDB03","Windows","Unmapped","0",""
"Ankara","HW001","HM_YTSDRCDB01","AIX","Unmapped","0",""
"Ankara","HW001","ATMDRCHST02","Windows","Unmapped","0",""
"Ankara","HW001","HM_CBDRCARC","AIX","Unmapped","0",""
"Ankara","HW001","GENDRCRAC01","AIX","Unmapped","0",""
"Ankara","HW001","GENDRCRAC02","AIX","Unmapped","0",""
"Ankara","HW001","MSGSDRCEXC11","Windows","Unmapped","0",""
"Ankara","HW001","MSGSDRCEXC12","Windows","Unmapped","0",""
"Ankara","HW001","MSGSDRCEXC13","Windows","Unmapped","0",""
"Ankara","HW001","MSGSDRCEXC14","Windows","Unmapped","0",""
"Ankara","HW001","MSGSDRCEXC15","Windows","Unmapped","0",""
"Ankara","HW001","MSGSDRCEXC16","Windows","Unmapped","0",""
"Ankara","HW001","MSGSDRCEXC17","Windows","Unmapped","0",""
"Ankara","HW001","CBDRCRAC85","AIX","Mapped","52.06","100000620b3e3f6c | 100000620b3e3f6d | 100000620b3e436c | 100000620b3e436d | 100000620b3e4842 | 100000620b3e4843 | 100000620b3e4ca8 | 100000620b3e4ca9"
"Ankara","HW001","CBDRCRAC86","AIX","Mapped","52.06","100000620b3e1e48 | 100000620b3e1e49 | 100000620b3e2215 | 100000620b3e2216 | 100000620b3e223c | 100000620b3e223d | 100000620b3e4ced | 100000620b3e4cee"
"Ankara","HW001","CLDRCGENGPU1001","Linux","Unmapped","0",""
"Ankara","HW001","ALMDRCCLN01","Windows","Unmapped","0",""
"Ankara","HW001","FFDRCESX03","VMware ESX","Unmapped","0",""
"Ankara","HW005","KFTDRCRAC01","AIX","Mapped","0.03",""
"Ankara","HW005","EDDRCGEN02_TEST","Linux","Unmapped","0",""
"Ankara","HW005","FBDRCESX21","VMware ESX","Unmapped","0","100000620b435e00 | 100000620b436e6c"
"Ankara","HW005","KFTDRCRAC02","AIX","Mapped","0.03",""
"Ankara","HW005","YTSDRCRES01","AIX","Unmapped","0",""
"Ankara","HW005","TNGDRCRAC01","AIX","Mapped","8.03",""
"Ankara","HW005","TNGDRCRAC02","AIX","Mapped","8.03",""
"Ankara","HW005","HM_YTSDRCDB01","AIX","Unmapped","0",""
"Ankara","HW005","CCDRCCLN11","Windows","Unmapped","0","10009440c9cf9066 | 10009440c9cfa054"
"Ankara","HW005","HSTDRCDB03","Windows","Unmapped","0",""
"Ankara","HW005","FRDRCDB02","Windows","Unmapped","0",""
"Ankara","HW005","HM_CBDRCARC","AIX","Unmapped","0",""
"Ankara","HW005","GENDRCRAC01","AIX","Unmapped","0",""
"Ankara","HW005","GENDRCRAC02","AIX","Unmapped","0",""
"Ankara","HW005","MSGSDRCEXC11","Windows","Unmapped","0","10009440c9d41a7e | 10009440c9d41ade"
"Ankara","HW005","MSGSDRCEXC12","Windows","Unmapped","0","10009440c9d41a72 | 10009440c9d41aba"
"Ankara","HW005","MSGSDRCEXC13","Windows","Unmapped","0","10009440c9d49cf6 | 10009440c9d4ac1b"
"Ankara","HW005","MSGSDRCEXC14","Windows","Unmapped","0","10009440c9d41a57 | 10009440c9d49ce4"
"Ankara","HW005","MSGSDRCEXC15","Windows","Unmapped","0","10009440c9d49c7b | 10009440c9d4ac48"
"Ankara","HW005","MSGSDRCEXC16","Windows","Unmapped","0","10009440c9d48c69 | 10009440c9d49c66"
"Ankara","HW005","MSGSDRCEXC17","Windows","Unmapped","0","10009440c9d41a8a"
"Ankara","HW005","SFDDRCRAC01","Linux","Mapped","16.06","10009440c9d49990 | 10009440c9d499ae"
"Ankara","HW005","SFDDRCRAC02","Linux","Mapped","16.06","10009440c9d499b1"
"Ankara","HW005","SFDDRCRAC03","Linux","Mapped","328.2",""
"Ankara","HW005","SFDDRCRAC04","Linux","Mapped","328.2","10009440c9d499a2 | 10009440c9d499ed"
"Ankara","HW005","CBDRCRAC86","AIX","Mapped","52.06","100000620b3e1e48 | 100000620b3e1e49 | 100000620b3e2215 | 100000620b3e2216 | 100000620b3e223c | 100000620b3e223d | 100000620b3e4ced | 100000620b3e4cee"
"Ankara","HW005","CBDRCRAC85","AIX","Mapped","52.06","100000620b3e3f6c | 100000620b3e3f6d | 100000620b3e436c | 100000620b3e436d | 100000620b3e4842 | 100000620b3e4843 | 100000620b3e4ca8 | 100000620b3e4ca9"
"Ankara","HW005","CLWDRCGENGPU1002","Linux","Unmapped","0",""
"Ankara","HW005","SEADRCRAC01","AIX","Mapped","160.03",""
"Ankara","HW005","SEADRCRAC02","AIX","Mapped","160.03",""
"Ankara","HW005","MBDRCCLN05","Windows","Unmapped","0","10009440c9d4b94b"
"Ankara","HW005","MBEDRCCLN04","Windows","Unmapped","0",""
"Ankara","HW005","FBDRCVM47","VMware ESX","Unmapped","0","10009440c9ce8287 | 10009440c9ce921e"
"Ankara","HW005","FBDRCVM46","VMware ESX","Unmapped","0","10009440c9ce72a5 | 10009440c9ce820f"
"Ankara","HW005","FBDRCVM45","VMware ESX","Unmapped","0","10009440c9ce822a | 10009440c9ce825d"
"Ankara","HW005","EVATSTRAC91","AIX","Mapped","20.09",""
"Ankara","HW005","EVATSTRAC92","AIX","Mapped","20.09",""
"Ankara","HW005","OCMDRCRAC01","AIX","Mapped","0.03",""
"Ankara","HW005","OCMDRCRAC02","AIX","Mapped","0.03",""
"Ankara","HW005","CFRDRCRAC01","AIX","Mapped","0.03",""
"Ankara","HW005","TNGTSTRAC91","AIX","Mapped","2.09",""
"Ankara","HW005","TNGTSTRAC92","AIX","Mapped","2.09",""
"Ankara","HW005","KFTTSTRAC91","AIX","Mapped","4.09",""
"Ankara","HW005","KFTTSTRAC92","AIX","Mapped","4.09",""
"Ankara","HW005","GENTSTRAC91","AIX","Mapped","160.09",""
"Ankara","HW005","GENTSTRAC92","AIX","Mapped","160.09",""
"Ankara","HW005","YTSTSTDB51","AIX","Unmapped","0",""
"Ankara","HW005","SEATSTRAC51","AIX","Mapped","4.03",""
"Ankara","HW005","SEATSTRAC52","AIX","Mapped","4.03",""
"Ankara","HW005","CTMTSTDB51","AIX","Unmapped","0",""
"Ankara","HW005","IDMTSTRAC51","AIX","Mapped","1.65",""
"Ankara","HW005","IDMTSTRAC52","AIX","Mapped","1.65",""
"Ankara","HW005","VPSTSTRAC53","AIX","Mapped","0.65",""
"Ankara","HW005","VPSTSTRAC54","AIX","Mapped","0.65",""
"Ankara","HW005","IFMTSTDB51","AIX","Unmapped","0",""
"Ankara","HW005","ECMTSTRAC53","AIX","Mapped","11.15",""
"Ankara","HW005","ECMTSTRAC54","AIX","Mapped","11.15",""
"Ankara","HW005","ODITSTDB52","AIX","Unmapped","0",""
"Ankara","HW005","FEDRCVM05","Linux","Mapped","8",""
"Ankara","HW005","FEDRCVM06","Linux","Mapped","8",""
"Ankara","HW005","FEDRCVM07","Linux","Mapped","8","10001c98ec095d88 | 10001c98ec095d89"
"Ankara","HW005","LSXPRDRAC91","Linux","Mapped","0.03","100070b7e42412d2 | 100070b7e4241421"
"Ankara","HW005","LSXPRDRAC92","Linux","Mapped","0.03","100070b7e424133c | 100070b7e4241390"
"Ankara","HW005","GENDRCRAC01_PHY","AIX","Mapped","424.52","100000620b3e41b4 | 100000620b3e41b5 | 100000620b3e4942 | 100000620b3e4943 | 100000620b3e4cf3 | 100000620b3e4cf4 | 100000620b3e5221 | 100000620b3e5222"
"Ankara","HW005","GENDRCRAC02_PHY","AIX","Mapped","424.52","100000620b3e231b | 100000620b3e231c | 100000620b3e482a | 100000620b3e482b | 100000620b3e4cba | 100000620b3e4cbb | 100000620b3e4d1e | 100000620b3e4d1f"
"Ankara","HW005","CBTSTRAC91","AIX","Mapped","0.06",""
"Ankara","HW005","CBTSTRAC92","AIX","Mapped","0.06",""
"Ankara","HW005","SCETSTDB52","AIX","Unmapped","0",""
"Ankara","HW005","PSTSTDB54","AIX","Unmapped","0",""
"Ankara","HW005","CBDRCRES01","AIX","Unmapped","0",""
"Ankara","HW005","CBDRCGEN01","AIX","Unmapped","0",""
"Ankara","HW005","KYSDRCDB01","AIX","Unmapped","0",""
"Ankara","HW005","ODTSTDB91","AIX","Unmapped","0",""
"Ankara","HW005","GENDRCRAC85","AIX","Mapped","0.03",""
"Ankara","HW005","GENDRCRAC86","AIX","Mapped","0.03",""
"Ankara","HW005","EBSDRCAPP21","Linux","Unmapped","0",""
"Ankara","HW005","EBSDRCDMZ21","Linux","Unmapped","0",""
"Ankara","HW005","YNDRCCLN03","Windows","Unmapped","0",""
"Ankara","HW005","CFRDRCRAC02","AIX","Mapped","0.03",""
"Ankara","HW005","SWTSTAPP51","AIX","Mapped","1.51",""
"Ankara","HW005","COMDRCCLN03","Windows","Unmapped","0","10009440c9cf904e | 10009440c9cfa08a"
"Ankara","HW005","SCEDRCAPP02","AIX","Unmapped","0",""
"Ankara","HW005","SCEDRCDB01","AIX","Unmapped","0",""
"Ankara","HW005","VPSDRCRAC01","AIX","Mapped","16.15",""
"Ankara","HW005","VPSDRCRAC02","AIX","Mapped","16.15",""
"Ankara","HW005","VDIDRCVM03","Windows","Mapped","16",""
"Ankara","HW005","VDIDRCVM04","Windows","Mapped","16",""
"Ankara","HW005","FBDRCVM36","Windows","Mapped","16","10009440c9ceb2f4 | 10009440c9cec23a"
"Ankara","HW005","FBDRCVM37","Windows","Mapped","16","10009440c9cec222 | 10009440c9cec231"
"Ankara","HW005","FBDRCVM43","Windows","Unmapped","0","10009440c9cf4019 | 10009440c9cf5061"
"Ankara","HW005","FBDRCVM44","Windows","Unmapped","0","10009440c9cf402e | 10009440c9cf5097"
"Ankara","HW005","CSDRCANS01","AIX","Unmapped","0",""
"Ankara","HW005","EBSDRCDB21","Linux","Unmapped","0",""
"Ankara","HW005","SWTSTAPP52","AIX","Mapped","1.51",""
"Ankara","HW005","ig_oddrcrac01","AIX","Mapped","0.03","100000620b3e2457 | 100000620b3e2458 | 100000620b3e4378 | 100000620b3e4379 | 100000620b3e4884 | 100000620b3e4885 | 100000620b3e4999 | 100000620b3e499a"
"Ankara","HW005","ig_oddrcrac02","AIX","Mapped","0.03","100000620b3e2433 | 100000620b3e2434 | 100000620b3e40ea | 100000620b3e40eb | 100000620b3e495a | 100000620b3e495b | 100000620b3e4d00 | 100000620b3e4d01"
"Ankara","HW005","EVADRCRAC01","AIX","Mapped","0.35",""
"Ankara","HW005","EVADRCRAC02","AIX","Mapped","0.35",""
"Ankara","HW005","YTSDRCDB02","AIX","Unmapped","0",""
"Ankara","HW005","CBTSTRAC97","AIX","Mapped","0.03",""
"Ankara","HW005","CBTSTRAC98","AIX","Mapped","0.03",""
"Ankara","HW005","VMAX_651","Linux","Unmapped","0",""
"Ankara","HW005","FBDRCESX56","VMware ESX","Unmapped","0","100070b7e4241169 | 100070b7e42411ae"
"Ankara","HW005","FBDRCVM35","Windows","Mapped","16","10009440c9ceb2f7 | 10009440c9cec25b"
"Ankara","HW005","FBDRCVM34","Windows","Mapped","16","10009440c9ce2284 | 10009440c9ce321b"
"Ankara","HW001_SOL5","SWTSTMGW51","AIX","Unmapped","0",""
"Ankara","HW001_SOL5","ig_BNXALGTSTDB51","AIX","Unmapped","0",""
"Ankara","HW001_SOL5","KFTDRCRAC01","AIX","Mapped","8.03",""
"Ankara","HW001_SOL5","KFTDRCRAC02","AIX","Mapped","8.03",""
"Ankara","HW001_SOL5","OCMDRCRAC01","AIX","Mapped","304.03",""
"Ankara","HW001_SOL5","OCMDRCRAC02","AIX","Mapped","304.03",""
"Ankara","HW001_SOL5","CFRDRCRAC01","AIX","Mapped","56.03",""
"Ankara","HW001_SOL5","CFRDRCRAC02","AIX","Mapped","56.03",""
"Ankara","HW001_SOL5","ig_lsxdrcesx02","VMware ESX","Mapped","7","100070b7e4241021"
"Ankara","HW001_SOL5","ig_lsxdrcesx01","VMware ESX","Mapped","7","100070b7e424104e"
"Ankara","HW001_SOL5","BNXCBSPOCAPP51","Linux","Unmapped","0",""
"Ankara","HW001_SOL5","BNXCBSPOCAPP52","Linux","Unmapped","0",""
"Ankara","HW001_SOL5","BNXCBSPOCAPP53","Linux","Unmapped","0",""
"Ankara","HW001_SOL5","BNXCBSPOCAPP54","Linux","Unmapped","0",""
"Ankara","HW001_SOL5","ALODRCKFK58","Linux","Unmapped","0","100070b7e420f4c3 | 100070b7e420f515"
"Ankara","HW001_SOL5","ALODRCKFK59","Linux","Unmapped","0","100070b7e420f424 | 100070b7e420f4db"
"Ankara","HW001_SOL5","ALODRCKFK60","Linux","Unmapped","0","100070b7e420f463 | 100070b7e420f527"
"Ankara","HW001_SOL5","ALODRCKFK51","Linux","Unmapped","0","100070b7e420f30c | 100070b7e420f5a8"
"Ankara","HW001_SOL5","ALODRCKFK52","Linux","Unmapped","0","100070b7e420f590 | 100070b7e420f5f9"
"Ankara","HW001_SOL5","ALODRCKFK53","Linux","Unmapped","0","100070b7e420f4de | 100070b7e420f545"
"Ankara","HW001_SOL5","ALODRCKFK54","Linux","Unmapped","0","100070b7e420f59c | 100070b7e420f5b4"
"Ankara","HW001_SOL5","ALODRCKFK55","Linux","Unmapped","0","100070b7e420f466 | 100070b7e420f524"
"Ankara","HW001_SOL5","ALODRCKFK56","Linux","Unmapped","0","100070b7e420f54e | 100070b7e420f5de"
"Ankara","HW001_SOL5","ALODRCKFK57","Linux","Unmapped","0","100070b7e420f5c6 | 100070b7e420f5f0"
"Ankara","HW001_SOL5","CLESXDRCGEN0201","VMware ESX","Mapped","31",""
"Ankara","HW001_SOL5","CLESXDRCGEN0202","VMware ESX","Mapped","31","100070b7e4240ff6"
"Ankara","HW001_SOL5","CLESXDRCGEN0203","VMware ESX","Mapped","31",""
"Ankara","HW001_SOL5","CLESXDRCGEN0204","VMware ESX","Mapped","31",""
"Ankara","HW001_SOL5","CLESXDRCGEN0205","VMware ESX","Mapped","31",""
"Ankara","HW001_SOL5","CLESXDRCGEN0206","VMware ESX","Mapped","31",""
"Ankara","HW001_SOL5","ig_EBSTSTDB51","Linux","Unmapped","0",""
"Ankara","HW001_SOL5","ig_EBSTSTAPP51","Linux","Unmapped","0",""
"Ankara","HW001_SOL5","CLWDRCGENGPU1101","Linux","Unmapped","0","100070b7e4117f27 | 100070b7e4117f78"
"Ankara","HW001_SOL5","SFDDRCRAC03","Linux","Mapped","0.1",""
"Ankara","HW001_SOL5","SFDDRCRAC04","Linux","Mapped","0.1",""
"Ankara","HW001_SOL5","LSXPRDRAC91","Linux","Mapped","0.03",""
"Ankara","HW001_SOL5","LSXPRDRAC92","Linux","Mapped","0.03",""
"Ankara","HW001_SOL5","HCEDRCDB01","AIX","Unmapped","0",""
"Ankara","HW001_SOL5","ig_lsxdrclx01","VMware ESX","Mapped","12",""
"Ankara","HW001_SOL5","ig_lsxdrclx02","VMware ESX","Mapped","12","100070b7e4240fba"
"Ankara","HW001_SOL5","CBTSTRAC91","AIX","Mapped","328",""
"Ankara","HW001_SOL5","CBTSTRAC92","AIX","Mapped","328",""
"Ankara","HW001_SOL5","CBDRCRAC01","AIX","Mapped","0","100000620b3e1f1b | 100000620b3e1f1c | 100000620b3e1f33 | 100000620b3e1f34 | 100000620b3e1f72 | 100000620b3e1f73 | 100000620b3e49b4 | 100000620b3e49b5"
"Ankara","HW001_SOL5","CBDRCRAC02","AIX","Mapped","0","100000620b3e321b | 100000620b3e321c | 100000620b3e40f9 | 100000620b3e40fa | 100000620b3e41c3 | 100000620b3e41c4 | 100000620b428a72 | 100000620b428a73"
"Ankara","HW001_SOL5","BTDRCMGT01","AIX","Unmapped","0",""
"Ankara","HW001_SOL5","EFDRCESX01","VMware ESX","Mapped","63",""
"Ankara","HW001_SOL5","FBDRCVM42","VMware ESX","Mapped","63",""
"Ankara","HW001_SOL5","CSDRCMGT01","AIX","Unmapped","0",""
"Ankara","HW001_SOL5","SIMDRCESX01","VMware ESX","Mapped","110",""
"Ankara","HW001_SOL5","SIMDRCESX02","VMware ESX","Mapped","110","100070b7e420f4c6 | 100070b7e420f521"
"Ankara","HW001_SOL5","FBDRCESX20","VMware ESX","Mapped","550","100000620b435c18 | 100000620b435cba"
"Ankara","HW001_SOL5","FBDRCESX12","VMware ESX","Mapped","550","100000620b435bb1 | 100000620b435c27"
"Ankara","HW001_SOL5","FBDRCESX19","VMware ESX","Mapped","550","100000620b435d2a | 100000620b435d4b"
"Ankara","HW001_SOL5","FBDRCESX13","VMware ESX","Mapped","550","100000620b435d36 | 100000620b435d54"
"Ankara","HW001_SOL5","FBDRCESX17","VMware ESX","Mapped","550","100000620b435ba2 | 100000620b435e39"
"Ankara","HW001_SOL5","FBDRCESX15","VMware ESX","Mapped","550","100000620b435e09 | 100000620b435e45"
"Ankara","HW001_SOL5","FBDRCESX14","VMware ESX","Mapped","550","100000620b435dc0 | 100000620b435e7b"
"Ankara","HW001_SOL5","FBDRCESX18","VMware ESX","Mapped","550","100000620b435e7e | 100000620b435e93"
"Ankara","HW001_SOL5","FBDRCESX16","VMware ESX","Mapped","550","100000620b435e48 | 100000620b435eb1"
"Ankara","HW001_SOL5","FBDRCESX21","VMware ESX","Mapped","550","100000620b435e00 | 100000620b436e6c"
"Ankara","HW001_SOL5","FBDRCESX54","VMware ESX","Mapped","550","100070b7e4240fea | 100070b7e4241069"
"Ankara","HW001_SOL5","FBDRCESX55","VMware ESX","Mapped","550","100070b7e4241048"
"Ankara","HW001_SOL5","FBDRCESX56","VMware ESX","Mapped","550",""
"Ankara","HW001_SOL5","FBDRCESX57","VMware ESX","Mapped","550",""
"Ankara","HW001_SOL5","FBDRCVM33","VMware ESX","Mapped","550",""
"Ankara","HW001_SOL5","FBDRCVM30","VMware ESX","Unmapped","0",""
"Ankara","HW001_SOL5","FBDRCVM34","VMware ESX","Unmapped","0",""
"Ankara","HW001_SOL5","FBDRCVM31","VMware ESX","Unmapped","0",""
"Ankara","HW001_SOL5","FBDRCVM32","VMware ESX","Unmapped","0",""
"Ankara","HW001_SOL5","FBDRCVM46","VMware ESX","Unmapped","0",""
"Ankara","HW001_SOL5","FBDRCVM45","VMware ESX","Unmapped","0",""
"Ankara","HW001_SOL5","FBDRCVM48","VMware ESX","Unmapped","0",""
"Ankara","HW001_SOL5","FBDRCVM47","VMware ESX","Unmapped","0",""
"Ankara","HW001_SOL5","FBDRCVM39","VMware ESX","Mapped","550",""
"Ankara","HW001_SOL5","FBDRCVM35","VMware ESX","Unmapped","0",""
"Ankara","HW001_SOL5","FBDRCVM38","VMware ESX","Mapped","550",""
"Ankara","HW001_SOL5","FBDRCVM27","VMware ESX","Unmapped","0",""
"Ankara","HW001_SOL5","FBDRCVM40","VMware ESX","Mapped","550",""
"Ankara","HW001_SOL5","FBDRCVM41","VMware ESX","Mapped","550",""
"Ankara","HW001_SOL5","FBDRCVM26","VMware ESX","Unmapped","0",""
"Ankara","HW001_SOL5","FBDRCVM28","VMware ESX","Unmapped","0",""
"Ankara","HW001_SOL5","FBDRCVM29","VMware ESX","Unmapped","0",""
"Ankara","HW001_SOL5","FBDRCVM25","VMware ESX","Unmapped","0",""
"Ankara","HW001_SOL5","FBDRCESX48","VMware ESX","Mapped","550",""
"Ankara","HW001_SOL5","FBDRCESX37","VMware ESX","Mapped","550",""
"Ankara","HW001_SOL5","FBDRCESX25","VMware ESX","Mapped","550",""
"Ankara","HW001_SOL5","FBDRCESX24","VMware ESX","Mapped","550",""
"Ankara","HW001_SOL5","FBDRCESX36","VMware ESX","Mapped","550",""
"Ankara","HW001_SOL5","FBDRCESX52","VMware ESX","Mapped","550",""
"Ankara","HW001_SOL5","FBDRCESX22","VMware ESX","Mapped","550",""
"Ankara","HW001_SOL5","FBDRCESX51","VMware ESX","Mapped","550",""
"Ankara","HW001_SOL5","FBDRCESX50","VMware ESX","Mapped","550",""
"Ankara","HW001_SOL5","FBDRCESX42","VMware ESX","Mapped","550",""
"Ankara","HW001_SOL5","FBDRCESX34","VMware ESX","Mapped","550",""
"Ankara","HW001_SOL5","FBDRCESX31","VMware ESX","Mapped","550",""
"Ankara","HW001_SOL5","FBDRCESX43","VMware ESX","Mapped","550",""
"Ankara","HW001_SOL5","FBDRCESX28","VMware ESX","Mapped","550",""
"Ankara","HW001_SOL5","FBDRCESX38","VMware ESX","Mapped","550",""
"Ankara","HW001_SOL5","FBDRCESX30","VMware ESX","Mapped","550",""
"Ankara","HW001_SOL5","FBDRCESX58","VMware ESX","Mapped","550",""
"Ankara","HW001_SOL5","FBDRCESX59","VMware ESX","Mapped","550",""
"Ankara","HW001_SOL5","FBDRCESX33","VMware ESX","Mapped","550",""
"Ankara","HW001_SOL5","FBDRCESX44","VMware ESX","Mapped","550",""
"Ankara","HW001_SOL5","FBDRCESX39","VMware ESX","Mapped","550",""
"Ankara","HW001_SOL5","FBDRCESX45","VMware ESX","Mapped","550",""
"Ankara","HW001_SOL5","FBDRCESX32","VMware ESX","Mapped","550",""
"Ankara","HW001_SOL5","FBDRCESX46","VMware ESX","Mapped","550",""
"Ankara","HW001_SOL5","FBDRCESX29","VMware ESX","Mapped","550",""
"Ankara","HW001_SOL5","FBDRCESX26","VMware ESX","Mapped","550",""
"Ankara","HW001_SOL5","FBDRCESX60","VMware ESX","Mapped","550",""
"Ankara","HW001_SOL5","FBDRCESX53","VMware ESX","Mapped","550",""
"Ankara","HW001_SOL5","FBDRCESX49","VMware ESX","Mapped","550",""
"Ankara","HW001_SOL5","FBDRCESX40","VMware ESX","Mapped","550",""
"Ankara","HW001_SOL5","FBDRCESX23","VMware ESX","Mapped","550",""
"Ankara","HW001_SOL5","FBDRCESX35","VMware ESX","Mapped","550",""
"Ankara","HW001_SOL5","FBDRCESX27","VMware ESX","Mapped","550",""
"Ankara","HW001_SOL5","FBDRCESX61","VMware ESX","Mapped","550",""
"Ankara","HW001_SOL5","FBDRCESX47","VMware ESX","Mapped","550",""
"Ankara","HW001_SOL5","FBDRCESX41","VMware ESX","Mapped","550",""
"Ankara","HW001_SOL5","CBTSTRAC97","AIX","Mapped","0.03",""
"Ankara","HW001_SOL5","CBTSTRAC98","AIX","Mapped","0.03",""
"Ankara","HW001_SOL5","CBDRCLX01","VMware ESX","Mapped","20","10005ced8c552933 | 10005ced8c552939"
"Ankara","HW001_SOL5","CBDRCLX03","VMware ESX","Mapped","20","10005ced8c558927 | 10005ced8c5589b4"
"Ankara","HW001_SOL5","CBDRCLX05","VMware ESX","Mapped","20","10005ced8c55c7a2 | 10005ced8c55c7cc"
"Ankara","HW001_SOL5","CBDRCLX07","VMware ESX","Mapped","20","10005ced8c558999 | 10005ced8c5589c9"
"Ankara","HW001_SOL5","CLWDRCGENGPU1102","Linux","Unmapped","0","100070b7e420f4b4 | 100070b7e420f599"
"Ankara","HW001_SOL5","CLWTSTDEVGPU5101","Linux","Unmapped","0","100070b7e4113f36 | 100070b7e41140a5"
"Ankara","HW001_SOL5","CLWTSTDEVGPU5102","Linux","Unmapped","0","100070b7e411405a | 100070b7e41141c9"
"Ankara","HW001_SOL5","BNXEDPRDAPP51","Linux","Unmapped","0","10005ced8c552969 | 10005ced8c5589a5"
"Ankara","HW001_SOL5","SEATSTRAC52","AIX","Mapped","0.03",""
"Ankara","HW001_SOL5","SEATSTRAC51","AIX","Mapped","0.03",""
"Ankara","HW001_SOL5","SEADRCRAC01","AIX","Mapped","0.03",""
"Ankara","HW001_SOL5","SEADRCRAC02","AIX","Mapped","0.03",""
"Ankara","HW001_SOL5","GENDRCRAC01","AIX","Mapped","0.02","100000620b3e41b4 | 100000620b3e41b5 | 100000620b3e4942 | 100000620b3e4943 | 100000620b3e4cf3 | 100000620b3e4cf4 | 100000620b3e5221 | 100000620b3e5222"
"Ankara","HW001_SOL5","GENDRCRAC02","AIX","Mapped","0.02","100000620b3e231b | 100000620b3e231c | 100000620b3e482a | 100000620b3e482b | 100000620b3e4cba | 100000620b3e4cbb | 100000620b3e4d1e | 100000620b3e4d1f"
"Ankara","HW002_SOL5","ig_bnxearprdcln51","Windows","Unmapped","0",""
"Ankara","HW002_SOL5","SWTSTMGW50","AIX","Unmapped","0",""
"Ankara","HW002_SOL5","SWTSTMGW51","AIX","Unmapped","0",""
"Ankara","HW002_SOL5","ig_lsxdrcesx01","VMware ESX","Mapped","19",""
"Ankara","HW002_SOL5","ig_lsxdrcesx02","VMware ESX","Mapped","19",""
"Ankara","HW002_SOL5","ig_dadrckfk51","Linux","Unmapped","0",""
"Ankara","HW002_SOL5","ig_dadrckfk52","Linux","Unmapped","0",""
"Ankara","HW002_SOL5","ig_dadrckfk53","Linux","Unmapped","0",""
"Ankara","HW002_SOL5","ig_dadrckfk54","Linux","Unmapped","0",""
"Ankara","HW002_SOL5","ig_dadrckfk55","Linux","Unmapped","0",""
"Ankara","HW002_SOL5","ig_ebststdmz51","Linux","Unmapped","0",""
"Ankara","HW002_SOL5","ig_gendrcrac85","AIX","Mapped","0.03",""
"Ankara","HW002_SOL5","ig_gendrcrac86","AIX","Mapped","0.03",""
"Ankara","HW002_SOL5","CLWDRCGENGPU1105","Linux","Unmapped","0",""
"Ankara","HW002_SOL5","CLWDRCGENGPU1103","Linux","Unmapped","0",""
"Ankara","HW002_SOL5","ig_ffdrcdb03","Linux","Unmapped","0",""
"Ankara","HW002_SOL5","LSXPRDRAC91","Linux","Mapped","12.03",""
"Ankara","HW002_SOL5","LSXPRDRAC92","Linux","Mapped","12.03",""
"Ankara","HW002_SOL5","ig_oddrcrac01","AIX","Mapped","0.03","100000620b3e2457 | 100000620b3e2458 | 100000620b3e4378 | 100000620b3e4379 | 100000620b3e4884 | 100000620b3e4885 | 100000620b3e4999 | 100000620b3e499a"
"Ankara","HW002_SOL5","ig_oddrcrac02","AIX","Mapped","0.03","100000620b3e2433 | 100000620b3e2434 | 100000620b3e40ea | 100000620b3e40eb | 100000620b3e495a | 100000620b3e495b | 100000620b3e4d00 | 100000620b3e4d01"
"Ankara","HW002_SOL5","ig_btdrclx23","VMware ESX","Mapped","16",""
"Ankara","HW002_SOL5","ig_btdrclx22","VMware ESX","Mapped","16",""
"Ankara","HW002_SOL5","EDTSTDB51","AIX","Unmapped","0",""
"Ankara","HW002_SOL5","ig_cbdrcrac01","AIX","Mapped","0","100000620b3e1f1b | 100000620b3e1f1c | 100000620b3e1f33 | 100000620b3e1f34 | 100000620b3e1f72 | 100000620b3e1f73 | 100000620b3e49b4 | 100000620b3e49b5"
"Ankara","HW002_SOL5","ig_cbdrcrac02","AIX","Mapped","0","100000620b3e321b | 100000620b3e321c | 100000620b3e40f9 | 100000620b3e40fa | 100000620b3e41c3 | 100000620b3e41c4 | 100000620b428a72 | 100000620b428a73"
"Ankara","HW002_SOL5","ATLTSTRAC51","AIX","Mapped","2",""
"Ankara","HW002_SOL5","ATLTSTRAC52","AIX","Mapped","2",""
"Ankara","HW002_SOL5","CBPREDB91","AIX","Unmapped","0",""
"Ankara","HW002_SOL5","ccdrccln15","Windows","Unmapped","0",""
"Ankara","HW002_SOL5","ig_btdrclx03","VMware ESX","Unmapped","0",""
"Ankara","HW002_SOL5","ig_btdrclx06","VMware ESX","Unmapped","0",""
"Ankara","HW002_SOL5","ig_btdrclx09","VMware ESX","Unmapped","0",""
"Ankara","HW002_SOL5","ig_btdrclx10","VMware ESX","Mapped","430",""
"Ankara","HW002_SOL5","ig_btdrclx11","VMware ESX","Mapped","430",""
"Ankara","HW002_SOL5","ig_btdrclx12","VMware ESX","Unmapped","0","100000620b436dea | 100000620b436ded"
"Ankara","HW002_SOL5","ig_btdrclx13","VMware ESX","Unmapped","0","100000620b435a57 | 100000620b436e4e"
"Ankara","HW002_SOL5","ig_btdrclx14","VMware ESX","Unmapped","0","100000620b435afc | 100000620b435b18"
"Ankara","HW002_SOL5","ig_btdrclx15","VMware ESX","Unmapped","0","100000620b436dfc | 100000620b436e60"
"Ankara","HW002_SOL5","ig_btdrclx16","VMware ESX","Unmapped","0","100000620b435bc9 | 100000620b436e30"
"Ankara","HW002_SOL5","ig_btdrclx17","VMware ESX","Unmapped","0","100000620b435b9c | 100000620b435bae"
"Ankara","HW002_SOL5","ig_btdrclx18","VMware ESX","Unmapped","0","100000620b436ddb | 100000620b436e21"
"Ankara","HW002_SOL5","ig_btdrclx19","VMware ESX","Unmapped","0","100000620b435ac3 | 100000620b435bc3"
"Ankara","HW002_SOL5","ig_btdrclx20","VMware ESX","Unmapped","0","100000620b436dd2 | 100000620b436e4b"
"Ankara","HW002_SOL5","ig_btdrclx21","VMware ESX","Unmapped","0","100000620b435bb4 | 100000620b435bb7"
"Ankara","HW002_SOL5","ig_btdrclx24","VMware ESX","Mapped","430",""
"Ankara","HW002_SOL5","ig_btdrclx25","VMware ESX","Mapped","430",""
"Ankara","HW002_SOL5","ig_btdrclx26","VMware ESX","Mapped","430",""
"Ankara","HW002_SOL5","ig_btdrclx27","VMware ESX","Mapped","430",""
"Ankara","HW002_SOL5","ig_btdrclx28","VMware ESX","Mapped","430",""
"Ankara","HW002_SOL5","ig_btdrclx29","VMware ESX","Mapped","430",""
"Ankara","HW002_SOL5","ig_btdrclx30","VMware ESX","Mapped","430",""
"Ankara","HW002_SOL5","ig_btdrclx31","VMware ESX","Mapped","430",""
"Ankara","HW002_SOL5","ig_btdrclx32","VMware ESX","Mapped","430",""
"Ankara","HW002_SOL5","ig_btdrclx33","VMware ESX","Mapped","430",""
"Ankara","HW002_SOL5","ig_btdrclx34","VMware ESX","Mapped","430",""
"Ankara","HW002_SOL5","ig_btdrclx35","VMware ESX","Mapped","430",""
"Ankara","HW002_SOL5","ig_btdrclx36","VMware ESX","Mapped","430",""
"Ankara","HW002_SOL5","ig_btdrclx37","VMware ESX","Mapped","430",""
"Ankara","HW002_SOL5","ig_btdrclx38","VMware ESX","Mapped","430",""
"Ankara","HW002_SOL5","ig_btdrclx39","VMware ESX","Mapped","430",""
"Ankara","HW002_SOL5","ig_btdrclx40","VMware ESX","Mapped","430",""
"Ankara","HW002_SOL5","ig_btdrclx41","VMware ESX","Mapped","430",""
"Ankara","HW002_SOL5","ig_btdrclx42","VMware ESX","Mapped","430",""
"Ankara","HW002_SOL5","ig_btdrclx43","VMware ESX","Mapped","430",""
"Ankara","HW002_SOL5","ig_btdrclx44","VMware ESX","Mapped","430",""
"Ankara","HW002_SOL5","ig_btdrclx45","VMware ESX","Mapped","430",""
"Ankara","HW002_SOL5","ig_btdrclx46","VMware ESX","Mapped","430",""
"Ankara","HW002_SOL5","ig_btdrclx47","VMware ESX","Mapped","430",""
"Ankara","HW002_SOL5","ig_btdrclx48","VMware ESX","Mapped","430",""
"Ankara","HW002_SOL5","ig_btdrclx49","VMware ESX","Mapped","430",""
"Ankara","HW002_SOL5","ig_btdrclx50","VMware ESX","Mapped","430",""
"Ankara","HW002_SOL5","ig_btdrclx51","VMware ESX","Mapped","430",""
"Ankara","HW002_SOL5","ig_btdrclx52","VMware ESX","Mapped","430",""
"Ankara","HW002_SOL5","ig_btdrclx53","VMware ESX","Mapped","430",""
"Ankara","HW002_SOL5","ig_btdrclx54","VMware ESX","Mapped","430",""
"Ankara","HW002_SOL5","ig_btdrclx55","VMware ESX","Mapped","430",""
"Ankara","HW002_SOL5","ig_btdrclx56","VMware ESX","Mapped","430",""
"Ankara","HW002_SOL5","ig_btdrclx57","VMware ESX","Mapped","430",""
"Ankara","HW002_SOL5","ig_btdrclx58","VMware ESX","Mapped","430",""
"Ankara","HW002_SOL5","ig_btdrclx59","VMware ESX","Mapped","430",""
"Ankara","HW002_SOL5","ig_btdrclx60","VMware ESX","Mapped","430",""
"Ankara","HW002_SOL5","ig_btdrclx61","VMware ESX","Mapped","430",""
"Ankara","HW002_SOL5","ig_btdrclx62","VMware ESX","Mapped","430",""
"Ankara","HW002_SOL5","ig_btdrclx63","VMware ESX","Mapped","430",""
"Ankara","HW002_SOL5","ig_btdrclx64","VMware ESX","Mapped","430",""
"Ankara","HW002_SOL5","ig_btdrclx65","VMware ESX","Mapped","430",""
"Ankara","HW002_SOL5","ig_btdrclx66","VMware ESX","Mapped","430",""
"Ankara","HW002_SOL5","ig_btdrclx67","VMware ESX","Mapped","430",""
"Ankara","HW002_SOL5","ig_btdrclx68","VMware ESX","Mapped","430",""
"Ankara","HW002_SOL5","ig_btdrclx69","VMware ESX","Mapped","430",""
"Ankara","HW002_SOL5","ig_btdrclx70","VMware ESX","Mapped","430",""
"Ankara","HW002_SOL5","ig_btdrclx71","VMware ESX","Mapped","430",""
"Ankara","HW002_SOL5","ig_btdrclx72","VMware ESX","Mapped","430",""
"Ankara","HW002_SOL5","ig_btdrclx73","VMware ESX","Mapped","430",""
"Ankara","HW002_SOL5","ig_sfddrcvm01","VMware ESX","Mapped","430",""
"Ankara","HW002_SOL5","ig_sfddrcvm02","VMware ESX","Mapped","430",""
"Ankara","HW002_SOL5","ig_sfddrcvm03","VMware ESX","Mapped","430",""
"Ankara","HW002_SOL5","ig_sfddrcvm04","VMware ESX","Mapped","430",""
"Ankara","HW002_SOL5","ig_sfddrcvm05","VMware ESX","Mapped","430",""
"Ankara","HW002_SOL5","ig_sfddrcvm06","VMware ESX","Mapped","430",""
"Ankara","HW002_SOL5","ig_sfddrcvm07","VMware ESX","Mapped","430",""
"Ankara","HW002_SOL5","ig_sfddrcvm08","VMware ESX","Mapped","430",""
"Ankara","HW002_SOL5","KFTDRCRAC01","AIX","Mapped","0.03",""
"Ankara","HW002_SOL5","KFTDRCRAC02","AIX","Mapped","0.03",""
"Ankara","HW002_SOL5","OCMDRCRAC01","AIX","Mapped","0.03",""
"Ankara","HW002_SOL5","OCMDRCRAC02","AIX","Mapped","0.03",""
"Ankara","HW002_SOL5","CFRDRCRAC01","AIX","Mapped","0.03",""
"Ankara","HW002_SOL5","CFRDRCRAC02","AIX","Mapped","0.03",""
"Ankara","HW002_SOL5","ig_bnxmcmtstrac51","AIX","Mapped","2.15",""
"Ankara","HW002_SOL5","ig_bnxmcmtstrac52","AIX","Mapped","2.15",""
"Ankara","HW002_SOL5","ig_bnxsesprdcln01","Windows","Unmapped","0",""
"Ankara","HW002_SOL5","ig_esrdrccln09","Windows","Unmapped","0",""
"Ankara","HW002_SOL5","ig_bnxgsctstrac51","AIX","Mapped","4.15",""
"Ankara","HW002_SOL5","ig_bnxgsctstrac52","AIX","Mapped","4.15",""
"Ankara","HW002_SOL5","CBTSTKPS51","AIX","Unmapped","0",""
"Ankara","HW002_SOL5","ig_backupdrc5250-01","Linux","Unmapped","0",""
"Ankara","HW002_SOL5","EVADRCRAC01","AIX","Mapped","80.03",""
"Ankara","HW002_SOL5","EVADRCRAC02","AIX","Mapped","80.03",""
"Ankara","HW002_SOL5","CBTSTRAC97","AIX","Mapped","300.03",""
"Ankara","HW002_SOL5","CBTSTRAC98","AIX","Mapped","300.03",""
"Ankara","HW002_SOL5","FBDRCVM_1","VMware ESX","Mapped","547","100000620b435ba2 | 100000620b435bb1 | 100000620b435c18 | 100000620b435c27 | 100000620b435cba | 100000620b435d2a | 100000620b435d36 | 100000620b435d4b | 100000620b435d54 | 100000620b435dc0 | 100000620b435e00 | 100000620b435e09 | 100000620b435e39 | 100000620b435e45 | 100000620b435e48 | 100000620b435e7b | 100000620b435e7e | 100000620b435e93 | 100000620b435eb1 | 100000620b436e6c"
"Ankara","HW002_SOL5","FBDRCVM_2","VMware ESX","Mapped","547",""
"Ankara","HW002_SOL5","FBDRCVM_3","VMware ESX","Mapped","547",""
"Ankara","HW002_SOL5","FBDRCVM_4","VMware ESX","Mapped","547",""
"Ankara","HW002_SOL5","FBDRCVM_5","VMware ESX","Mapped","547",""
"Ankara","HW002_SOL5","CBDRCLX01","VMware ESX","Unmapped","0","10005ced8c552933 | 10005ced8c552939"
"Ankara","HW002_SOL5","CBDRCLX02","VMware ESX","Mapped","20","10005ced8c55c787 | 10005ced8c55c79f"
"Ankara","HW002_SOL5","CBDRCLX03","VMware ESX","Unmapped","0","10005ced8c558927 | 10005ced8c5589b4"
"Ankara","HW002_SOL5","CBDRCLX04","VMware ESX","Mapped","20","10005ced8c55291b | 10005ced8c55297b"
"Ankara","HW002_SOL5","CBDRCLX05","VMware ESX","Unmapped","0","10005ced8c55c7a2 | 10005ced8c55c7cc"
"Ankara","HW002_SOL5","CBDRCLX06","VMware ESX","Mapped","20","10005ced8c5589de | 10005ced8c55990c"
"Ankara","HW002_SOL5","CBDRCLX07","VMware ESX","Unmapped","0","10005ced8c558999 | 10005ced8c5589c9"
"Ankara","HW002_SOL5","CBDRCLX08","VMware ESX","Mapped","20","10005ced8c55899c | 10005ced8c5589a2"
"Ankara","HW002_SOL5","YNDRCCLN03","Windows","Unmapped","0",""
"Ankara","HW002_SOL5","ESRDRCCLN13","Windows","Unmapped","0",""
"Ankara","HW002_SOL5","ig_esrdrccln11","Windows","Unmapped","0",""
"Ankara","HW002_SOL5","ANSIBLE_TEST","Windows","Unmapped","0",""
"Ankara","HW002_SOL5","CLWTSTDEVGPU5103","Linux","Unmapped","0",""
"Ankara","HW002_SOL5","SEATSTRAC52","AIX","Mapped","0.03",""
"Ankara","HW002_SOL5","SEATSTRAC51","AIX","Mapped","0.03",""
"Ankara","HW002_SOL5","SEADRCRAC01","AIX","Mapped","0.03",""
"Ankara","HW002_SOL5","SEADRCRAC02","AIX","Mapped","0.03",""
"Ankara","HW002_SOL5","YTSDRCRES01","AIX","Unmapped","0",""
"Ankara","HW002_SOL5","FEDRCDB02","Linux","Unmapped","0",""
"Ankara","HW002_SOL5","ECMDRCRAC03","AIX","Mapped","48.15",""
"Ankara","HW002_SOL5","ECMDRCRAC04","AIX","Mapped","48.15",""
"Ankara","HW002_SOL5","GGDRCDB01","Linux","Mapped","5","100000109bddc448 | 100000109bddc55a"
"Ankara","HW002_SOL5","GGDRCDB02","Linux","Mapped","5","100000109bdd9f42 | 100000109bdd9fcc"
"Ankara","HW002_SOL5","BNXSECPOCAPP51","Linux","Unmapped","0","100000109bddc3c6 | 100000109bddc47b"
