"Lokasyon","Kabinet","Lun Group Name","Total Capacity (TB)","LUN Count"
"Istanbul","HW007","LSXPRDRAC0102","0.03","2"
"Istanbul","HW007","CBPRDESI01","4.07","6"
"Istanbul","HW007","YTSPRDDB02","13.72","31"
"Istanbul","HW007","sg_comprdcln03","0.14","2"
"Istanbul","HW007","sg_eprprdcln01","1","1"
"Istanbul","HW007","sg_kkprddb07","75","17"
"Istanbul","HW007","ESRPRDCLN09","2","2"
"Istanbul","HW007","ESRPRDCLN11","2","2"
"Istanbul","HW007","sg_clwtstgengpu1001","3.07","3"
"Istanbul","HW007","sg_clwtstgengpu1002","3.07","3"
"Istanbul","HW007","sg_kysprddb01","4.54","7"
"Istanbul","HW007","sg_genprdrac85_os","1.29","3"
"Istanbul","HW007","sg_genprdrac86_os","1.29","3"
"Istanbul","HW007","sg_genprdrac8586_data_1","144.03","38"
"Istanbul","HW007","sg_genprdrac8586_data_2","128","32"
"Istanbul","HW007","sg_genprdrac8586_log_1","128","32"
"Istanbul","HW007","sg_genprdrac8586_log_2","128","32"
"Istanbul","HW007","sg_evaprdrac0102","0.03","2"
"Istanbul","HW007","ESRPRDCLN13","2","2"
"Istanbul","HW007","INBSESCLN05","9.04","6"
"Istanbul","HW007","PSPRDDB02","2.03","8"
"Istanbul","HW007","ELKPRDDAT15","28.49","8"
"Istanbul","HW007","SWPRDGW01","1.29","3"
"Istanbul","HW007","BNXSWPRDMQ02","0.29","1"
"Istanbul","HW007","BNXSWPRDMQ01","0.29","1"
"Istanbul","HW007","BNXSWPRDMQ0102","0.5","1"
"Istanbul","HW007","TNGTSTRAC01","1.86","5"
"Istanbul","HW007","TNGTSTRAC02","1.86","5"
"Istanbul","HW007","SWPRDGW02","1.59","4"
"Istanbul","HW007","sg_bnxucmprddb04","3.49","7"
"Istanbul","HW007","SWPRDAPP02","0.59","2"
"Istanbul","HW007","SWPRDAPP01","0.59","2"
"Istanbul","HW007","SWPRDAPP0102","3.5","7"
"Istanbul","HW007","sg_cbprdgen02","2.59","6"
"Istanbul","HW007","sg_hceprdrac01","1.27","5"
"Istanbul","HW007","sg_hceprdrac02","1.27","5"
"Istanbul","HW007","sg_hceprdrac0102","2.4","11"
"Istanbul","HW007","TNGTSTRAC0102","2.09","8"
"Istanbul","HW007","CCPRDCLN15","110","16"
"Istanbul","HW007","CLESXPRDGEN01","24.56","3"
"Istanbul","HW007","YNPRDCLN04","163","23"
"Istanbul","HW007","BTPRDLX5859","16","2"
"Istanbul","HW007","sg_enxcbtstrac","0.03","2"
"Istanbul","HW007","sg_enxgentstrac","0.03","2"
"Istanbul","HW007","sg_fbprdvm","76","10"
"Istanbul","HW007","STOPRDAPP06","1","2"
"Istanbul","HW007","sg_mbprdcln05","401","52"
"Istanbul","HW007","FFPRDDB03","5.07","3"
"Istanbul","HW007","FFPRDDB0304","40.89","55"
"Istanbul","HW007","sg_bnxearprdcln01","23","5"
"Istanbul","HW007","sg_bnxearprdcln02","23","5"
"Istanbul","HW007","STOTSTAPP04","1","1"
"Istanbul","HW007","BNXGSCPRDRAC0102","0.03","2"
"Istanbul","HW007","migrationtest","0.01","1"
"Istanbul","HW007","HG_BNXMCMPRDRAC0102","0.03","2"
"Istanbul","HW007","sg_fbprdvm_vip_hm","20","2"
"Istanbul","HW005","sg_sceprddb03","0.41","2"
"Istanbul","HW005","sg_sceprddb04","0.41","2"
"Istanbul","HW005","sg_sceprddb0304","14.35","18"
"Istanbul","HW005","sg_pgmprdsimcas01","1.1","1"
"Istanbul","HW005","sg_pgmprdsimcas02","1.1","1"
"Istanbul","HW005","sg_pgmprdsimcas03","1.1","1"
"Istanbul","HW005","sg_viotstgen03","1.07","4"
"Istanbul","HW005","sg_csgenmst03","0.29","1"
"Istanbul","HW005","sg_vpsprdrac01","1.56","4"
"Istanbul","HW005","sg_vpsprdrac02","1.56","4"
"Istanbul","HW005","sg_vpsprdrac0102","13.72","36"
"Istanbul","HW005","sg_cststphi0102","0.98","2"
"Istanbul","HW005","sg_kfttstrac0102","0.03","2"
"Istanbul","HW005","sg_viotstgen03_gecici","0.29","1"
"Istanbul","HW005","sg_comprdcln04","0.14","2"
"Istanbul","HW005","sg_eprprdcln02","1","1"
"Istanbul","HW005","sg_saprddb01","3.31","23"
"Istanbul","HW005","sg_ytsprddb01","14.31","34"
"Istanbul","HW005","sg_kkprddb08","75","17"
"Istanbul","HW005","ESRPRDCLN10","2","2"
"Istanbul","HW005","ESRPRDCLN12","2","2"
"Istanbul","HW005","sg_bnxhypvprdcln0102","20","3"
"Istanbul","HW005","sg_clwprdgengpu1005","3.07","3"
"Istanbul","HW005","sg_clwprdgengpu1006","3.07","3"
"Istanbul","HW005","sg_clwprdgengpu1010","3.07","3"
"Istanbul","HW005","sg_evaprdrac01","1.27","3"
"Istanbul","HW005","sg_evaprdrac02","1.27","3"
"Istanbul","HW005","sg_genprdrac8586_vote","0.03","2"
"Istanbul","HW005","sg_evaprdrac0102","80.68","28"
"Istanbul","HW005","sg_inbsescln06","9.04","6"
"Istanbul","HW005","sg_esrprdcln14","2","2"
"Istanbul","HW005","sg_ifmprddb01","2.57","6"
"Istanbul","HW005","ELKPRDDAT14","28.49","8"
"Istanbul","HW005","sg_swprdgw01","1.79","4"
"Istanbul","HW005","BNXSWPRDMQ01","0.29","1"
"Istanbul","HW005","BNXSWPRDMQ02","0.29","1"
"Istanbul","HW005","BNXSWPRDMQ0102","0.51","2"
"Istanbul","HW005","SWPRDGW02","2.09","5"
"Istanbul","HW005","sg_ebsprdapp2122","1.02","2"
"Istanbul","HW005","sg_btprdlx","232","44"
"Istanbul","HW005","SWPRDAPP01","0.59","2"
"Istanbul","HW005","SWPRDAPP02","0.59","2"
"Istanbul","HW005","SWPRDAPP0102","3.51","8"
"Istanbul","HW005","sg_ccprdcln16","110","16"
"Istanbul","HW005","sg_swtstapp01","0.29","1"
"Istanbul","HW005","sg_swtstapp02","0.29","1"
"Istanbul","HW005","sg_swtstapp0102","0.01","1"
"Istanbul","HW005","ATMPRDHST02","101.59","20"
"Istanbul","HW005","sg_ynprdcln03","131","19"
"Istanbul","HW005","sg_sdprddb01","2.05","5"
"Istanbul","HW005","sg_mbprdcln06_arsiv","592","74"
"Istanbul","HW005","sg_mbprdcln06_data","417","54"
"Istanbul","HW005","OCMPRDDB01","0.8","2"
"Istanbul","HW005","OCMPRDDB02","0.8","2"
"Istanbul","HW005","OCMPRDDB","301.47","79"
"Istanbul","HW005","sg_bnxsesprdcln02","10.49","4"
"Istanbul","HW005","CSPRDMGT01","29.59","31"
"Istanbul","HW005","OCMPRDRAC01","1.29","3"
"Istanbul","HW005","OCMPRDRAC02","1.29","3"
"Istanbul","HW005","OCMPRDRAC","332.03","85"
"Istanbul","HW005","sg_fbprdvm_vip_hm","20","2"
"Istanbul","HW004","sg_nbuprdmst01","42.38","16"
"Istanbul","HW004","sg_cbpredb01","323.22","87"
"Istanbul","HW004","sg_odprdrac02_ig2","11","7"
"Istanbul","HW004","sg_odprdrac01_ig1","11","7"
"Istanbul","HW004","sg_ytststdb01_hm","17.07","18"
"Istanbul","HW004","sg_odprdrac_hg1","271.75","82"
"Istanbul","HW004","sg_fbhwpoc","16","4"
"Istanbul","HW004","sg_odprdrac_hg2","268.78","81"
"Istanbul","HW004","sg_aloprdkfk10","61.62","14"
"Istanbul","HW004","sg_cbprddb09_asm_1","158.25","44"
"Istanbul","HW004","sg_cbprddb09_asm_2","172","43"
"Istanbul","HW004","sg_odprdrac_snap","562.53","177"
"Istanbul","HW004","sg_lsxprdesx","14","2"
"Istanbul","HW004","sg_cbprdrac85","1.38","4"
"Istanbul","HW004","sg_cbprdrac86","1.38","4"
"Istanbul","HW004","sg_cbprdrac85_86_asm_1","28.03","9"
"Istanbul","HW004","sg_cbprdrac85_86_asm_2","24.03","8"
"Istanbul","HW004","sg_clwprdgengpu1102","3.07","3"
"Istanbul","HW004","sg_cbprdrac85_86_redo_1","0.25","4"
"Istanbul","HW004","sg_cbprdrac85_86_redo_2","0.25","4"
"Istanbul","HW004","sg_ggprddb0102","2.5","5"
"Istanbul","HW004","sg_lsxprdrac0102","0.03","2"
"Istanbul","HW004","sg_cbtstrac85_86","0.03","2"
"Istanbul","HW004","sg_cbprdarc01_hm","1074.94","296"
"Istanbul","HW004","sg_clwtstgengpu1003","3.07","3"
"Istanbul","HW004","sg_evaprdrac0102","0.03","2"
"Istanbul","HW004","CBPRDDB09","330.25","87"
"Istanbul","HW004","sg_cbprdrac0506_vote","0.03","2"
"Istanbul","HW004","sg_cbprdarc07","0.69","3"
"Istanbul","HW004","LUNGroup030_test","0","1"
"Istanbul","HW002","sg_cbtstdb07","0","0"
"Istanbul","HW002","sg_btprdlx","138","23"
"Istanbul","HW002","sg_odprdrac_hg1","0.03","2"
"Istanbul","HW002","sg_fegnlprddb01","159.93","72"
"Istanbul","HW002","sg_clesxprdgen01","20","4"
"Istanbul","HW002","sg_lsxprdesx","7","1"
"Istanbul","HW002","CBPRDRAC0506_IG2_VOTE","0.03","2"
"Istanbul","HW002","sg_daprdkfk04","12","3"
"Istanbul","HW002","sg_daprdkfk05","12","3"
"Istanbul","HW002","sg_ytststdb01_hm","17.07","18"
"Istanbul","HW002","sg_lsxprdrac01","2","1"
"Istanbul","HW002","sg_fedwhprddb01","40.49","38"
"Istanbul","HW002","sg_cbprddb09_asm_1","158.25","44"
"Istanbul","HW002","sg_cbprddb09_asm_2","172","43"
"Istanbul","HW002","sg_cbprdrac85","1.38","4"
"Istanbul","HW002","sg_cbprdrac86","1.38","4"
"Istanbul","HW002","sg_cbprdrac85_86_asm_1","28.03","9"
"Istanbul","HW002","sg_cbprdrac85_86_asm_2","24.03","8"
"Istanbul","HW002","sg_sfdprdrac13","2.15","5"
"Istanbul","HW002","sg_sfdprdrac14","1.17","3"
"Istanbul","HW002","sg_sfdprdrac13_14","328.15","85"
"Istanbul","HW002","sg_aloprdkfk13","55.66","12"
"Istanbul","HW002","sg_clwprdgengpu1103","3.07","3"
"Istanbul","HW002","sg_cbprdrac85_86_redo_1","0.25","4"
"Istanbul","HW002","sg_cbprdrac85_85_redo_2","0.25","4"
"Istanbul","HW002","sg_cbtstrac85","2","4"
"Istanbul","HW002","sg_cbtstrac86","2","4"
"Istanbul","HW002","sg_cbtstrac85_86_asm","20.03","7"
"Istanbul","HW002","sg_cbprdarc01_hm","1074.94","296"
"Istanbul","HW002","sg_lsxprdrac02","2","1"
"Istanbul","HW002","sg_lsxprdrac0102","12.03","5"
"Istanbul","HW002","sg_bsmprddb01","13.56","10"
"Istanbul","HW002","sg_cbprdarc07","0.69","3"
"Istanbul","HW002","sg_hmnprddb04","7.01","20"
"Istanbul","HW002","sg_hmnprddb05","5.84","13"
"Istanbul","HW002","sg_ecmtstrac03","2.05","5"
"Istanbul","HW002","sg_ecmtstrac04","2.05","5"
"Istanbul","HW002","sg_ecmtstrac0304","12.15","9"
"Istanbul","HW002","sg_msprdappss03","0.49","1"
"Istanbul","HW002","sg_msprdappss04","0.49","1"
"Istanbul","HW002","sg_lsxprdlx","12","2"
"Istanbul","HW002","sg_clwprdgengpu1105","3.07","3"
"Istanbul","HW002","sg_clwprdgengpu1009","3.07","3"
"Istanbul","HW002","sg_genprdrac8586_vote","0.03","2"
"Istanbul","HW002","sg_btprdlx_qpay","10","2"
"Istanbul","HW002","CBPRDDB09_SNAP","330.25","87"
"Istanbul","HW002","sg_rep_test","0.12","1"
"Istanbul","HW002","STOPRDAPP06","3","3"
"Istanbul","HW002","sg_swtstapp0102","1.5","3"
"Istanbul","HW002","sg_swtstapp5152","3","6"
"Istanbul","HW005_DE39","SFDPRDDB07","328.65","86"
"Istanbul","HW005_DE39","CFRPRDRAC0102","0.03","2"
"Istanbul","HW005_DE39","CBPRDARC05","1007.12","259"
"Istanbul","HW005_DE39","BNXMSGPRDEXC01","8","6"
"Istanbul","HW005_DE39","BNXMSGPRDEXC02","7","5"
"Istanbul","HW005_DE39","BNXMSGPRDEXC03","8","6"
"Istanbul","HW005_DE39","BNXMSGPRDEXC04","7","5"
"Istanbul","HW005_DE39","BNXMSGPRDEXC05","8","6"
"Istanbul","HW005_DE39","BNXMSGPRDEXC06","7","5"
"Istanbul","HW005_DE39","BNXMSGPRDEXC07","8","6"
"Istanbul","HW005_DE39","BNXMSGPRDEXC08","7","5"
"Istanbul","HW005_DE39","BNXMSGPRDEXC09","8","6"
"Istanbul","HW005_DE39","CBPRDLX_CIFT","20","2"
"Istanbul","HW005_DE39","BTPRDMGT01","6.45","14"
"Istanbul","HW005_DE39","DAPRDKFK12","11","11"
"Istanbul","HW005_DE39","CBPRDDB05","10.59","16"
"Istanbul","HW005_DE39","DEMPRDAPP01","5.49","6"
"Istanbul","HW005_DE39","FFTSTDB05","22","30"
"Istanbul","HW005_DE39","HKPRDDB01","8.78","21"
"Istanbul","HW005_DE39","ODIPRDDB02","7.16","23"
"Istanbul","HW005_DE39","FFPRDESX","99","9"
"Istanbul","HW001_AT32","CFRPRDRAC01","1.56","4"
"Istanbul","HW001_AT32","CFRPRDRAC02","1.56","4"
"Istanbul","HW001_AT32","CFRPRDRAC0102","104.03","28"
"Istanbul","HW001_AT32","BNXSESPRDCLN02","10.49","4"
"Istanbul","HW001_AT32","BNXSESPRDCLN01","10.49","4"
"Istanbul","HW001_AT32","ODPRDDB07","563.5","168"
"Istanbul","HW001_AT32","SnapCG0002testtt_LG","3","3"
"Istanbul","HW001_AT32","BNXMCMTSTDB01","3.07","4"
"Istanbul","HW001_AT32","FEPRDESX","70","10"
"Istanbul","HW001_AT32","BNXGSCPRDRAC01","1.27","3"
"Istanbul","HW001_AT32","BNXGSCPRDRAC02","1.27","3"
"Istanbul","HW001_AT32","BNXGSCTSTDBO01","5.27","5"
"Istanbul","HW001_AT32","BNXMSGPRDEXC01","6","1"
"Istanbul","HW001_AT32","BNXMSGPRDEXC03","6","1"
"Istanbul","HW001_AT32","BNXMSGPRDEXC05","6","1"
"Istanbul","HW001_AT32","BNXMSGPRDEXC07","6","1"
"Istanbul","HW001_AT32","BNXMSGPRDEXC09","6","1"
"Istanbul","HW001_AT32","BNXMSGPRDEXC02","7","2"
"Istanbul","HW001_AT32","BNXMSGPRDEXC04","7","2"
"Istanbul","HW001_AT32","BNXMSGPRDEXC06","7","2"
"Istanbul","HW001_AT32","BNXMSGPRDEXC08","7","2"
"Istanbul","HW001_AT32","EFKEPPRDESX","54","7"
"Istanbul","HW001_AT32","BNXGSCPRDRAC0102","6.03","5"
"Istanbul","HW001_AT32","CBPRDLX_TEK","20","2"
"Istanbul","HW001_AT32","BNXMCMPRDRAC0102","4.03","4"
"Istanbul","HW001_AT32","BNXDTLPRDDB01","2.73","6"
"Istanbul","HW001_AT32","CBTSTGEN02","1.07","3"
"Istanbul","HW001_AT32","FBPRDESX_VDIHORIZON","30","6"
"Istanbul","HW001_AT32","NBUPRDMST02","0","0"
"Istanbul","HW001_AT32","sg_scetstapp05","0.71","3"
"Istanbul","HW001_AT32","BNXEDPRDAPP01","12","3"
"Istanbul","HW001_AT32","HCETSTRAC0102","1.51","8"
"Istanbul","HW001_AT32","HCETSTRAC01","1.56","4"
"Istanbul","HW001_AT32","HCETSTRAC02","1.56","4"
"Istanbul","HW001_AT32","UCMPRDDB03","3.29","7"
"Istanbul","HW001_AT32","SGXLINTSTRAC01","0.49","1"
"Istanbul","HW001_AT32","LSXLSNTSTRAC01","0.55","4"
"Istanbul","HW001_AT32","LSXLSNTSTRAC02","0.55","4"
"Istanbul","HW001_AT32","ODITSTDB02","2.57","6"
"Istanbul","HW001_AT32","IDMPRDRAC_VOTE","0.03","2"
"Istanbul","HW001_AT32","DAPRDKFK10","11","11"
"Istanbul","HW001_AT32","VPSPRDRAC_VOTE","0.03","2"
"Istanbul","HW001_AT32","ODTSTDB01","10.05","13"
"Istanbul","HW001_AT32","EBSTSTDB21","47","47"
"Istanbul","HW001_AT32","EBSTSTAPP21","3.5","7"
"Istanbul","HW001_AT32","EBSTSTDMZ21","3","6"
"Istanbul","HW001_AT32","HCEPRDRAC0102","0.03","2"
"Istanbul","HW001_AT32","OCMPRDRAC_VOTE","0.03","2"
"Istanbul","HW001_AT32","EDTSTDB01","3.03","7"
"Istanbul","HW005_AT37","sg_cbprdrac0506_asm_hg1_pg6","92","23"
"Istanbul","HW005_AT37","sg_cbprdrac0506_redo_hg1_pg6","0","0"
"Istanbul","HW005_AT37","sg_cbprdrac0506_asm_hg1_pg7","92","23"
"Istanbul","HW005_AT37","sg_cbprdrac0506_redo_hg1_pg7","0","0"
"Istanbul","HW005_AT37","sg_cbprdrac0506_asm_hg2_pg8","92","23"
"Istanbul","HW005_AT37","sg_cbprdrac0506_redo_hg2_pg8","0","0"
"Istanbul","HW005_AT37","sg_cbprdrac0506_asm_hg2_pg9","92","23"
"Istanbul","HW005_AT37","sg_cbprdrac0506_redo_hg2_pg9","0","0"
"Istanbul","HW005_AT37","sg_cbprdrac05_os_ig1_pg6","1.5","3"
"Istanbul","HW005_AT37","sg_cbprdrac06_os_ig2_pg9","1.5","3"
"Istanbul","HW005_AT37","sg_cbprdrac0506_os_shared_hg1_pg7","0.03","2"
"Istanbul","HW005_AT37","CFRPRDRAC0102","0.03","2"
"Istanbul","HW005_AT37","BTPRDMGT07","1.56","4"
"Istanbul","HW005_AT37","BNXEARPRDCLN02","23","5"
"Istanbul","HW005_AT37","ALMPRDCLN02","15","3"
"Istanbul","HW005_AT37","BNXGSCPRDRAC0102","0.03","2"
"Istanbul","HW005_AT37","FBPRDESX_TELECOM","85","17"
"Istanbul","HW005_AT37","FBPRDVM_GENEL","314","60"
"Istanbul","HW005_AT37","sg_scetstapp02","0.71","3"
"Istanbul","HW005_AT37","BNXEDPRDAPP02","0.01","3"
"Istanbul","HW005_AT37","SGXLINTSTRAC02","0.49","1"
"Istanbul","HW005_AT37","sg_bnxmcmprdrac0102","0.03","2"
"Istanbul","HW005_AT37","IDMPRDRAC_VOTE","0.03","2"
"Istanbul","HW005_AT37","DAPRDKFK11","11","11"
"Istanbul","HW005_AT37","VPSPRDRAC_VOTE","0.03","2"
"Istanbul","HW005_AT37","HCEPRDRAC0102","0.03","2"
"Istanbul","HW005_AT37","OCMPRDRAC_VOTE","0.03","2"
"IBTech","HW005_IBT","IBTPRDESX","83","11"
"Ankara","HW001","TNGDRCRAC0102","0.03","2"
"Ankara","HW001","CLESXDRCGEN","22","4"
"Ankara","HW001","SNAP_DEST","0","0"
"Ankara","HW001","FRADRCCLN05","7.59","3"
"Ankara","HW001","CTMDRCDB01","75.34","79"
"Ankara","HW001","sg_ecmtstrac03","2.05","5"
"Ankara","HW001","PGMTSTRAC9192","8.09","8"
"Ankara","HW001","FBDRCVM","0","0"
"Ankara","HW001","sg_ecmtstrac04","2.05","5"
"Ankara","HW001","CBDEVDB91","22.88","9"
"Ankara","HW001","KYSTSTDB91","4.59","4"
"Ankara","HW001","NBUDRCMST02","15","15"
"Ankara","HW001","FFDRCESX","10","2"
"Ankara","HW001","ELKDRCDAT01","2","1"
"Ankara","HW001","ELKDRCDAT02","2","1"
"Ankara","HW001","ELKDRCDAT03","2","1"
"Ankara","HW001","ELKDRCDAT04","2","1"
"Ankara","HW001","CBTSTRAC9596","20.09","11"
"Ankara","HW001","sg_ecmtstrac0304","12.15","9"
"Ankara","HW001","GENDRCRAC85_86_LOG_1","128","32"
"Ankara","HW001","CBTSTRAC95","1.59","3"
"Ankara","HW001","CBTSTRAC96","1.59","3"
"Ankara","HW001","FBDRCESX21_HM","21.48","20"
"Ankara","HW001","KMPDRCDB02","7.01","4"
"Ankara","HW001","KMPDRCDB03","7.01","4"
"Ankara","HW001","HM_YTSDRCDB01","15.33","15"
"Ankara","HW001","ATMDRCHST02","103.6","20"
"Ankara","HW001","HM_CBDRCARC","954.59","242"
"Ankara","HW001","GENDRCRAC01","3.52","8"
"Ankara","HW001","GENDRCRAC02","3.52","8"
"Ankara","HW001","GENDRCRAC0102_01","212.02","54"
"Ankara","HW001","GENDRCRAC0102_02","212.5","54"
"Ankara","HW001","MSGSDRCEXC11","7","2"
"Ankara","HW001","MSGSDRCEXC12","4.25","3"
"Ankara","HW001","MSGSDRCEXC13","9","3"
"Ankara","HW001","MSGSDRCEXC14","2.25","2"
"Ankara","HW001","MSGSDRCEXC15","11","4"
"Ankara","HW001","MSGSDRCEXC16","4.25","3"
"Ankara","HW001","MSGSDRCEXC17","10","3"
"Ankara","HW001","CBDRCRAC85","1.56","4"
"Ankara","HW001","CBDRCRAC86","1.56","4"
"Ankara","HW001","CBDRCRAC85_86_ASM_1","28.03","9"
"Ankara","HW001","CBDRCRAC85_86_ASM_2","24.03","8"
"Ankara","HW001","CLDRCGENGPU1001","3.07","3"
"Ankara","HW001","ALMDRCCLN01","2","1"
"Ankara","HW001","CBPREDB91","319.09","83"
"Ankara","HW001","VPSTSTRAC5152","1.65","6"
"Ankara","HW001","HCETSTRAC5152","1.69","6"
"Ankara","HW001","LSXDRCRAC9192","0.03","2"
"Ankara","HW001","CBTSTRAC9192","0.03","2"
"Ankara","HW001","BNXSWTSTMQ5152","0.5","2"
"Ankara","HW001","GENDRCRAC85","1.76","4"
"Ankara","HW001","GENDRCRAC86","1.76","4"
"Ankara","HW001","SWDRCAPP01","1.12","5"
"Ankara","HW001","SWDRCGW01","0.62","4"
"Ankara","HW001","GENDRCRAC85_86_ASM_1","136.02","35"
"Ankara","HW001","GENDRCRAC85_86_ASM_2","136.02","35"
"Ankara","HW001","SFDTSTRAC53","0.49","1"
"Ankara","HW001","SFDTSTRAC54","0.49","1"
"Ankara","HW001","SFDTSTRAC5354","2.1","7"
"Ankara","HW001","HCETSTRAC51","0.29","1"
"Ankara","HW001","HCETSTRAC52","0.29","1"
"Ankara","HW001","SDTSTDB52","1.56","4"
"Ankara","HW001","BNXSWDRCMQ01","0.29","1"
"Ankara","HW001","BNXSWDRCMQ02","0.29","1"
"Ankara","HW001","VPSTSTRAC51","1.07","3"
"Ankara","HW001","VPSTSTRAC52","1.07","3"
"Ankara","HW001","BNXSWPRDMQ5152","0.51","2"
"Ankara","HW001","SFDDRCRAC0304","0.05","1"
"Ankara","HW001","ODDRCRAC01_OS","12.59","14"
"Ankara","HW001","ODDRCRAC02_OS","12.59","14"
"Ankara","HW001","ODDRCRAC0102_1","280.78","84"
"Ankara","HW001","ODDRCRAC0102_2","283.75","85"
"Ankara","HW001","sg_rep_test","0.12","1"
"Ankara","HW001","STOPRDAPP06","3","3"
"Ankara","HW001","GENDRCRAC85_86_LOG_2","128","32"
"Ankara","HW001","sg_swtstapp5152","1.5","3"
"Ankara","HW001","EVADRCRAC0102","0.35","5"
"Ankara","HW001","SWTSTAPP5152_MIRROR","1.5","3"
"Ankara","HW005","TNGDRCRAC01","1.56","4"
"Ankara","HW005","TNGDRCRAC02","1.56","4"
"Ankara","HW005","OCMDRCRAC_VOTE","0.03","2"
"Ankara","HW005","KFTDRCRAC_VOTE","0.03","2"
"Ankara","HW005","TNGDRCRAC0102","8.03","4"
"Ankara","HW005","CCDRCCLN11","12.49","8"
"Ankara","HW005","MBEDRCCLN04_SQL","592","76"
"Ankara","HW005","CFRDRCRAC_VOTE","0.03","2"
"Ankara","HW005","cbdrcres_snap_target","3.32","4"
"Ankara","HW005","SWTSTAPP5152_FS","1.51","4"
"Ankara","HW005","EVADRCRAC0102","0.35","5"
"Ankara","HW005","CBTSTRAC9798","0.03","2"
"Ankara","HW005","EVATSTRAC92","1.59","4"
"Ankara","HW005","EVATSTRAC91","1.59","4"
"Ankara","HW005","HM_YTSDRCDB01","15.33","15"
"Ankara","HW005","HSTDRCDB03","158.6","24"
"Ankara","HW005","deneme_fbdrcesx56","0","1"
"Ankara","HW005","HM_CBDRCARC","954.59","242"
"Ankara","HW005","EVATSTRAC9192","20.09","11"
"Ankara","HW005","KFTTSTRAC91","1.59","3"
"Ankara","HW005","GENDRCRAC01","3.52","8"
"Ankara","HW005","GENDRCRAC02","3.52","8"
"Ankara","HW005","GENDRCRAC0102_01","212.02","54"
"Ankara","HW005","GENDRCRAC0102_02","212.5","54"
"Ankara","HW005","MSGSDRCEXC11","6.25","4"
"Ankara","HW005","MSGSDRCEXC12","9","3"
"Ankara","HW005","MSGSDRCEXC13","4.25","3"
"Ankara","HW005","MSGSDRCEXC14","11","4"
"Ankara","HW005","MSGSDRCEXC15","4.25","3"
"Ankara","HW005","MSGSDRCEXC16","9","3"
"Ankara","HW005","MSGSDRCEXC17","4.25","3"
"Ankara","HW005","SFDDRCRAC0102","16.06","11"
"Ankara","HW005","SFDDRCRAC0304","328.2","86"
"Ankara","HW005","CBDRCRAC85","1.27","3"
"Ankara","HW005","CBDRCRAC86","1.27","3"
"Ankara","HW005","CBDRCRAC85_86_ASM_1","28.03","9"
"Ankara","HW005","CBDRCRAC85_86_ASM_2","24.03","8"
"Ankara","HW005","CLWDRCGENGPU1002","3.07","3"
"Ankara","HW005","SEADRCRAC01","1.19","4"
"Ankara","HW005","SEADRCRAC02","1.19","4"
"Ankara","HW005","SEADRCRAC0102","160.03","82"
"Ankara","HW005","MBEDRCCLN04_TEMP","264","33"
"Ankara","HW005","MBDRCCLN05_TEMP","352","44"
"Ankara","HW005","KFTTSTRAC92","1.59","3"
"Ankara","HW005","TNGTSTRAC91","1.59","3"
"Ankara","HW005","TNGTSTRAC92","1.59","3"
"Ankara","HW005","GENTSTRAC91","2.59","3"
"Ankara","HW005","GENTSTRAC92","2.59","3"
"Ankara","HW005","GENTSTRAC9192","160.09","46"
"Ankara","HW005","KFTTSTRAC","4.09","8"
"Ankara","HW005","TNGTSTRAC9192","2.09","7"
"Ankara","HW005","SEATSTRAC51","1.07","3"
"Ankara","HW005","SEATSTRAC52","1.07","3"
"Ankara","HW005","SEATSTRAC5152","4.03","4"
"Ankara","HW005","IDMTSTRAC5152","1.65","6"
"Ankara","HW005","VPSTSTRAC5354","0.65","4"
"Ankara","HW005","ECMTSTRAC5354_ASM_","11.15","12"
"Ankara","HW005","FEDRCVM050607","8","2"
"Ankara","HW005","LSXPRDRAC9192","0.03","2"
"Ankara","HW005","LSXPRDRAC91","2","1"
"Ankara","HW005","LSXPRDRAC92","2","1"
"Ankara","HW005","CBTSTRAC9192","0.06","4"
"Ankara","HW005","fbdrcvm454647","0.78","4"
"Ankara","HW005","CBDRCRES01","82.96","34"
"Ankara","HW005","CBDRCGEN01","0.88","3"
"Ankara","HW005","KYSDRCDB01","6.98","12"
"Ankara","HW005","ODTSTDB91","21.57","9"
"Ankara","HW005","GENDRCRAC8586_VOTE","0.03","2"
"Ankara","HW005","EBSDRCDMZ21","0.75","2"
"Ankara","HW005","EBSDRCAPP21","0.75","2"
"Ankara","HW005","YNDRCCLN03","315","37"
"Ankara","HW005","COMDRCCLN03","0.14","2"
"Ankara","HW005","YTSTSTDB51","4.29","5"
"Ankara","HW005","ODITSTDB52","2.54","6"
"Ankara","HW005","SCEDRCAPP02","0.68","3"
"Ankara","HW005","SCEDRCDB01","15.88","18"
"Ankara","HW005","CSDRCANS01","0.68","3"
"Ankara","HW005","VDIDRCVM","16","4"
"Ankara","HW005","VPSDRCRAC01","1.09","3"
"Ankara","HW005","VPSDRCRAC02","1.09","3"
"Ankara","HW005","VPSDRCRAC0102","16.15","7"
"Ankara","HW005","IFMTSTDB51","2.54","6"
"Ankara","HW005","EBSDRCDB21","12.14","12"
"Ankara","HW005","CBTSTRAC91","0.98","2"
"Ankara","HW005","CBTSTRAC92","0.98","2"
"Ankara","HW005","ODDRCRAC0102_VOTE","0.03","2"
"Ankara","HW005","CBDRCRES01_SNAP_SOURCE","3.32","4"
"Ankara","HW001_SOL5","KFTDRCRAC01","2.09","5"
"Ankara","HW001_SOL5","KFTDRCRAC02","2.09","5"
"Ankara","HW001_SOL5","CFRDRCRAC02","2.09","5"
"Ankara","HW001_SOL5","CFRDRCRAC01","2.09","5"
"Ankara","HW001_SOL5","OCMDRCRAC01","2.09","5"
"Ankara","HW001_SOL5","OCMDRCRAC02","2.09","5"
"Ankara","HW001_SOL5","OCMDRCRAC","304.03","40"
"Ankara","HW001_SOL5","KFTDRCRAC","8.03","6"
"Ankara","HW001_SOL5","CFRDRCRAC","56.03","16"
"Ankara","HW001_SOL5","BTDRCMGT01","7.17","10"
"Ankara","HW001_SOL5","sg_lsxdrcesx","7","1"
"Ankara","HW001_SOL5","BNXCBSPOCAPP51","15","3"
"Ankara","HW001_SOL5","BNXCBSPOCAPP52","15","3"
"Ankara","HW001_SOL5","BNXCBSPOCAPP53","15","3"
"Ankara","HW001_SOL5","BNXCBSPOCAPP54","15","3"
"Ankara","HW001_SOL5","ALODRCKFK51","62","16"
"Ankara","HW001_SOL5","ALODRCKFK52","62","16"
"Ankara","HW001_SOL5","ALODRCKFK53","62","16"
"Ankara","HW001_SOL5","ALODRCKFK54","62","16"
"Ankara","HW001_SOL5","ALODRCKFK55","62","16"
"Ankara","HW001_SOL5","ALODRCKFK56","62","16"
"Ankara","HW001_SOL5","ALODRCKFK57","62","16"
"Ankara","HW001_SOL5","ALODRCKFK58","62","16"
"Ankara","HW001_SOL5","ALODRCKFK59","62","16"
"Ankara","HW001_SOL5","CLESXDRCGEN0201-0206","31","6"
"Ankara","HW001_SOL5","ALODRCKFK60","62","16"
"Ankara","HW001_SOL5","sg_clwdrcgengpu1101","3.07","3"
"Ankara","HW001_SOL5","SFDDRCRAC0304","0.1","2"
"Ankara","HW001_SOL5","LSXPRDRAC9192","0.03","2"
"Ankara","HW001_SOL5","HCEDRCDB01","3.09","7"
"Ankara","HW001_SOL5","sg_LSXDRXLX","12","2"
"Ankara","HW001_SOL5","CBTSTRAC9192_REFRESH_","328","82"
"Ankara","HW001_SOL5","EFKEPDRCVM0102","63","9"
"Ankara","HW001_SOL5","CSDRCMGT01","20.59","12"
"Ankara","HW001_SOL5","SIMDRCESX0102","110","10"
"Ankara","HW001_SOL5","FBDRCVM_GENEL","550","85"
"Ankara","HW001_SOL5","CBTSTRAC97","1.56","4"
"Ankara","HW001_SOL5","CBTSTRAC978","1.56","4"
"Ankara","HW001_SOL5","CBTSTRAC9798","0.03","2"
"Ankara","HW001_SOL5","CBDRCLX","20","2"
"Ankara","HW001_SOL5","CLWDRCGENGPU1102","3.07","3"
"Ankara","HW001_SOL5","CLWTSTDEVGPU5101","3.07","3"
"Ankara","HW001_SOL5","CLWTSTDEVGPU5102","3.07","3"
"Ankara","HW001_SOL5","BNXEDPRDAPP51","12","3"
"Ankara","HW001_SOL5","SEATSTRAC5152","0.03","2"
"Ankara","HW001_SOL5","SEADRCRAC_VOTE","0.03","2"
"Ankara","HW001_SOL5","GENDRCRAC0102_VOTE","0.02","1"
"Ankara","HW002_SOL5","sg_bnxearprdcln51","23","5"
"Ankara","HW002_SOL5","sg_btdrclx","430","43"
"Ankara","HW002_SOL5","OCMDRCRAC_VOTE","0.03","2"
"Ankara","HW002_SOL5","KFTDRCRAC_VOTE","0.03","2"
"Ankara","HW002_SOL5","CFRDRCRAC_VOTE","0.03","2"
"Ankara","HW002_SOL5","sg_bnxmcmtstrac51","0.78","2"
"Ankara","HW002_SOL5","sg_lsxdrcesx","19","3"
"Ankara","HW002_SOL5","sg_dadrckfk51","12","3"
"Ankara","HW002_SOL5","sg_dadrckfk52","12","3"
"Ankara","HW002_SOL5","sg_dadrckfk53","12","3"
"Ankara","HW002_SOL5","sg_dadrckfk54","12","3"
"Ankara","HW002_SOL5","sg_dadrckfk55","12","3"
"Ankara","HW002_SOL5","sg_gendrcrac8586_vote","0.03","2"
"Ankara","HW002_SOL5","sg_clwdrcgengpu1105","3.07","3"
"Ankara","HW002_SOL5","sg_clwdrcgengpu1103","3.07","3"
"Ankara","HW002_SOL5","sg_ffdrcdb03","22.19","30"
"Ankara","HW002_SOL5","LSXPRDRAC9192","12.03","5"
"Ankara","HW002_SOL5","LSXPRDRAC91","2","1"
"Ankara","HW002_SOL5","LSXPRDRAC92","2","1"
"Ankara","HW002_SOL5","sg_oddrcrac0102_vote","0.03","2"
"Ankara","HW002_SOL5","sg_btdrclx22_23","16","2"
"Ankara","HW002_SOL5","sg_cbdrcrac_refresh_gecici","320","80"
"Ankara","HW002_SOL5","ATLTSTRAC","2","1"
"Ankara","HW002_SOL5","sg_ccdrccln15","139","20"
"Ankara","HW002_SOL5","sg_bnxmcmtstrac52","0.78","2"
"Ankara","HW002_SOL5","sg_bnxmcmtstrac5152","2.15","4"
"Ankara","HW002_SOL5","sg_bnxsesprdcln51","10.49","4"
"Ankara","HW002_SOL5","sg_esrdrccln09","2","2"
"Ankara","HW002_SOL5","sg_bnxgsctstrac51","0.79","3"
"Ankara","HW002_SOL5","sg_bnxgsctstrac52","0.79","3"
"Ankara","HW002_SOL5","sg_bnxgsctstrac5152","4.15","5"
"Ankara","HW002_SOL5","CBTSTKPS51","0.78","2"
"Ankara","HW002_SOL5","sg_backupdrc5250-01","0.49","1"
"Ankara","HW002_SOL5","EVADRCRAC0102","80.03","22"
"Ankara","HW002_SOL5","CBTSTRAC9798","300.03","77"
"Ankara","HW002_SOL5","ANSIBLE_TEST","4.14","13"
"Ankara","HW002_SOL5","FBDRCVM","547","74"
"Ankara","HW002_SOL5","CBDRCLX","20","2"
"Ankara","HW002_SOL5","YNDRCCLN03","331","39"
"Ankara","HW002_SOL5","deneme_fbdrcesx53","0","1"
"Ankara","HW002_SOL5","deneme_fbdrcesx55","0","1"
"Ankara","HW002_SOL5","sg_esrdrccln13","2","2"
"Ankara","HW002_SOL5","sg_esrdrccln11","2","2"
"Ankara","HW002_SOL5","CLWTSTDEVGPU5103","3.07","3"
"Ankara","HW002_SOL5","sg_seatstrac5152","0.03","2"
"Ankara","HW002_SOL5","SEADRCRAC_VOTE","0.03","2"
"Ankara","HW002_SOL5","YTSDRCRES01","0.01","1"
"Ankara","HW002_SOL5","dummy","0","1"
"Ankara","HW002_SOL5","FEDRCDB02","92.99","79"
"Ankara","HW002_SOL5","ECMDRCRAC0304","48.15","51"
"Ankara","HW002_SOL5","GGDRCDB0102","5","4"
"Ankara","HW002_SOL5","BNXSECPOCAPP51","15","3"